user_id,country,topic_category,account_created_date,followers_count,following_count,likes_count,shares_count,posts_count,verified
1001,USA,tech,01-01-1900,80299,1028,1337,251,516,TRUE
1002,USA,tech,01-01-1900,1111,4658,947,50,857,FALSE
1003,Germany,politics,01-01-1900,21733,2524,52,405,142,FALSE
1006,Germany,finance,01-01-1900,42405,4455,628,217,92,FALSE
1008,USA,politics,01-01-1900,94515,1535,1007,92,337,FALSE
1009,Germany,Unknown,01-01-1900,19075,2524,887,270,3,TRUE
1013,Canada,finance,01-01-1900,54958,2524,1023,251,950,TRUE
1014,Unknown,tech,01-01-1900,52495,1841,1983,222,293,TRUE
1015,Canada,tech,01-01-1900,24523,3071,1146,207,494,FALSE
1019,UK,politics,01-01-1900,67034,4919,920,156,554,TRUE
1020,Canada,tech,01-01-1900,32239,1807,1459,88,495,TRUE
1022,USA,tech,01-01-1900,27313,2524,443,86,800,FALSE
1026,Canada,politics,01-01-1900,70827,2389,851,5,106,TRUE
1028,UK,Unknown,01-01-1900,18989,391,1911,274,702,FALSE
1029,India,sports,01-01-1900,19069,1855,1823,285,680,TRUE
1033,UK,politics,01-01-1900,66312,502,1792,271,554,FALSE
1034,Germany,Unknown,01-01-1900,7120,4693,1132,17,783,TRUE
1035,India,finance,01-01-1900,96637,2524,1916,304,495,TRUE
1038,UK,sports,01-01-1900,92287,354,107,139,831,TRUE
1039,UK,tech,01-01-1900,91819,892,845,266,956,FALSE
1040,USA,finance,01-01-1900,21381,4511,1352,28,381,FALSE
1042,Germany,politics,01-01-1900,6187,4158,1746,104,364,FALSE
1045,UK,tech,01-01-1900,36841,4474,1064,382,640,FALSE
1046,USA,finance,01-01-1900,32901,3838,1334,234,889,FALSE
1051,Germany,finance,01-01-1900,6501,3280,411,230,683,TRUE
1053,Canada,finance,01-01-1900,23832,4465,1148,269,400,FALSE
1054,Germany,finance,01-01-1900,45304,2404,1091,46,975,FALSE
1058,USA,tech,01-01-1900,70888,2663,659,47,302,FALSE
1068,Germany,politics,01-01-1900,77781,3307,1832,333,82,FALSE
1069,UK,finance,01-01-1900,88675,200,984,294,210,TRUE
1071,USA,tech,01-01-1900,25649,2897,1477,251,950,FALSE
1073,USA,tech,01-01-1900,49673,1894,1155,249,489,TRUE
1076,Canada,finance,01-01-1900,60041,4825,959,266,669,FALSE
1078,India,finance,01-01-1900,52205,1366,899,236,878,TRUE
1084,India,tech,01-01-1900,18781,4774,983,426,892,TRUE
1091,UK,tech,01-01-1900,6840,4454,1021,251,199,FALSE
1092,UK,sports,01-01-1900,927,225,726,368,319,FALSE
1094,UK,finance,01-01-1900,93589,2094,9,458,999,FALSE
1097,USA,sports,01-01-1900,25865,664,395,47,395,FALSE
1098,Germany,politics,01-01-1900,96984,4854,1960,199,497,TRUE
1099,Germany,finance,01-01-1900,81773,3708,1338,407,681,TRUE
1100,USA,tech,01-01-1900,83498,4787,983,252,136,FALSE
1102,India,sports,01-01-1900,87917,3263,1981,18,430,TRUE
1103,India,politics,01-01-1900,65559,2622,1100,200,916,TRUE
1105,UK,finance,01-01-1900,9074,969,1355,249,751,TRUE
1107,USA,sports,01-01-1900,94809,2989,1470,234,435,FALSE
1112,USA,sports,01-01-1900,66428,4607,538,426,301,TRUE
1114,India,politics,01-01-1900,35401,107,1642,167,150,TRUE
1115,UK,sports,01-01-1900,39268,2650,753,25,841,FALSE
1117,UK,finance,01-01-1900,1861,3413,516,148,309,TRUE
1119,India,sports,01-01-1900,13887,1241,1549,251,56,TRUE
1124,USA,politics,01-01-1900,62860,1370,1013,196,690,TRUE
1131,UK,tech,01-01-1900,84982,666,1612,45,616,TRUE
1133,USA,tech,01-01-1900,87610,4253,1206,443,906,TRUE
1134,India,Unknown,01-01-1900,76023,177,1729,108,303,TRUE
1138,Germany,finance,01-01-1900,28133,1305,260,498,620,TRUE
1140,Canada,tech,01-01-1900,1319,4614,1552,126,401,TRUE
1142,Canada,finance,01-01-1900,88045,898,1486,169,583,FALSE
1144,India,tech,01-01-1900,53267,798,918,361,145,TRUE
1145,USA,politics,01-01-1900,23779,2524,412,222,660,FALSE
1146,Germany,politics,01-01-1900,24539,2524,983,141,43,TRUE
1148,Germany,Unknown,01-01-1900,99892,1621,1417,325,45,TRUE
1150,USA,sports,01-01-1900,99527,4792,1530,459,49,TRUE
1159,UK,sports,01-01-1900,89775,463,1922,69,495,FALSE
1160,UK,finance,01-01-1900,20438,3879,907,251,864,TRUE
1162,Germany,tech,01-01-1900,12361,4842,1174,49,668,FALSE
1163,USA,tech,01-01-1900,34093,2524,82,117,502,TRUE
1164,UK,finance,01-01-1900,5253,4483,559,487,686,TRUE
1167,Canada,politics,01-01-1900,51224,2524,148,281,861,TRUE
1170,UK,finance,01-01-1900,74927,738,1075,439,840,FALSE
1172,UK,sports,01-01-1900,82665,283,1945,429,226,TRUE
1174,UK,sports,01-01-1900,25285,4763,1189,254,679,FALSE
1175,India,finance,01-01-1900,55441,248,692,251,433,TRUE
1179,USA,tech,01-01-1900,83430,1750,949,149,115,TRUE
1180,USA,finance,01-01-1900,88093,4729,1064,492,983,TRUE
1182,India,sports,01-01-1900,56454,1206,587,383,430,FALSE
1183,Canada,finance,01-01-1900,54871,2192,571,135,630,FALSE
1185,USA,finance,01-01-1900,50638,2524,1541,210,479,TRUE
1186,USA,sports,01-01-1900,85377,2524,1025,186,255,TRUE
1189,Germany,tech,01-01-1900,90628,2539,714,417,635,FALSE
1192,Germany,finance,01-01-1900,22217,1737,947,175,576,FALSE
1194,Unknown,finance,01-01-1900,39812,1657,1851,380,354,TRUE
1195,India,sports,01-01-1900,81759,4223,1297,17,394,TRUE
1196,Canada,sports,01-01-1900,9306,3357,432,444,945,TRUE
1200,Germany,finance,01-01-1900,12420,884,1513,381,178,FALSE
1201,USA,tech,01-01-1900,42641,2976,1131,277,548,FALSE
1206,India,sports,01-01-1900,35434,3221,598,486,17,TRUE
1207,UK,Unknown,01-01-1900,57676,4991,198,261,914,FALSE
1209,India,sports,01-01-1900,87136,4634,1271,340,861,FALSE
1211,USA,finance,01-01-1900,34585,3497,1921,350,373,TRUE
1212,Germany,finance,01-01-1900,38188,4462,1420,493,493,TRUE
1214,India,politics,01-01-1900,67247,3112,322,317,883,TRUE
1216,UK,politics,01-01-1900,77689,3950,608,269,731,FALSE
1217,Canada,tech,01-01-1900,14391,290,623,168,906,TRUE
1219,UK,tech,01-01-1900,24939,2104,800,10,800,FALSE
1220,UK,sports,01-01-1900,95773,3538,477,399,242,FALSE
1224,Canada,politics,01-01-1900,55290,568,242,349,903,TRUE
1228,UK,politics,01-01-1900,80908,4632,1021,468,756,TRUE
1232,Canada,sports,01-01-1900,18523,4839,979,86,407,TRUE
1235,USA,finance,01-01-1900,88574,1578,1694,111,819,FALSE
1237,Germany,sports,01-01-1900,71998,2540,1653,425,652,FALSE
1241,USA,politics,01-01-1900,49673,4144,1773,302,999,FALSE
1242,India,politics,01-01-1900,25372,570,569,442,495,TRUE
1245,India,finance,01-01-1900,84064,3755,1035,271,59,TRUE
1247,Germany,tech,01-01-1900,98604,131,1157,41,21,FALSE
1248,Germany,finance,01-01-1900,27194,4012,95,109,83,TRUE
1253,USA,Unknown,01-01-1900,93791,843,956,75,630,TRUE
1255,Germany,politics,01-01-1900,65801,4438,717,477,623,TRUE
1256,India,tech,01-01-1900,85231,3982,1507,206,927,TRUE
1262,Germany,finance,01-01-1900,10027,248,625,177,439,FALSE
1264,USA,finance,01-01-1900,49673,1731,241,159,269,FALSE
1267,Canada,finance,01-01-1900,22109,341,39,190,786,FALSE
1274,UK,tech,01-01-1900,15034,3503,1524,260,495,TRUE
1275,Canada,finance,01-01-1900,84741,2739,1471,95,753,FALSE
1276,India,finance,01-01-1900,68418,1430,256,361,490,FALSE
1277,USA,tech,01-01-1900,72818,2832,1659,299,649,FALSE
1279,Germany,politics,01-01-1900,77039,3249,850,221,687,TRUE
1281,USA,sports,01-01-1900,72807,4590,474,485,189,TRUE
1286,USA,tech,01-01-1900,27120,1560,767,251,894,TRUE
1287,Canada,tech,01-01-1900,66908,2249,1399,47,372,FALSE
1288,UK,finance,01-01-1900,48595,3793,762,495,251,FALSE
1289,Germany,politics,01-01-1900,80632,289,436,10,603,TRUE
1290,Canada,finance,01-01-1900,50466,442,366,10,0,TRUE
1291,USA,sports,01-01-1900,46909,2394,1474,323,162,TRUE
1292,Canada,sports,01-01-1900,37629,3512,1006,278,18,FALSE
1293,Canada,tech,01-01-1900,37580,4123,1051,326,417,FALSE
1294,Canada,finance,01-01-1900,8776,2436,213,237,310,FALSE
1296,Germany,politics,01-01-1900,23472,4581,1647,383,294,TRUE
1298,Unknown,finance,01-01-1900,46709,1322,1016,238,425,TRUE
1299,Canada,politics,01-01-1900,65968,1696,219,125,218,FALSE
1303,Canada,politics,01-01-1900,77514,4210,285,80,378,FALSE
1307,USA,sports,01-01-1900,15509,3028,1,482,978,FALSE
1310,USA,tech,01-01-1900,96496,4295,1290,385,991,FALSE
1313,Canada,politics,01-01-1900,27890,2524,678,55,322,TRUE
1315,Germany,tech,01-01-1900,63079,1060,1282,39,291,TRUE
1316,UK,finance,01-01-1900,6810,2524,634,192,984,FALSE
1319,India,tech,01-01-1900,49673,2119,901,434,63,FALSE
1320,UK,Unknown,01-01-1900,9905,122,1281,134,298,TRUE
1321,Canada,politics,01-01-1900,66135,973,1741,380,956,FALSE
1323,Canada,finance,01-01-1900,4462,4770,234,279,660,FALSE
1326,Canada,sports,01-01-1900,75187,3876,103,0,372,FALSE
1334,UK,finance,01-01-1900,27754,496,1625,121,505,FALSE
1335,USA,politics,01-01-1900,24235,1125,31,466,73,TRUE
1337,USA,sports,01-01-1900,58648,4262,1446,251,916,FALSE
1338,UK,tech,01-01-1900,29319,17,1466,174,223,FALSE
1340,Unknown,finance,01-01-1900,29418,3256,1075,450,720,FALSE
1343,Germany,tech,01-01-1900,15063,3102,1278,420,829,TRUE
1344,India,tech,01-01-1900,58062,4712,1070,251,80,TRUE
1345,India,tech,01-01-1900,42902,1736,825,357,748,TRUE
1348,UK,sports,01-01-1900,22829,2456,1241,261,524,FALSE
1354,India,politics,01-01-1900,12968,3389,1191,251,542,FALSE
1356,USA,tech,01-01-1900,71214,1156,969,497,495,FALSE
1357,Germany,finance,01-01-1900,3276,4563,260,338,276,TRUE
1363,UK,sports,01-01-1900,8319,954,241,251,663,FALSE
1364,Canada,politics,01-01-1900,13337,2936,1741,24,863,FALSE
1366,UK,finance,01-01-1900,23551,544,896,404,508,FALSE
1368,USA,tech,01-01-1900,43464,1987,570,98,791,FALSE
1369,USA,finance,01-01-1900,23391,3695,126,344,695,FALSE
1374,India,finance,01-01-1900,29849,3488,905,62,35,TRUE
1376,Unknown,politics,01-01-1900,62335,611,64,492,614,TRUE
1377,Germany,finance,01-01-1900,94024,547,876,91,458,TRUE
1379,Germany,sports,01-01-1900,10225,3804,264,188,161,TRUE
1380,Germany,tech,01-01-1900,50467,2933,616,347,717,TRUE
1385,India,Unknown,01-01-1900,16540,1348,1749,262,326,FALSE
1387,Canada,sports,01-01-1900,19005,2524,1371,432,351,FALSE
1391,Canada,sports,01-01-1900,54135,123,1515,436,923,TRUE
1393,USA,Unknown,01-01-1900,22810,1079,1391,35,38,FALSE
1394,USA,tech,01-01-1900,91130,417,1392,110,957,FALSE
1397,Canada,sports,01-01-1900,9387,1760,983,444,235,FALSE
1399,UK,politics,01-01-1900,30115,2900,1062,322,474,FALSE
1401,UK,sports,01-01-1900,69271,3631,26,214,42,TRUE
1404,Canada,sports,01-01-1900,12613,4309,1072,73,943,FALSE
1405,Germany,finance,01-01-1900,20339,749,1682,394,341,FALSE
1412,USA,tech,01-01-1900,83926,2152,1823,78,495,FALSE
1414,Canada,finance,01-01-1900,49673,3136,642,203,374,TRUE
1417,India,politics,01-01-1900,40034,1777,626,165,40,TRUE
1419,India,sports,01-01-1900,87825,3312,1626,76,405,TRUE
1420,Germany,finance,01-01-1900,86771,2161,1301,199,495,FALSE
1422,India,sports,01-01-1900,84358,102,898,14,98,FALSE
1429,India,tech,01-01-1900,16119,12,118,315,132,TRUE
1430,Germany,finance,01-01-1900,49673,4895,1992,46,440,FALSE
1432,UK,politics,01-01-1900,5743,1438,345,128,24,TRUE
1433,USA,finance,01-01-1900,11447,856,1950,76,774,FALSE
1440,Unknown,sports,01-01-1900,49673,4087,629,227,767,TRUE
1441,UK,sports,01-01-1900,7628,3202,96,312,574,TRUE
1443,Canada,finance,01-01-1900,20712,3129,921,277,549,FALSE
1450,USA,tech,01-01-1900,43380,3678,1442,489,815,TRUE
1451,UK,sports,01-01-1900,77237,2994,1906,440,486,FALSE
1454,USA,sports,01-01-1900,35508,4142,175,429,5,FALSE
1457,UK,Unknown,01-01-1900,20444,707,655,421,696,FALSE
1458,USA,finance,01-01-1900,22465,2570,264,259,194,TRUE
1468,Canada,politics,01-01-1900,31125,1062,1231,301,963,TRUE
1469,India,politics,01-01-1900,63278,411,1155,230,292,FALSE
1470,Unknown,finance,01-01-1900,49673,1509,1988,125,891,TRUE
1472,UK,politics,01-01-1900,86475,1172,1016,247,321,FALSE
1481,Germany,finance,01-01-1900,49673,3469,1227,399,729,TRUE
1482,Canada,politics,01-01-1900,68405,4653,169,357,366,FALSE
1483,India,sports,01-01-1900,50706,3751,15,249,411,TRUE
1488,Canada,politics,01-01-1900,81125,2462,892,341,54,FALSE
1491,Canada,politics,01-01-1900,28677,4909,1746,427,183,FALSE
1497,USA,sports,01-01-1900,72512,455,293,367,796,TRUE
1498,India,politics,01-01-1900,16033,4417,814,251,30,FALSE
1500,Canada,politics,01-01-1900,86736,2524,305,326,622,FALSE
1505,India,tech,01-01-1900,71264,309,810,59,523,FALSE
1509,USA,sports,01-01-1900,66680,4221,61,130,504,FALSE
1510,USA,sports,01-01-1900,72690,1448,983,261,495,FALSE
1512,Germany,tech,01-01-1900,31359,3230,1336,384,983,TRUE
1516,India,politics,01-01-1900,32580,1138,1000,189,719,FALSE
1518,Canada,sports,01-01-1900,90621,4355,1782,436,507,FALSE
1520,UK,politics,01-01-1900,36282,870,1435,281,606,FALSE
1523,Canada,Unknown,01-01-1900,39152,3545,1220,416,433,FALSE
1524,UK,tech,01-01-1900,75999,2467,340,163,953,FALSE
1525,USA,tech,01-01-1900,44226,864,1635,158,495,FALSE
1526,USA,sports,01-01-1900,84547,1749,245,426,870,TRUE
1530,India,finance,01-01-1900,55951,2761,1434,249,597,TRUE
1531,India,sports,01-01-1900,42669,3071,44,479,755,TRUE
1533,Germany,Unknown,01-01-1900,40681,4549,351,114,575,TRUE
1534,Canada,tech,01-01-1900,84099,867,1583,373,936,TRUE
1536,Canada,tech,01-01-1900,12392,2018,1434,19,399,TRUE
1538,UK,politics,01-01-1900,96857,2385,90,148,878,TRUE
1539,India,politics,01-01-1900,81094,545,1060,254,946,FALSE
1541,Germany,tech,01-01-1900,20013,3459,1509,493,727,TRUE
1544,USA,tech,01-01-1900,28656,1681,887,118,767,TRUE
1547,Germany,Unknown,01-01-1900,52774,3829,212,41,394,FALSE
1548,India,sports,01-01-1900,79435,364,383,416,235,FALSE
1560,Canada,finance,01-01-1900,40018,187,910,238,793,TRUE
1561,UK,sports,01-01-1900,21097,3695,1133,290,948,TRUE
1563,Germany,sports,01-01-1900,40750,336,324,259,949,TRUE
1564,Germany,politics,01-01-1900,34933,3023,1465,9,244,TRUE
1570,UK,sports,01-01-1900,4507,733,755,196,347,FALSE
1571,Germany,tech,01-01-1900,88594,4074,1865,157,208,FALSE
1572,Germany,politics,01-01-1900,95133,2968,314,201,367,TRUE
1573,India,sports,01-01-1900,53992,4414,756,251,694,TRUE
1575,Germany,politics,01-01-1900,13721,1399,1446,420,378,TRUE
1576,Canada,finance,01-01-1900,92213,3047,1199,323,645,FALSE
1580,Germany,sports,01-01-1900,43257,1345,663,221,480,FALSE
1582,UK,tech,01-01-1900,49673,3796,595,459,619,TRUE
1583,India,tech,01-01-1900,1322,1631,1483,220,495,FALSE
1588,UK,finance,01-01-1900,84428,2966,697,327,959,TRUE
1594,Germany,sports,01-01-1900,41749,354,290,213,105,TRUE
1597,Canada,finance,01-01-1900,36543,333,1739,68,845,TRUE
1601,UK,finance,01-01-1900,21352,1661,983,186,531,TRUE
1602,UK,finance,01-01-1900,91111,2403,421,239,612,TRUE
1608,Germany,finance,01-01-1900,49411,3200,894,112,460,FALSE
1610,USA,sports,01-01-1900,53445,1175,221,349,146,FALSE
1612,Germany,tech,01-01-1900,32043,1601,918,57,495,TRUE
1613,Germany,sports,01-01-1900,79663,4726,983,212,314,FALSE
1615,Germany,politics,01-01-1900,81058,1956,157,238,654,FALSE
1616,India,tech,01-01-1900,19932,4563,1442,27,484,FALSE
1617,UK,Unknown,01-01-1900,93680,3843,367,122,247,TRUE
1618,Germany,sports,01-01-1900,81989,2718,1727,329,614,TRUE
1619,USA,finance,01-01-1900,54991,2554,1157,254,460,TRUE
1620,UK,tech,01-01-1900,26006,2549,973,239,557,TRUE
1621,Germany,sports,01-01-1900,79097,2524,1849,63,126,TRUE
1624,UK,sports,01-01-1900,65293,1306,596,361,405,FALSE
1625,India,sports,01-01-1900,49673,2524,1495,251,87,TRUE
1627,Canada,finance,01-01-1900,49673,2053,474,22,574,TRUE
1628,India,sports,01-01-1900,29469,4273,116,345,415,TRUE
1629,USA,sports,01-01-1900,14520,3947,1791,152,247,FALSE
1630,Germany,sports,01-01-1900,28657,1623,116,3,555,FALSE
1634,Germany,sports,01-01-1900,5011,1502,1734,98,54,TRUE
1635,Germany,politics,01-01-1900,65892,1020,1584,409,159,FALSE
1639,Unknown,tech,01-01-1900,30992,173,449,89,808,FALSE
1644,India,tech,01-01-1900,91675,4986,1911,251,595,TRUE
1650,India,finance,01-01-1900,26614,2461,569,488,375,FALSE
1651,Unknown,tech,01-01-1900,91357,2524,1303,37,436,FALSE
1652,USA,tech,01-01-1900,1101,4232,1452,170,386,FALSE
1658,UK,finance,01-01-1900,33677,4931,1545,74,970,TRUE
1659,India,sports,01-01-1900,83121,1146,525,157,382,FALSE
1660,Canada,tech,01-01-1900,4085,4375,1938,211,279,TRUE
1667,India,politics,01-01-1900,60205,4806,1397,159,435,FALSE
1668,UK,sports,01-01-1900,55043,1077,425,198,196,FALSE
1669,UK,politics,01-01-1900,82210,4261,1939,36,495,FALSE
1672,India,politics,01-01-1900,210,431,646,323,415,TRUE
1673,USA,tech,01-01-1900,49447,2524,464,414,717,TRUE
1674,Canada,Unknown,01-01-1900,19871,4494,226,125,333,TRUE
1682,India,finance,01-01-1900,15069,2600,1502,322,370,TRUE
1683,UK,sports,01-01-1900,16181,3167,826,417,510,FALSE
1684,USA,politics,01-01-1900,80595,3757,1758,105,320,FALSE
1685,Canada,politics,01-01-1900,86782,4102,328,327,715,FALSE
1686,USA,politics,01-01-1900,84185,2567,860,266,495,TRUE
1692,USA,tech,01-01-1900,54163,3158,655,113,233,FALSE
1695,Canada,sports,01-01-1900,95126,479,785,198,9,TRUE
1696,Germany,tech,01-01-1900,45375,2320,1927,445,430,FALSE
1698,USA,politics,01-01-1900,49641,3965,431,285,792,TRUE
1700,Germany,tech,01-01-1900,16629,895,1453,56,856,FALSE
1701,USA,tech,01-01-1900,88308,1699,1378,63,723,TRUE
1705,UK,sports,01-01-1900,70965,4674,1056,94,217,TRUE
1706,India,finance,01-01-1900,80701,2752,25,121,821,TRUE
1708,Canada,Unknown,01-01-1900,34073,2524,857,122,485,TRUE
1709,Canada,finance,01-01-1900,50787,875,74,154,918,TRUE
1713,Canada,politics,01-01-1900,97707,2940,983,202,355,TRUE
1715,USA,finance,01-01-1900,11329,3868,20,47,495,FALSE
1717,Canada,politics,01-01-1900,40458,2560,684,57,978,FALSE
1719,USA,politics,01-01-1900,79424,921,435,327,989,FALSE
1721,UK,finance,01-01-1900,23921,2595,1894,80,380,TRUE
1724,Germany,sports,01-01-1900,53070,2524,1232,220,495,FALSE
1727,Germany,tech,01-01-1900,96319,3438,1420,251,816,FALSE
1728,UK,Unknown,01-01-1900,69310,821,915,289,714,TRUE
1729,Germany,politics,01-01-1900,48564,4042,1719,266,249,TRUE
1730,USA,finance,01-01-1900,62718,4283,1337,132,879,TRUE
1731,Canada,sports,01-01-1900,32844,1948,1306,117,415,FALSE
1738,India,Unknown,01-01-1900,71317,4649,1351,451,153,TRUE
1739,USA,finance,01-01-1900,63028,4247,1909,25,359,FALSE
1742,Canada,finance,01-01-1900,78995,4604,37,17,407,FALSE
1743,Canada,tech,01-01-1900,25598,2791,117,4,196,TRUE
1744,India,Unknown,01-01-1900,89081,4091,278,251,813,FALSE
1746,India,tech,01-01-1900,16292,1230,244,38,534,FALSE
1750,USA,politics,01-01-1900,14124,2410,248,423,959,TRUE
1751,India,politics,01-01-1900,87730,3554,1306,392,681,FALSE
1758,Germany,finance,01-01-1900,87772,2257,718,304,27,FALSE
1763,Unknown,sports,01-01-1900,53056,2524,1679,348,359,TRUE
1764,Unknown,tech,01-01-1900,17155,101,1411,149,874,TRUE
1768,India,finance,01-01-1900,33354,2452,223,112,238,TRUE
1770,India,politics,01-01-1900,60078,2524,1611,419,662,TRUE
1772,USA,Unknown,01-01-1900,95004,4962,917,44,766,TRUE
1774,USA,politics,01-01-1900,73105,858,507,397,346,FALSE
1775,Canada,tech,01-01-1900,49673,939,1392,302,495,FALSE
1776,UK,finance,01-01-1900,83050,2524,1050,330,140,TRUE
1777,Germany,tech,01-01-1900,5926,2524,1309,218,74,FALSE
1778,Germany,politics,01-01-1900,69346,3222,915,251,539,TRUE
1780,USA,sports,01-01-1900,71571,3344,1413,283,495,FALSE
1782,UK,finance,01-01-1900,49673,27,1464,195,969,FALSE
1783,Canada,finance,01-01-1900,5092,2504,1258,416,263,TRUE
1785,Canada,sports,01-01-1900,7544,1089,202,19,734,TRUE
1787,UK,tech,01-01-1900,24032,2498,1788,221,703,FALSE
1791,India,finance,01-01-1900,52181,816,512,54,827,TRUE
1792,Germany,politics,01-01-1900,4568,223,1331,179,741,FALSE
1793,USA,tech,01-01-1900,53577,1550,548,2,638,TRUE
1794,India,sports,01-01-1900,13521,1572,134,456,553,TRUE
1795,USA,finance,01-01-1900,44721,274,1950,291,873,TRUE
1796,UK,tech,01-01-1900,77439,258,348,477,465,TRUE
1799,Unknown,politics,01-01-1900,77065,4192,1556,408,601,FALSE
1800,India,politics,01-01-1900,52521,2315,1306,67,540,TRUE
1801,Germany,tech,01-01-1900,87098,1186,1855,251,495,TRUE
1803,Germany,tech,01-01-1900,58148,1238,1188,385,76,FALSE
1804,India,finance,01-01-1900,87684,2338,199,113,95,TRUE
1808,Canada,politics,01-01-1900,58354,4112,1162,117,294,TRUE
1809,Canada,sports,01-01-1900,70154,2906,1538,185,904,FALSE
1810,Germany,tech,01-01-1900,42801,1890,1803,341,572,TRUE
1812,India,tech,01-01-1900,17596,1747,702,405,781,TRUE
1814,India,politics,01-01-1900,61689,2524,675,454,772,TRUE
1815,USA,tech,01-01-1900,81924,4703,575,292,1000,FALSE
1817,India,sports,01-01-1900,59770,1395,1585,492,673,TRUE
1818,UK,finance,01-01-1900,2449,1125,544,209,475,FALSE
1824,USA,politics,01-01-1900,88284,1620,1043,169,232,FALSE
1833,Canada,sports,01-01-1900,6440,2980,115,82,495,TRUE
1835,India,politics,01-01-1900,87269,442,1681,372,600,TRUE
1836,India,finance,01-01-1900,56664,1854,1566,41,552,TRUE
1838,Germany,tech,01-01-1900,65014,3910,1535,411,972,TRUE
1841,UK,sports,01-01-1900,53655,560,465,108,423,FALSE
1843,Germany,politics,01-01-1900,59494,295,1282,178,798,FALSE
1846,Germany,sports,01-01-1900,5106,1793,1813,288,129,TRUE
1848,India,tech,01-01-1900,47516,3367,880,337,660,TRUE
1851,UK,finance,01-01-1900,15759,4726,253,493,451,TRUE
1853,Canada,tech,01-01-1900,96029,1073,73,268,495,FALSE
1856,UK,finance,01-01-1900,92498,2524,1447,169,613,FALSE
1858,India,politics,01-01-1900,40242,2524,1159,274,973,FALSE
1862,India,sports,01-01-1900,56441,4192,816,38,495,TRUE
1864,UK,tech,01-01-1900,50277,1977,881,243,665,TRUE
1865,India,sports,01-01-1900,49673,1234,667,5,854,FALSE
1867,USA,politics,01-01-1900,46289,286,1573,169,820,FALSE
1868,Germany,sports,01-01-1900,91960,4849,380,257,551,TRUE
1869,UK,finance,01-01-1900,61695,3079,1862,277,806,TRUE
1872,India,politics,01-01-1900,36390,1715,1318,415,751,TRUE
1873,Canada,tech,01-01-1900,8714,4830,1665,59,478,TRUE
1874,Canada,sports,01-01-1900,73672,4012,133,324,136,TRUE
1877,USA,politics,01-01-1900,69989,3270,1581,118,395,TRUE
1878,Germany,sports,01-01-1900,47097,3556,1773,210,618,FALSE
1881,USA,sports,01-01-1900,48849,103,91,316,164,FALSE
1883,Germany,politics,01-01-1900,26138,943,681,223,854,TRUE
1887,UK,sports,01-01-1900,21505,3743,583,174,393,FALSE
1888,Canada,finance,01-01-1900,95426,2926,1550,229,431,TRUE
1891,Unknown,tech,01-01-1900,31128,1913,721,200,60,FALSE
1892,India,finance,01-01-1900,41448,1622,285,181,597,TRUE
1893,Canada,finance,01-01-1900,62484,1830,756,181,19,FALSE
1895,UK,sports,01-01-1900,13906,745,414,344,643,FALSE
1898,India,politics,01-01-1900,59434,1770,1375,377,70,FALSE
1901,USA,finance,01-01-1900,25322,4667,1220,370,645,FALSE
1902,USA,politics,01-01-1900,19580,1564,1758,48,35,TRUE
1903,India,sports,01-01-1900,94492,1164,222,184,495,TRUE
1905,Canada,tech,01-01-1900,9502,2637,1561,67,346,FALSE
1908,USA,politics,01-01-1900,3243,3006,1712,49,374,FALSE
1909,Canada,tech,01-01-1900,3889,4613,136,50,387,FALSE
1911,USA,sports,01-01-1900,41477,2607,1235,204,440,FALSE
1918,India,tech,01-01-1900,746,4206,238,381,381,TRUE
1920,India,finance,01-01-1900,57938,82,505,227,254,TRUE
1922,Canada,tech,01-01-1900,98999,758,14,309,802,FALSE
1923,USA,finance,01-01-1900,37237,2524,225,307,459,FALSE
1924,Unknown,sports,01-01-1900,65526,3036,990,43,462,FALSE
1929,Canada,sports,01-01-1900,82435,2322,606,367,550,FALSE
1930,USA,tech,01-01-1900,60688,1380,607,230,864,TRUE
1931,USA,tech,01-01-1900,81522,694,647,251,710,FALSE
1934,UK,finance,01-01-1900,65908,220,1544,341,94,TRUE
1939,UK,sports,01-01-1900,15622,3719,983,104,435,FALSE
1940,Canada,finance,01-01-1900,52753,3097,798,429,717,FALSE
1941,Germany,politics,01-01-1900,46516,3133,983,411,785,FALSE
1943,India,sports,01-01-1900,17835,2915,1051,115,446,FALSE
1946,Germany,politics,01-01-1900,9582,1483,502,192,611,FALSE
1948,India,finance,01-01-1900,85015,1943,1883,302,694,TRUE
1952,UK,politics,01-01-1900,54124,3187,1989,53,994,TRUE
1958,UK,sports,01-01-1900,46137,158,90,299,440,FALSE
1961,Germany,finance,01-01-1900,49464,2470,1948,282,689,FALSE
1965,Germany,sports,01-01-1900,73191,3273,1851,194,70,FALSE
1966,USA,finance,01-01-1900,19948,2809,1663,297,153,FALSE
1967,Unknown,politics,01-01-1900,86323,3606,1562,353,376,FALSE
1968,Germany,tech,01-01-1900,23236,1555,1122,33,720,TRUE
1970,USA,politics,01-01-1900,20706,4452,1857,473,445,TRUE
1971,India,politics,01-01-1900,9851,4808,234,340,209,FALSE
1972,India,politics,01-01-1900,42439,4843,1085,450,922,FALSE
1975,USA,tech,01-01-1900,20551,247,96,379,129,TRUE
1976,Germany,finance,01-01-1900,17479,3398,1820,23,132,FALSE
1980,USA,finance,01-01-1900,29315,3089,695,329,495,FALSE
1981,India,politics,01-01-1900,87894,4517,380,442,445,FALSE
1983,India,tech,01-01-1900,34974,3260,505,275,368,TRUE
1984,UK,tech,01-01-1900,75624,2093,712,181,871,TRUE
1986,UK,tech,01-01-1900,87609,3274,936,314,78,TRUE
1991,USA,sports,01-01-1900,87641,3226,561,433,586,TRUE
1992,India,tech,01-01-1900,13794,3957,1243,58,612,FALSE
1996,India,finance,01-01-1900,73578,3389,1257,52,71,FALSE
1999,Germany,sports,01-01-1900,95885,541,1872,348,136,FALSE
2000,USA,Unknown,01-01-1900,55164,4011,1801,309,204,FALSE
2001,UK,tech,01-01-1900,12230,1143,825,463,727,FALSE
2002,UK,sports,01-01-1900,44350,3259,439,431,495,FALSE
2005,UK,politics,01-01-1900,9990,1388,607,472,583,FALSE
2006,USA,tech,01-01-1900,96213,1575,1285,402,567,FALSE
2007,Canada,tech,01-01-1900,71584,811,1498,10,222,FALSE
2016,USA,Unknown,01-01-1900,39313,2205,1183,310,302,FALSE
2017,USA,tech,01-01-1900,3079,2694,881,327,905,FALSE
2018,India,politics,01-01-1900,53141,1442,1983,119,31,FALSE
2019,India,sports,01-01-1900,21252,1005,487,251,524,FALSE
2022,UK,politics,01-01-1900,67568,3149,993,91,586,TRUE
2023,Germany,sports,01-01-1900,44050,2412,82,251,40,FALSE
2025,India,finance,01-01-1900,64071,2414,566,345,15,TRUE
2026,USA,finance,01-01-1900,63024,2116,1401,461,3,TRUE
2028,UK,finance,01-01-1900,44225,1668,983,167,189,TRUE
2029,Germany,sports,01-01-1900,73709,3318,1243,197,44,TRUE
2033,UK,politics,01-01-1900,23393,1131,1548,15,226,TRUE
2035,UK,finance,01-01-1900,81530,2524,1057,164,246,FALSE
2036,India,tech,01-01-1900,12580,1789,44,106,495,TRUE
2041,USA,finance,01-01-1900,37765,3120,177,368,821,FALSE
2045,USA,finance,01-01-1900,12845,2329,983,253,495,TRUE
2047,UK,finance,01-01-1900,87002,398,345,144,806,FALSE
2050,USA,finance,01-01-1900,331,3220,304,460,556,TRUE
2052,India,tech,01-01-1900,33317,557,226,428,565,TRUE
2053,Canada,Unknown,01-01-1900,53488,1397,1076,147,372,FALSE
2054,Germany,tech,01-01-1900,47112,1335,707,455,693,FALSE
2055,UK,tech,01-01-1900,98457,3304,999,106,56,TRUE
2056,Canada,sports,01-01-1900,70627,4605,732,497,185,TRUE
2057,USA,tech,01-01-1900,84163,892,1397,307,956,TRUE
2059,UK,sports,01-01-1900,32359,657,576,89,616,TRUE
2063,Canada,finance,01-01-1900,75391,2528,1634,420,643,TRUE
2069,Unknown,tech,01-01-1900,29457,657,1835,265,112,FALSE
2070,Canada,tech,01-01-1900,79227,2196,615,4,146,TRUE
2075,Germany,sports,01-01-1900,67972,955,793,197,819,TRUE
2082,India,finance,01-01-1900,12258,3054,944,469,45,TRUE
2085,Germany,finance,01-01-1900,68650,16,1249,243,139,FALSE
2086,Germany,sports,01-01-1900,63988,2041,696,435,706,TRUE
2088,Canada,sports,01-01-1900,47920,1443,1111,364,807,TRUE
2090,India,tech,01-01-1900,49209,891,308,269,861,FALSE
2091,Canada,tech,01-01-1900,19598,2303,922,474,39,TRUE
2094,Unknown,sports,01-01-1900,35545,3521,1867,142,230,FALSE
2095,Germany,tech,01-01-1900,56845,4017,488,334,4,TRUE
2096,UK,tech,01-01-1900,26972,292,436,67,997,FALSE
2099,UK,politics,01-01-1900,71242,2524,1193,363,805,FALSE
2103,USA,politics,01-01-1900,27190,262,1183,287,935,FALSE
2106,Unknown,finance,01-01-1900,49673,1280,14,55,86,FALSE
2109,Germany,tech,01-01-1900,55910,4354,1747,163,200,TRUE
2113,Germany,tech,01-01-1900,91477,4618,1598,302,449,TRUE
2114,Germany,sports,01-01-1900,54368,1968,861,464,437,FALSE
2117,India,tech,01-01-1900,71254,2788,674,271,644,FALSE
2119,India,sports,01-01-1900,50646,2175,421,360,571,FALSE
2121,Unknown,tech,01-01-1900,47609,4029,1224,389,168,FALSE
2124,Canada,finance,01-01-1900,38945,3431,1022,31,159,TRUE
2125,Unknown,politics,01-01-1900,49673,3300,1385,251,250,FALSE
2129,India,politics,01-01-1900,50583,2366,983,388,610,FALSE
2130,Canada,tech,01-01-1900,30420,3998,1080,446,659,FALSE
2135,Germany,tech,01-01-1900,12525,3699,1924,169,599,TRUE
2136,Canada,sports,01-01-1900,51554,2139,820,72,300,TRUE
2138,Germany,tech,01-01-1900,26511,2706,1310,450,544,TRUE
2141,Unknown,finance,01-01-1900,20680,3008,1367,410,611,FALSE
2143,Canada,tech,01-01-1900,56488,2125,378,173,658,TRUE
2144,Canada,politics,01-01-1900,58912,1132,400,294,848,FALSE
2145,Canada,politics,01-01-1900,45557,4803,611,121,934,FALSE
2148,India,tech,01-01-1900,74575,431,1180,251,864,FALSE
2150,India,sports,01-01-1900,54125,2803,1046,98,219,FALSE
2151,Germany,finance,01-01-1900,36842,265,1267,13,457,FALSE
2155,India,politics,01-01-1900,64272,127,333,154,762,TRUE
2156,Germany,Unknown,01-01-1900,29991,3726,811,167,519,FALSE
2160,India,tech,01-01-1900,85968,2714,1783,322,351,FALSE
2161,UK,finance,01-01-1900,79533,1708,1553,166,570,TRUE
2164,Canada,tech,01-01-1900,70879,4530,1528,407,380,TRUE
2168,Unknown,sports,01-01-1900,65592,805,1964,90,672,FALSE
2170,Germany,tech,01-01-1900,99124,125,1742,38,562,TRUE
2173,India,sports,01-01-1900,49673,1753,450,321,575,FALSE
2175,Germany,finance,01-01-1900,37618,1995,1551,386,639,TRUE
2176,India,sports,01-01-1900,4322,4768,1798,83,746,FALSE
2177,Germany,sports,01-01-1900,32281,1416,1685,429,438,FALSE
2180,Unknown,sports,01-01-1900,8840,2524,433,85,495,TRUE
2181,USA,politics,01-01-1900,97969,1373,88,285,177,TRUE
2184,UK,politics,01-01-1900,13699,3590,1049,75,176,TRUE
2185,UK,sports,01-01-1900,99405,303,1400,26,923,TRUE
2187,UK,finance,01-01-1900,98649,2872,1816,215,857,TRUE
2188,USA,sports,01-01-1900,86285,4510,933,324,433,FALSE
2191,Canada,sports,01-01-1900,62373,4427,1039,291,392,TRUE
2193,India,finance,01-01-1900,49673,2316,498,348,523,TRUE
2195,Germany,finance,01-01-1900,6553,2682,1865,275,391,FALSE
2197,UK,finance,01-01-1900,91614,3857,175,267,250,TRUE
2199,Canada,politics,01-01-1900,67659,4835,1252,144,785,FALSE
2201,India,sports,01-01-1900,78205,3055,888,264,101,FALSE
2203,India,tech,01-01-1900,70625,4525,158,304,495,TRUE
2204,Germany,tech,01-01-1900,1458,2009,158,62,937,FALSE
2206,USA,sports,01-01-1900,87070,1735,1347,234,689,TRUE
2207,UK,sports,01-01-1900,40060,824,702,330,944,TRUE
2209,USA,finance,01-01-1900,66277,1091,1532,159,571,FALSE
2214,India,finance,01-01-1900,64581,1433,1691,142,500,FALSE
2215,Canada,sports,01-01-1900,31406,358,1337,90,15,FALSE
2216,Germany,tech,01-01-1900,80824,4393,983,304,452,TRUE
2222,India,sports,01-01-1900,72376,3528,1008,423,208,FALSE
2224,India,politics,01-01-1900,92086,300,394,460,910,TRUE
2226,UK,politics,01-01-1900,57962,4276,315,289,440,TRUE
2228,India,sports,01-01-1900,49673,3007,1,60,964,TRUE
2232,USA,tech,01-01-1900,68078,1478,983,231,30,TRUE
2235,Canada,politics,01-01-1900,68735,556,418,124,495,FALSE
2236,Germany,politics,01-01-1900,85221,2546,1831,278,90,FALSE
2237,USA,sports,01-01-1900,21013,2524,109,462,885,FALSE
2239,Germany,politics,01-01-1900,96921,3278,1956,103,314,TRUE
2249,India,sports,01-01-1900,16520,4028,460,420,845,FALSE
2250,UK,finance,01-01-1900,31165,668,1983,104,366,FALSE
2252,Canada,sports,01-01-1900,44065,4611,658,215,983,FALSE
2254,Canada,tech,01-01-1900,66706,2355,1591,266,987,TRUE
2255,Canada,finance,01-01-1900,92542,3640,1467,484,269,TRUE
2260,Canada,sports,01-01-1900,2714,233,428,417,263,FALSE
2261,India,tech,01-01-1900,35263,1420,453,134,994,TRUE
2262,UK,tech,01-01-1900,49673,3549,730,118,338,TRUE
2263,USA,sports,01-01-1900,210,2769,1067,67,413,TRUE
2264,Unknown,finance,01-01-1900,77406,1942,339,95,576,FALSE
2265,Unknown,politics,01-01-1900,20738,2341,1017,393,323,TRUE
2266,India,politics,01-01-1900,55844,847,61,224,426,TRUE
2270,USA,sports,01-01-1900,7824,1389,895,387,471,FALSE
2271,Canada,sports,01-01-1900,86154,4077,1513,240,263,FALSE
2278,Canada,finance,01-01-1900,14635,2524,313,389,276,TRUE
2279,Canada,sports,01-01-1900,67589,4318,1876,87,634,FALSE
2281,USA,politics,01-01-1900,72822,1319,448,251,706,TRUE
2283,USA,politics,01-01-1900,84063,3964,928,90,232,FALSE
2286,India,sports,01-01-1900,3008,2524,212,418,849,FALSE
2287,USA,sports,01-01-1900,24211,1822,983,15,283,FALSE
2290,India,Unknown,01-01-1900,19350,3414,1009,166,741,FALSE
2294,Unknown,sports,01-01-1900,5228,3036,556,35,130,TRUE
2295,India,tech,01-01-1900,2267,1113,567,383,395,TRUE
2296,USA,sports,01-01-1900,94994,2524,1101,453,518,TRUE
2301,Germany,tech,01-01-1900,49554,2524,1048,137,495,TRUE
2303,USA,tech,01-01-1900,37570,3684,925,500,637,FALSE
2308,Germany,politics,01-01-1900,59307,2723,1953,221,880,TRUE
2309,USA,sports,01-01-1900,52967,2048,1360,57,180,TRUE
2310,Canada,tech,01-01-1900,51546,770,90,57,89,FALSE
2313,India,tech,01-01-1900,72044,430,1629,234,210,TRUE
2319,India,politics,01-01-1900,71737,2524,698,238,565,FALSE
2320,Germany,politics,01-01-1900,88005,990,429,348,793,FALSE
2321,Unknown,tech,01-01-1900,40794,4761,1539,315,568,TRUE
2324,Canada,finance,01-01-1900,76095,993,739,223,983,FALSE
2326,Unknown,tech,01-01-1900,6118,3401,213,39,240,FALSE
2328,India,tech,01-01-1900,41727,3268,811,301,995,TRUE
2329,Unknown,sports,01-01-1900,61269,1963,1940,307,946,TRUE
2330,UK,politics,01-01-1900,22893,2524,1497,117,159,FALSE
2333,USA,sports,01-01-1900,33882,275,1339,224,546,FALSE
2335,Canada,tech,01-01-1900,99964,2667,843,131,555,TRUE
2338,India,politics,01-01-1900,13381,1504,1601,37,321,TRUE
2339,Unknown,sports,01-01-1900,37220,1410,1627,149,799,FALSE
2340,Germany,politics,01-01-1900,65000,4542,794,202,596,FALSE
2342,Germany,politics,01-01-1900,92371,4517,1414,239,362,FALSE
2346,Unknown,finance,01-01-1900,44779,4807,1407,177,457,TRUE
2348,Canada,sports,01-01-1900,49673,195,1038,133,573,TRUE
2349,Germany,politics,01-01-1900,91024,143,1064,92,650,TRUE
2351,UK,finance,01-01-1900,17771,2989,1485,356,495,TRUE
2355,Germany,tech,01-01-1900,7370,3735,250,480,519,FALSE
2361,UK,finance,01-01-1900,60754,3927,1688,62,93,TRUE
2362,Germany,finance,01-01-1900,49673,4621,827,321,246,FALSE
2365,Canada,tech,01-01-1900,50265,1002,206,407,769,FALSE
2366,India,tech,01-01-1900,33072,4881,1865,103,529,FALSE
2372,India,politics,01-01-1900,56640,623,452,300,606,TRUE
2379,Canada,tech,01-01-1900,80528,581,147,5,214,FALSE
2380,UK,tech,01-01-1900,41293,21,1937,330,89,FALSE
2384,USA,finance,01-01-1900,1885,1710,1871,394,569,TRUE
2386,UK,finance,01-01-1900,66649,4150,431,158,782,FALSE
2390,India,sports,01-01-1900,30401,2524,882,100,524,TRUE
2397,Germany,sports,01-01-1900,14254,4739,25,154,547,FALSE
2398,Germany,finance,01-01-1900,10233,1994,470,119,806,FALSE
2404,Canada,sports,01-01-1900,60381,238,5,433,287,FALSE
2405,UK,finance,01-01-1900,39556,2897,722,125,286,TRUE
2406,Canada,politics,01-01-1900,37969,693,983,377,923,TRUE
2410,UK,tech,01-01-1900,25846,3355,12,447,562,TRUE
2413,USA,sports,01-01-1900,12482,3287,1076,166,534,FALSE
2418,Canada,politics,01-01-1900,49673,2524,918,251,980,FALSE
2419,Canada,finance,01-01-1900,71239,2758,805,0,639,TRUE
2420,USA,Unknown,01-01-1900,97572,1153,244,227,78,TRUE
2421,Germany,tech,01-01-1900,67869,1521,1303,73,37,TRUE
2422,Germany,Unknown,01-01-1900,42162,376,867,172,352,FALSE
2423,USA,Unknown,01-01-1900,49083,1511,16,343,495,TRUE
2424,India,tech,01-01-1900,79298,3173,1507,310,753,TRUE
2429,USA,finance,01-01-1900,76715,2524,1758,59,831,FALSE
2430,Germany,tech,01-01-1900,29945,1670,268,396,630,FALSE
2431,USA,finance,01-01-1900,86427,2306,847,173,148,TRUE
2434,India,tech,01-01-1900,39294,2524,341,127,780,TRUE
2436,Canada,finance,01-01-1900,28609,4820,1382,79,287,TRUE
2438,UK,politics,01-01-1900,76823,2597,1493,362,922,FALSE
2440,Canada,finance,01-01-1900,75696,784,521,410,55,FALSE
2442,UK,tech,01-01-1900,71445,234,1299,402,115,TRUE
2446,India,finance,01-01-1900,2268,4600,1896,437,71,TRUE
2448,India,politics,01-01-1900,9983,1933,1986,294,528,TRUE
2451,Germany,sports,01-01-1900,20308,1040,1289,325,860,TRUE
2452,USA,politics,01-01-1900,25835,3729,605,268,233,TRUE
2456,Germany,sports,01-01-1900,73398,4894,1892,73,220,FALSE
2457,UK,Unknown,01-01-1900,25653,4530,1421,399,437,TRUE
2458,India,sports,01-01-1900,64691,2903,1251,436,968,TRUE
2461,UK,politics,01-01-1900,24220,2027,813,49,336,FALSE
2462,Unknown,tech,01-01-1900,78902,633,1834,344,568,FALSE
2464,Germany,finance,01-01-1900,48565,1729,83,200,580,TRUE
2465,Germany,sports,01-01-1900,53274,4975,1328,200,624,TRUE
2466,UK,finance,01-01-1900,61595,1519,539,272,495,TRUE
2472,India,Unknown,01-01-1900,67554,1618,149,407,132,FALSE
2473,India,finance,01-01-1900,31816,855,1973,70,34,FALSE
2474,USA,sports,01-01-1900,88991,4717,1201,477,251,TRUE
2477,Canada,sports,01-01-1900,7435,4933,1147,449,262,FALSE
2479,USA,finance,01-01-1900,7265,521,723,176,493,FALSE
2482,India,politics,01-01-1900,3554,2524,1045,53,785,FALSE
2485,UK,sports,01-01-1900,9982,699,363,305,813,TRUE
2486,USA,finance,01-01-1900,35207,2563,320,3,555,TRUE
2488,Canada,sports,01-01-1900,56471,1684,983,213,291,TRUE
2489,Canada,sports,01-01-1900,65410,1295,773,216,335,FALSE
2490,UK,tech,01-01-1900,80969,3634,1215,457,495,TRUE
2504,India,finance,01-01-1900,35057,3524,610,449,495,TRUE
2506,UK,Unknown,01-01-1900,33185,3430,1730,467,822,FALSE
2508,USA,finance,01-01-1900,91934,819,617,146,115,FALSE
2511,Canada,politics,01-01-1900,9654,2524,85,345,893,TRUE
2512,USA,finance,01-01-1900,99179,537,1307,459,390,FALSE
2525,USA,finance,01-01-1900,12286,1890,822,345,886,FALSE
2529,Canada,finance,01-01-1900,30750,3982,1690,108,874,TRUE
2530,Canada,sports,01-01-1900,85857,3607,279,365,364,TRUE
2531,India,sports,01-01-1900,14026,3355,940,424,849,FALSE
2536,Canada,finance,01-01-1900,73785,2524,983,486,806,TRUE
2540,UK,finance,01-01-1900,71140,1183,1459,297,125,TRUE
2542,India,politics,01-01-1900,20106,2969,372,194,718,TRUE
2545,India,sports,01-01-1900,35866,1933,1574,87,196,FALSE
2548,Germany,finance,01-01-1900,35068,3609,280,171,133,FALSE
2549,USA,tech,01-01-1900,39432,497,930,17,549,FALSE
2550,Canada,tech,01-01-1900,87002,2713,1194,132,653,TRUE
2552,USA,tech,01-01-1900,50826,2934,1343,6,129,FALSE
2555,India,sports,01-01-1900,89330,2434,1806,155,89,TRUE
2556,Unknown,politics,01-01-1900,77988,3230,626,122,379,FALSE
2557,Germany,tech,01-01-1900,49673,578,487,245,705,TRUE
2558,Germany,politics,01-01-1900,37292,4129,224,323,887,TRUE
2559,Germany,finance,01-01-1900,20429,418,55,208,183,FALSE
2560,USA,politics,01-01-1900,57885,1927,1086,273,940,FALSE
2561,Canada,finance,01-01-1900,51908,4663,1767,353,267,FALSE
2562,Canada,finance,01-01-1900,72386,3651,633,383,343,TRUE
2565,Germany,politics,01-01-1900,88759,980,1319,251,776,FALSE
2573,Unknown,sports,01-01-1900,38666,3319,583,65,196,FALSE
2578,USA,tech,01-01-1900,41494,739,1906,431,735,TRUE
2587,India,sports,01-01-1900,49673,3354,398,436,183,FALSE
2588,USA,sports,01-01-1900,88534,713,967,175,495,TRUE
2589,India,sports,01-01-1900,92201,4202,1579,251,307,TRUE
2590,Canada,finance,01-01-1900,67717,236,972,356,280,FALSE
2592,India,finance,01-01-1900,86192,1473,634,188,239,TRUE
2593,Germany,tech,01-01-1900,95548,621,1685,59,495,FALSE
2595,Germany,finance,01-01-1900,98538,3904,426,471,953,TRUE
2597,Canada,finance,01-01-1900,42064,1357,1434,279,873,FALSE
2599,Canada,politics,01-01-1900,66886,1218,1943,279,739,FALSE
2600,USA,politics,01-01-1900,89124,4577,1026,214,865,FALSE
2603,Germany,finance,01-01-1900,18518,1465,801,251,119,TRUE
2607,UK,finance,01-01-1900,26768,2448,697,267,965,TRUE
2609,India,politics,01-01-1900,49673,4285,1934,251,110,FALSE
2611,India,politics,01-01-1900,79721,1345,1279,21,794,FALSE
2615,UK,finance,01-01-1900,59298,2312,1848,259,430,FALSE
2616,Germany,finance,01-01-1900,10108,799,911,296,387,TRUE
2625,Unknown,finance,01-01-1900,36613,2115,1613,474,270,FALSE
2627,Germany,sports,01-01-1900,56874,3198,1318,335,752,TRUE
2628,UK,sports,01-01-1900,80940,811,1035,275,679,TRUE
2629,UK,sports,01-01-1900,60622,4396,767,328,722,FALSE
2631,Canada,tech,01-01-1900,22902,3610,932,440,225,TRUE
2634,Unknown,politics,01-01-1900,63873,1986,605,336,278,FALSE
2637,USA,politics,01-01-1900,98134,2558,844,62,971,TRUE
2639,Unknown,sports,01-01-1900,74344,3715,389,460,461,TRUE
2642,Germany,finance,01-01-1900,36262,3958,113,495,10,TRUE
2644,USA,tech,01-01-1900,49673,1017,732,271,964,FALSE
2649,India,tech,01-01-1900,23727,3040,1487,161,430,TRUE
2650,India,politics,01-01-1900,80038,3234,497,366,222,TRUE
2651,Canada,tech,01-01-1900,80433,3045,450,5,611,FALSE
2653,UK,sports,01-01-1900,98848,1372,94,475,581,TRUE
2655,India,politics,01-01-1900,54916,2743,1196,140,400,TRUE
2657,Canada,tech,01-01-1900,12307,2264,1424,419,643,FALSE
2662,UK,tech,01-01-1900,67155,2072,1804,312,175,TRUE
2667,UK,politics,01-01-1900,19808,2362,1179,438,797,TRUE
2669,UK,sports,01-01-1900,93774,2064,291,451,443,FALSE
2673,India,politics,01-01-1900,99287,2204,1804,268,50,TRUE
2676,Germany,tech,01-01-1900,92053,1170,739,215,816,TRUE
2679,India,tech,01-01-1900,63251,572,296,441,328,FALSE
2683,India,finance,01-01-1900,48549,1474,718,409,423,TRUE
2684,USA,tech,01-01-1900,56099,988,835,470,783,FALSE
2686,Canada,tech,01-01-1900,49673,907,509,273,332,FALSE
2687,Canada,finance,01-01-1900,34187,3338,44,113,915,FALSE
2688,USA,sports,01-01-1900,48521,2292,988,381,25,TRUE
2690,India,politics,01-01-1900,51261,2090,1349,372,846,TRUE
2691,UK,tech,01-01-1900,94971,2392,771,263,83,TRUE
2696,USA,politics,01-01-1900,58873,3685,694,217,520,TRUE
2697,India,Unknown,01-01-1900,53460,4570,1581,251,519,FALSE
2699,Canada,finance,01-01-1900,18950,4270,1095,131,80,FALSE
2703,USA,finance,01-01-1900,51310,2157,1408,49,264,TRUE
2711,USA,tech,01-01-1900,49673,2916,919,115,857,FALSE
2716,Germany,politics,01-01-1900,57853,1661,690,416,940,TRUE
2719,Germany,politics,01-01-1900,49673,101,657,375,309,TRUE
2721,UK,finance,01-01-1900,89447,2915,268,254,600,TRUE
2723,USA,sports,01-01-1900,53508,3303,1870,366,611,TRUE
2724,UK,finance,01-01-1900,9587,2490,962,250,51,FALSE
2727,Germany,sports,01-01-1900,53205,3864,578,192,495,FALSE
2728,India,politics,01-01-1900,22013,4707,1911,454,76,TRUE
2730,Germany,politics,01-01-1900,38774,2678,1748,213,990,TRUE
2740,Canada,tech,01-01-1900,82140,2524,393,49,976,TRUE
2743,Canada,finance,01-01-1900,6586,911,159,26,941,FALSE
2744,Canada,finance,01-01-1900,49673,368,243,240,578,TRUE
2746,USA,politics,01-01-1900,1556,1223,1049,142,825,TRUE
2747,India,tech,01-01-1900,16018,4938,548,133,115,FALSE
2753,India,tech,01-01-1900,40292,647,1524,132,879,TRUE
2759,USA,politics,01-01-1900,95556,1807,709,482,49,TRUE
2761,Canada,politics,01-01-1900,76792,1499,413,107,50,FALSE
2763,USA,Unknown,01-01-1900,92955,96,1923,278,902,FALSE
2764,India,sports,01-01-1900,1295,2276,1484,131,143,FALSE
2765,Germany,tech,01-01-1900,34650,429,774,151,331,TRUE
2768,UK,politics,01-01-1900,94326,4976,1228,360,632,TRUE
2770,Germany,tech,01-01-1900,7341,4977,1915,173,410,TRUE
2773,Unknown,Unknown,01-01-1900,95633,1583,1487,443,949,TRUE
2779,India,sports,01-01-1900,51827,3658,190,226,154,FALSE
2780,India,politics,01-01-1900,78380,2713,800,79,730,TRUE
2781,India,finance,01-01-1900,61329,588,99,249,905,TRUE
2782,USA,finance,01-01-1900,25944,2835,730,351,805,TRUE
2783,Canada,tech,01-01-1900,7308,1448,1618,74,185,FALSE
2784,India,tech,01-01-1900,21197,2391,1962,119,437,FALSE
2785,India,politics,01-01-1900,80974,3769,1781,315,86,FALSE
2787,USA,sports,01-01-1900,17596,1258,1165,91,316,TRUE
2795,USA,finance,01-01-1900,2136,2222,983,91,581,TRUE
2799,Canada,politics,01-01-1900,75549,1146,1783,299,411,FALSE
2800,India,finance,01-01-1900,24391,3891,833,145,638,FALSE
2801,Germany,finance,01-01-1900,66747,2524,1100,32,651,TRUE
2802,USA,tech,01-01-1900,56070,673,1246,80,551,FALSE
2807,Germany,tech,01-01-1900,49884,2204,1957,186,960,TRUE
2815,USA,sports,01-01-1900,49673,4868,705,331,256,FALSE
2816,Germany,sports,01-01-1900,22299,3389,787,423,510,TRUE
2821,UK,tech,01-01-1900,39884,635,1862,93,387,TRUE
2823,USA,politics,01-01-1900,15965,3073,444,370,199,FALSE
2829,Germany,tech,01-01-1900,43574,1493,1628,223,698,FALSE
2831,Canada,politics,01-01-1900,1924,1663,1143,296,313,TRUE
2834,UK,finance,01-01-1900,99807,2485,983,441,104,FALSE
2836,USA,tech,01-01-1900,60729,452,807,434,659,TRUE
2838,UK,politics,01-01-1900,81965,3808,329,54,199,FALSE
2840,India,finance,01-01-1900,40535,1370,696,99,526,TRUE
2842,Germany,finance,01-01-1900,35862,1498,983,112,271,FALSE
2843,Germany,finance,01-01-1900,55975,2450,1994,189,367,TRUE
2844,Canada,finance,01-01-1900,49673,2509,33,155,538,TRUE
2845,USA,tech,01-01-1900,89385,2454,1458,166,251,FALSE
2846,Germany,politics,01-01-1900,49673,1069,1227,400,892,FALSE
2849,UK,tech,01-01-1900,85917,351,1745,203,569,TRUE
2851,Canada,tech,01-01-1900,98523,2305,1148,149,495,FALSE
2852,UK,politics,01-01-1900,6988,3803,1044,421,247,FALSE
2856,Germany,sports,01-01-1900,55912,1360,1075,204,585,TRUE
2858,Unknown,sports,01-01-1900,85721,2524,486,423,155,TRUE
2862,Canada,sports,01-01-1900,41115,2708,1057,437,255,FALSE
2870,USA,finance,01-01-1900,17055,2659,530,383,177,TRUE
2871,Germany,tech,01-01-1900,3975,2524,1213,275,638,FALSE
2874,Germany,sports,01-01-1900,24757,2524,578,424,77,TRUE
2880,Germany,sports,01-01-1900,17964,3147,1712,165,549,FALSE
2881,Germany,politics,01-01-1900,29880,2094,1221,386,73,TRUE
2882,USA,tech,01-01-1900,1301,891,976,384,585,FALSE
2884,Germany,tech,01-01-1900,71659,2009,32,95,568,FALSE
2889,USA,sports,01-01-1900,74053,2524,345,415,175,FALSE
2891,UK,tech,01-01-1900,98771,3186,190,263,526,FALSE
2894,UK,politics,01-01-1900,15324,4946,1974,456,658,FALSE
2895,Canada,finance,01-01-1900,41009,2645,39,416,911,TRUE
2897,Canada,politics,01-01-1900,42276,3555,164,165,180,TRUE
2899,Canada,tech,01-01-1900,70428,4811,1459,69,330,TRUE
2900,India,sports,01-01-1900,35320,2294,970,17,622,FALSE
2902,Germany,politics,01-01-1900,65242,3512,733,251,49,TRUE
2903,USA,tech,01-01-1900,58016,2841,1848,367,115,FALSE
2908,USA,finance,01-01-1900,81362,2227,357,469,861,FALSE
2909,Germany,tech,01-01-1900,15957,3492,606,217,22,FALSE
2913,USA,finance,01-01-1900,49673,2524,878,111,606,TRUE
2915,Canada,politics,01-01-1900,20307,3388,410,24,620,TRUE
2916,Canada,politics,01-01-1900,90292,2524,983,415,515,FALSE
2917,India,tech,01-01-1900,73248,3291,1984,283,482,TRUE
2926,USA,politics,01-01-1900,22816,1170,109,283,90,FALSE
2928,India,sports,01-01-1900,52687,1237,735,262,407,FALSE
2930,India,sports,01-01-1900,53249,774,118,6,912,FALSE
2931,India,tech,01-01-1900,3740,1975,1591,486,997,FALSE
2934,USA,sports,01-01-1900,92044,2320,1282,251,791,TRUE
2935,USA,finance,01-01-1900,79211,1785,506,497,917,FALSE
2936,Germany,tech,01-01-1900,79377,4051,626,81,929,TRUE
2938,UK,politics,01-01-1900,49673,2978,983,286,220,TRUE
2940,USA,tech,01-01-1900,92669,3592,1619,285,749,TRUE
2941,UK,finance,01-01-1900,42711,3066,1142,250,346,TRUE
2942,USA,tech,01-01-1900,43752,849,510,336,540,TRUE
2943,India,sports,01-01-1900,74769,4258,1609,403,123,FALSE
2949,India,finance,01-01-1900,65498,37,1327,64,305,FALSE
2951,India,finance,01-01-1900,20773,2524,1495,244,784,FALSE
2952,UK,tech,01-01-1900,39357,4908,498,109,994,TRUE
2954,Canada,finance,01-01-1900,93677,310,1274,383,945,TRUE
2955,Germany,sports,01-01-1900,17602,2010,1133,225,861,FALSE
2956,Germany,finance,01-01-1900,61537,2385,1832,240,909,FALSE
2960,UK,finance,01-01-1900,80226,1209,954,192,794,FALSE
2961,Canada,Unknown,01-01-1900,27040,1514,481,276,21,FALSE
2964,UK,politics,01-01-1900,79389,2162,1818,34,282,FALSE
2965,UK,sports,01-01-1900,37547,407,408,313,789,TRUE
2967,India,finance,01-01-1900,46069,1039,1437,141,780,FALSE
2969,India,politics,01-01-1900,16468,701,1450,71,544,FALSE
2970,UK,tech,01-01-1900,50929,2524,811,342,658,FALSE
2971,Germany,tech,01-01-1900,46110,1923,368,448,614,TRUE
2972,UK,politics,01-01-1900,89846,3985,545,180,678,FALSE
2973,India,politics,01-01-1900,85592,4860,1420,292,521,TRUE
2975,Canada,sports,01-01-1900,35081,400,350,416,283,FALSE
2981,Germany,tech,01-01-1900,42309,537,1017,250,751,FALSE
2983,India,tech,01-01-1900,64396,3235,833,451,618,TRUE
2984,India,tech,01-01-1900,4110,453,329,72,150,TRUE
2987,USA,tech,01-01-1900,89308,4725,1188,450,2,FALSE
2989,Germany,finance,01-01-1900,57496,171,177,56,731,FALSE
2990,USA,finance,01-01-1900,63596,2524,17,131,294,FALSE
2992,UK,finance,01-01-1900,56041,3989,1878,15,666,FALSE
2993,USA,politics,01-01-1900,75320,1519,1387,64,296,TRUE
2997,Germany,politics,01-01-1900,41336,1425,826,372,433,FALSE
2998,India,politics,01-01-1900,26953,4444,321,500,68,FALSE
2999,Canada,finance,01-01-1900,44071,4997,1968,467,117,FALSE
3001,Canada,finance,01-01-1900,93919,2396,1651,120,456,TRUE
3002,UK,sports,01-01-1900,209,3692,1741,408,636,FALSE
3003,UK,sports,01-01-1900,35073,1295,1673,492,410,FALSE
3004,Canada,finance,01-01-1900,63847,951,756,51,28,FALSE
3005,Canada,sports,01-01-1900,46393,4388,1693,129,330,FALSE
3007,USA,tech,01-01-1900,8447,4241,131,422,992,FALSE
3011,Germany,sports,01-01-1900,23750,4146,624,11,571,FALSE
3012,Canada,tech,01-01-1900,8307,3928,1190,51,652,TRUE
3014,India,finance,01-01-1900,99614,301,1937,442,709,TRUE
3016,Canada,finance,01-01-1900,74764,4880,130,355,506,TRUE
3019,UK,sports,01-01-1900,49673,2234,620,311,61,TRUE
3022,Germany,politics,01-01-1900,1982,2524,730,48,71,TRUE
3023,Canada,tech,01-01-1900,54396,1576,263,32,541,TRUE
3024,India,finance,01-01-1900,11769,846,1579,78,14,TRUE
3027,Germany,sports,01-01-1900,73843,139,935,499,495,TRUE
3029,Germany,tech,01-01-1900,1129,109,324,313,832,TRUE
3030,UK,sports,01-01-1900,94177,3397,1591,251,495,FALSE
3031,UK,Unknown,01-01-1900,15511,4725,1579,170,629,FALSE
3033,UK,tech,01-01-1900,33144,3410,288,263,907,TRUE
3037,Germany,politics,01-01-1900,18096,2990,983,246,653,FALSE
3038,India,finance,01-01-1900,23844,2198,1225,177,978,FALSE
3039,India,finance,01-01-1900,88017,366,699,206,85,TRUE
3041,Canada,finance,01-01-1900,15065,4902,1389,442,685,FALSE
3042,USA,sports,01-01-1900,7196,861,374,251,290,FALSE
3043,Canada,sports,01-01-1900,98987,2234,1019,320,770,FALSE
3046,USA,finance,01-01-1900,17139,2730,1493,472,225,FALSE
3053,Canada,tech,01-01-1900,37259,1730,1365,0,144,TRUE
3054,USA,tech,01-01-1900,27436,2952,1103,139,936,FALSE
3055,India,politics,01-01-1900,5209,2524,684,288,219,TRUE
3057,India,politics,01-01-1900,19057,4480,827,82,689,FALSE
3059,Canada,finance,01-01-1900,11125,3645,1650,7,45,TRUE
3063,Germany,politics,01-01-1900,63730,764,1731,32,152,TRUE
3064,USA,tech,01-01-1900,60462,4011,613,37,336,FALSE
3067,India,finance,01-01-1900,1361,517,933,439,378,FALSE
3075,Canada,sports,01-01-1900,68701,4832,510,98,978,FALSE
3077,USA,finance,01-01-1900,24647,624,983,128,976,TRUE
3080,USA,politics,01-01-1900,69946,3049,1198,189,478,FALSE
3081,Germany,sports,01-01-1900,49673,30,498,272,210,TRUE
3082,India,tech,01-01-1900,41242,800,1210,350,634,FALSE
3083,Unknown,politics,01-01-1900,16820,2414,1368,464,66,FALSE
3086,USA,politics,01-01-1900,6306,1359,1402,294,734,TRUE
3088,India,tech,01-01-1900,36308,3744,840,299,63,FALSE
3091,Canada,sports,01-01-1900,81862,1269,1335,455,149,FALSE
3092,Germany,finance,01-01-1900,49673,4437,1465,204,850,TRUE
3094,USA,sports,01-01-1900,907,3343,1296,75,771,TRUE
3095,India,tech,01-01-1900,86606,2520,276,386,495,TRUE
3100,Germany,tech,01-01-1900,93514,473,1223,29,343,FALSE
3102,UK,tech,01-01-1900,84287,4450,1799,168,228,TRUE
3103,Canada,sports,01-01-1900,25667,4397,727,277,430,TRUE
3104,USA,politics,01-01-1900,34102,3143,1283,152,65,TRUE
3105,Canada,finance,01-01-1900,12342,396,525,370,457,FALSE
3107,Germany,Unknown,01-01-1900,71145,4786,31,267,973,TRUE
3108,Canada,politics,01-01-1900,61047,1568,445,374,281,TRUE
3111,USA,sports,01-01-1900,49673,377,719,203,411,FALSE
3116,India,sports,01-01-1900,8187,4302,1217,300,244,FALSE
3119,India,finance,01-01-1900,74911,2524,693,27,618,FALSE
3120,Canada,finance,01-01-1900,98077,242,983,448,142,TRUE
3123,India,politics,01-01-1900,36121,2967,1067,295,678,TRUE
3125,USA,sports,01-01-1900,96756,2295,1101,458,440,FALSE
3129,UK,politics,01-01-1900,3520,3323,313,478,961,FALSE
3131,India,politics,01-01-1900,27997,4914,1580,11,194,FALSE
3135,UK,finance,01-01-1900,73830,4857,1346,475,495,TRUE
3138,Germany,Unknown,01-01-1900,84103,381,1420,35,686,FALSE
3139,India,Unknown,01-01-1900,82969,3285,1842,370,553,FALSE
3142,Canada,tech,01-01-1900,39592,3323,290,488,280,FALSE
3143,Germany,finance,01-01-1900,4971,4277,935,268,472,FALSE
3144,Canada,sports,01-01-1900,76689,3219,184,148,943,TRUE
3147,Canada,tech,01-01-1900,56645,3989,915,462,903,TRUE
3149,Germany,Unknown,01-01-1900,3389,4307,65,130,121,FALSE
3152,UK,tech,01-01-1900,84607,4874,827,224,615,FALSE
3153,UK,politics,01-01-1900,70207,1993,823,374,451,FALSE
3157,Canada,politics,01-01-1900,49673,3129,769,182,664,FALSE
3159,India,Unknown,01-01-1900,53156,2524,1577,437,371,FALSE
3160,UK,tech,01-01-1900,30624,531,647,241,329,FALSE
3164,India,tech,01-01-1900,45867,2452,1528,344,789,FALSE
3165,Germany,sports,01-01-1900,34439,2212,1598,335,85,TRUE
3166,India,tech,01-01-1900,58604,1975,655,258,969,TRUE
3173,India,tech,01-01-1900,11592,2501,833,490,400,TRUE
3174,USA,sports,01-01-1900,49673,1305,45,232,520,TRUE
3177,India,sports,01-01-1900,62469,3804,1032,458,780,FALSE
3178,UK,sports,01-01-1900,91453,1918,456,261,325,FALSE
3180,Germany,politics,01-01-1900,29558,600,1213,349,420,FALSE
3181,UK,sports,01-01-1900,37703,908,983,228,103,FALSE
3185,Germany,sports,01-01-1900,69173,2524,1379,56,608,FALSE
3186,USA,politics,01-01-1900,6642,4898,1567,251,296,TRUE
3188,UK,sports,01-01-1900,92999,2133,230,499,733,TRUE
3190,India,politics,01-01-1900,32118,1100,1863,361,250,TRUE
3191,Unknown,finance,01-01-1900,21728,4819,677,228,900,FALSE
3193,USA,sports,01-01-1900,73974,4713,664,408,730,TRUE
3194,India,Unknown,01-01-1900,2169,1739,1024,479,926,TRUE
3195,India,sports,01-01-1900,49673,2570,1478,487,611,FALSE
3198,Canada,sports,01-01-1900,98371,3824,560,8,217,FALSE
3201,Canada,sports,01-01-1900,49673,4594,169,258,706,TRUE
3202,UK,finance,01-01-1900,68677,1619,285,411,629,TRUE
3205,UK,tech,01-01-1900,30536,4328,813,334,575,FALSE
3208,USA,finance,01-01-1900,89305,4759,160,381,650,TRUE
3211,USA,sports,01-01-1900,7686,1165,366,460,432,TRUE
3212,India,tech,01-01-1900,95394,4251,111,212,878,TRUE
3217,USA,finance,01-01-1900,96919,585,1150,325,695,TRUE
3218,USA,sports,01-01-1900,98885,1850,1041,242,967,FALSE
3219,Canada,sports,01-01-1900,49673,4420,879,210,863,FALSE
3224,India,politics,01-01-1900,74554,1526,239,335,281,FALSE
3227,Canada,finance,01-01-1900,53610,4362,620,466,133,FALSE
3233,USA,politics,01-01-1900,18468,2524,1113,45,509,TRUE
3238,USA,sports,01-01-1900,12954,1389,3,260,55,TRUE
3239,India,tech,01-01-1900,20831,3810,1102,160,147,TRUE
3240,UK,politics,01-01-1900,28367,2060,1918,225,832,FALSE
3241,Unknown,tech,01-01-1900,21952,3943,1056,355,229,TRUE
3249,Canada,politics,01-01-1900,30068,179,244,192,656,TRUE
3250,USA,finance,01-01-1900,11684,1625,1986,167,481,FALSE
3251,Canada,sports,01-01-1900,56790,3170,1623,221,915,TRUE
3256,Germany,finance,01-01-1900,97838,2612,205,20,212,TRUE
3264,UK,finance,01-01-1900,67411,4970,225,431,143,TRUE
3266,UK,finance,01-01-1900,23926,2228,1428,289,448,TRUE
3274,Canada,politics,01-01-1900,51473,3154,34,299,218,FALSE
3289,USA,sports,01-01-1900,4495,2116,247,251,487,FALSE
3293,Unknown,tech,01-01-1900,18479,10,1137,83,239,FALSE
3294,India,sports,01-01-1900,91790,3877,1606,297,237,FALSE
3295,USA,sports,01-01-1900,75422,1791,536,166,668,FALSE
3296,Canada,finance,01-01-1900,33823,4225,1272,290,968,TRUE
3298,India,tech,01-01-1900,69449,4738,625,371,912,FALSE
3309,UK,sports,01-01-1900,68198,3401,579,37,355,TRUE
3311,India,tech,01-01-1900,51555,2204,377,251,166,FALSE
3314,Germany,sports,01-01-1900,69935,2131,1840,115,668,TRUE
3319,UK,tech,01-01-1900,15513,4403,1232,251,649,FALSE
3326,India,tech,01-01-1900,73128,3772,1179,452,880,FALSE
3331,UK,tech,01-01-1900,34620,3060,179,137,226,FALSE
3333,Germany,sports,01-01-1900,10686,2750,62,37,623,TRUE
3339,Canada,finance,01-01-1900,45269,4748,618,306,39,TRUE
3341,UK,tech,01-01-1900,94163,3280,838,427,41,FALSE
3342,Canada,finance,01-01-1900,12145,325,1019,213,617,TRUE
3343,UK,sports,01-01-1900,88348,367,1597,232,495,TRUE
3344,Canada,Unknown,01-01-1900,27715,3299,27,117,200,FALSE
3348,Germany,tech,01-01-1900,76054,1473,360,401,71,TRUE
3353,Germany,politics,01-01-1900,23727,235,1526,251,294,FALSE
3355,Canada,finance,01-01-1900,32455,4044,1684,329,674,FALSE
3357,Germany,sports,01-01-1900,99707,1495,1271,17,347,FALSE
3359,USA,politics,01-01-1900,2759,3198,1962,460,56,FALSE
3360,Germany,politics,01-01-1900,64244,1346,1396,342,451,FALSE
3361,Germany,politics,01-01-1900,29807,1688,404,61,166,FALSE
3368,Canada,sports,01-01-1900,49673,4811,1292,172,818,TRUE
3375,USA,tech,01-01-1900,12667,2217,989,44,989,FALSE
3376,India,finance,01-01-1900,82562,3912,397,368,445,FALSE
3378,Germany,finance,01-01-1900,14919,763,983,485,842,TRUE
3384,India,finance,01-01-1900,49673,779,1587,456,556,TRUE
3386,Germany,finance,01-01-1900,65994,1647,983,160,91,FALSE
3388,Germany,sports,01-01-1900,39419,1095,1745,315,408,FALSE
3390,USA,politics,01-01-1900,56116,938,1287,61,141,TRUE
3392,USA,finance,01-01-1900,69432,3322,327,388,509,TRUE
3394,India,tech,01-01-1900,77643,2615,1433,373,928,FALSE
3399,UK,tech,01-01-1900,49673,690,1,326,9,FALSE
3400,USA,sports,01-01-1900,78869,2088,1516,205,463,FALSE
3401,Germany,politics,01-01-1900,66079,2688,577,63,403,FALSE
3402,Canada,finance,01-01-1900,79320,326,51,242,238,FALSE
3407,USA,finance,01-01-1900,64531,4299,699,124,50,FALSE
3412,Germany,tech,01-01-1900,72514,3916,61,426,230,FALSE
3413,Canada,politics,01-01-1900,32083,3277,1696,436,300,FALSE
3414,India,sports,01-01-1900,8776,3314,1740,448,837,TRUE
3418,UK,finance,01-01-1900,32383,3144,720,8,574,FALSE
3419,India,Unknown,01-01-1900,17476,1047,1082,321,738,TRUE
3421,Canada,finance,01-01-1900,80763,541,983,427,879,FALSE
3422,India,tech,01-01-1900,898,1603,983,470,875,TRUE
3424,Canada,politics,01-01-1900,52703,2524,1594,333,444,FALSE
3425,Canada,finance,01-01-1900,17691,2524,333,405,495,FALSE
3428,Germany,sports,01-01-1900,86491,2972,1558,86,39,FALSE
3429,Canada,sports,01-01-1900,9501,4669,602,87,546,TRUE
3431,UK,politics,01-01-1900,590,1554,153,269,906,TRUE
3432,Germany,sports,01-01-1900,10469,3431,576,318,64,FALSE
3436,USA,tech,01-01-1900,62691,2524,1883,105,374,FALSE
3439,USA,tech,01-01-1900,21824,3128,1321,34,200,FALSE
3440,Germany,tech,01-01-1900,62629,1719,1193,482,181,FALSE
3442,India,tech,01-01-1900,9511,1052,1496,230,663,TRUE
3445,India,finance,01-01-1900,46871,3307,198,239,489,TRUE
3446,India,politics,01-01-1900,66052,3836,1194,321,269,TRUE
3448,UK,Unknown,01-01-1900,16331,1572,1458,74,989,FALSE
3449,Unknown,sports,01-01-1900,70475,1708,1495,48,769,FALSE
3451,UK,tech,01-01-1900,49673,1941,615,125,387,FALSE
3452,Germany,finance,01-01-1900,60252,1952,1156,247,521,FALSE
3457,Canada,finance,01-01-1900,53659,4103,1455,158,477,FALSE
3458,USA,sports,01-01-1900,40401,562,1428,204,895,TRUE
3462,UK,sports,01-01-1900,80499,1010,1709,97,552,TRUE
3464,India,sports,01-01-1900,92691,3920,301,345,500,TRUE
3465,Canada,sports,01-01-1900,41785,2192,983,396,81,TRUE
3466,India,finance,01-01-1900,64981,3431,1102,2,483,FALSE
3467,India,finance,01-01-1900,18771,976,710,423,910,FALSE
3472,Germany,sports,01-01-1900,56513,3331,1604,399,819,TRUE
3478,Germany,politics,01-01-1900,72088,1854,1191,127,797,TRUE
3479,India,tech,01-01-1900,40641,4456,1578,142,540,TRUE
3482,Canada,finance,01-01-1900,31161,2795,753,165,659,FALSE
3486,Canada,sports,01-01-1900,89287,4082,693,426,495,TRUE
3489,Canada,tech,01-01-1900,86423,2524,1905,257,431,TRUE
3491,USA,finance,01-01-1900,86801,3027,1062,380,939,FALSE
3493,Canada,finance,01-01-1900,49673,3774,1730,330,462,FALSE
3494,UK,sports,01-01-1900,63512,2489,686,276,157,FALSE
3497,USA,politics,01-01-1900,88030,3744,736,213,37,FALSE
3500,Germany,finance,01-01-1900,75772,4659,1111,392,147,FALSE
3501,India,politics,01-01-1900,35852,1193,416,199,388,FALSE
3502,Unknown,finance,01-01-1900,48996,4427,1351,198,123,FALSE
3504,UK,tech,01-01-1900,79824,446,139,369,770,TRUE
3505,Canada,finance,01-01-1900,78778,2105,983,223,156,TRUE
3506,USA,tech,01-01-1900,67247,994,983,286,992,TRUE
3507,India,sports,01-01-1900,13576,2210,1160,207,495,FALSE
3511,Canada,politics,01-01-1900,8766,3590,1311,167,748,FALSE
3512,Germany,politics,01-01-1900,14131,2184,1449,139,741,FALSE
3513,India,tech,01-01-1900,99722,4963,560,335,94,FALSE
3516,UK,sports,01-01-1900,26517,4274,544,86,791,FALSE
3519,UK,politics,01-01-1900,60073,120,833,314,249,FALSE
3524,USA,politics,01-01-1900,90140,827,1767,251,465,TRUE
3525,Canada,tech,01-01-1900,78781,2987,167,398,993,FALSE
3531,USA,finance,01-01-1900,62940,2916,184,8,924,FALSE
3532,USA,sports,01-01-1900,66006,4676,222,498,53,FALSE
3534,USA,sports,01-01-1900,97642,1217,453,231,580,FALSE
3535,India,Unknown,01-01-1900,6913,416,1434,276,50,TRUE
3538,India,tech,01-01-1900,92421,1406,237,445,45,FALSE
3542,USA,tech,01-01-1900,90922,2235,1635,63,958,TRUE
3543,Germany,tech,01-01-1900,83072,2183,132,149,309,FALSE
3545,India,tech,01-01-1900,69039,3131,1274,212,737,FALSE
3547,India,sports,01-01-1900,49673,2878,443,377,132,FALSE
3550,India,tech,01-01-1900,51074,3702,1293,126,255,FALSE
3552,UK,politics,01-01-1900,23758,602,1086,387,219,FALSE
3553,Germany,finance,01-01-1900,1975,2675,830,187,692,FALSE
3557,Canada,politics,01-01-1900,91558,2524,1955,122,239,FALSE
3561,Germany,finance,01-01-1900,35305,3157,57,402,278,TRUE
3566,USA,sports,01-01-1900,61362,527,961,299,569,FALSE
3569,UK,finance,01-01-1900,55165,3345,1137,25,495,FALSE
3570,USA,sports,01-01-1900,64567,1905,1141,110,889,FALSE
3571,Germany,finance,01-01-1900,58197,3255,983,145,491,TRUE
3573,Canada,finance,01-01-1900,5947,784,684,284,554,TRUE
3574,USA,finance,01-01-1900,38884,2504,1244,258,393,TRUE
3576,Germany,finance,01-01-1900,75283,42,1965,109,224,FALSE
3581,UK,Unknown,01-01-1900,46262,3495,916,172,99,FALSE
3582,Germany,tech,01-01-1900,7434,4958,547,137,596,FALSE
3583,Canada,politics,01-01-1900,52500,851,712,241,563,TRUE
3584,Canada,politics,01-01-1900,44845,1954,1670,251,383,TRUE
3586,UK,tech,01-01-1900,64485,3927,1678,425,758,TRUE
3590,Unknown,politics,01-01-1900,85009,4993,837,88,888,FALSE
3591,UK,sports,01-01-1900,52584,1598,904,481,415,TRUE
3592,India,finance,01-01-1900,23022,2524,1378,378,141,FALSE
3593,UK,politics,01-01-1900,78494,2726,1528,202,223,TRUE
3609,India,politics,01-01-1900,765,893,136,459,269,FALSE
3610,UK,finance,01-01-1900,70703,2987,652,293,407,FALSE
3614,Canada,tech,01-01-1900,87828,1521,1410,251,290,FALSE
3615,India,sports,01-01-1900,4675,612,510,19,763,FALSE
3617,Germany,sports,01-01-1900,38915,4869,192,347,142,TRUE
3619,Germany,finance,01-01-1900,83312,3409,501,39,248,FALSE
3621,UK,sports,01-01-1900,98458,4392,68,230,784,TRUE
3622,Unknown,politics,01-01-1900,85132,2883,319,284,342,FALSE
3626,India,sports,01-01-1900,15725,1019,116,100,439,FALSE
3627,India,tech,01-01-1900,3184,4973,1815,487,976,FALSE
3630,Canada,finance,01-01-1900,91447,3939,983,390,671,TRUE
3634,India,finance,01-01-1900,11545,875,1440,428,493,TRUE
3635,UK,politics,01-01-1900,13405,2100,133,438,89,TRUE
3638,India,finance,01-01-1900,3108,834,386,43,811,TRUE
3640,India,sports,01-01-1900,49673,2730,1819,310,763,TRUE
3643,UK,politics,01-01-1900,18728,2257,1873,444,974,TRUE
3644,UK,tech,01-01-1900,67768,4112,93,431,677,TRUE
3646,USA,tech,01-01-1900,57058,4269,1158,210,685,FALSE
3648,USA,finance,01-01-1900,72454,42,1388,252,132,FALSE
3652,USA,sports,01-01-1900,26092,4762,91,159,531,FALSE
3653,Canada,sports,01-01-1900,49673,1450,244,5,286,TRUE
3658,UK,politics,01-01-1900,94239,101,10,137,590,TRUE
3659,UK,sports,01-01-1900,28121,3129,421,296,377,FALSE
3664,UK,politics,01-01-1900,75124,3135,279,213,77,FALSE
3665,UK,sports,01-01-1900,79065,1863,1425,114,764,TRUE
3667,India,finance,01-01-1900,6712,1775,74,399,350,TRUE
3670,USA,sports,01-01-1900,66384,4888,530,488,487,FALSE
3671,UK,politics,01-01-1900,3800,3635,648,80,495,FALSE
3672,UK,finance,01-01-1900,55819,1870,1876,26,278,TRUE
3686,India,Unknown,01-01-1900,53789,4305,314,286,468,FALSE
3687,India,politics,01-01-1900,4344,3316,467,280,811,FALSE
3688,USA,tech,01-01-1900,32992,2524,136,323,934,FALSE
3694,India,sports,01-01-1900,86952,4565,83,463,898,FALSE
3695,Germany,politics,01-01-1900,64187,4202,1256,90,943,TRUE
3700,UK,tech,01-01-1900,86053,658,1276,468,947,TRUE
3703,USA,sports,01-01-1900,49673,3724,1899,248,228,TRUE
3705,Canada,politics,01-01-1900,83276,3535,1996,464,110,FALSE
3707,Canada,politics,01-01-1900,23495,3356,1850,155,206,FALSE
3711,UK,sports,01-01-1900,65641,4990,1830,399,217,FALSE
3712,Germany,politics,01-01-1900,69585,2977,1880,303,530,TRUE
3713,India,tech,01-01-1900,74556,4703,100,394,660,FALSE
3714,India,tech,01-01-1900,54082,1065,1418,366,954,TRUE
3715,UK,tech,01-01-1900,21446,4177,1702,496,739,FALSE
3716,Germany,sports,01-01-1900,46095,4021,771,89,999,TRUE
3717,UK,tech,01-01-1900,90652,2388,158,274,62,TRUE
3719,India,finance,01-01-1900,89114,2046,1533,200,634,FALSE
3722,UK,tech,01-01-1900,57656,1168,618,251,465,FALSE
3723,USA,sports,01-01-1900,25380,1872,332,414,815,FALSE
3728,Canada,sports,01-01-1900,71013,2062,1269,443,177,TRUE
3730,Germany,finance,01-01-1900,70491,1311,1415,303,378,FALSE
3731,Germany,politics,01-01-1900,37859,220,983,339,992,TRUE
3735,Germany,sports,01-01-1900,26822,2524,1566,366,437,FALSE
3737,UK,politics,01-01-1900,96642,2333,1857,467,805,FALSE
3739,USA,tech,01-01-1900,81831,685,771,217,988,FALSE
3743,Canada,politics,01-01-1900,72981,310,983,253,212,TRUE
3746,USA,politics,01-01-1900,15449,4240,1827,246,207,TRUE
3747,USA,sports,01-01-1900,33643,2376,545,352,215,FALSE
3748,UK,tech,01-01-1900,73377,1774,763,66,136,TRUE
3751,Canada,finance,01-01-1900,20021,1756,1858,448,341,TRUE
3753,India,Unknown,01-01-1900,58300,908,1372,199,617,TRUE
3754,Canada,politics,01-01-1900,31252,4968,243,74,384,FALSE
3757,Canada,politics,01-01-1900,59291,4061,267,127,495,FALSE
3758,USA,tech,01-01-1900,8743,1840,1590,445,403,FALSE
3759,India,Unknown,01-01-1900,44127,2016,1849,282,975,FALSE
3760,USA,finance,01-01-1900,82888,299,252,470,613,FALSE
3764,Germany,sports,01-01-1900,80388,4851,1699,41,107,TRUE
3766,UK,sports,01-01-1900,15267,3108,1428,331,267,FALSE
3769,Unknown,tech,01-01-1900,83874,2721,1786,487,929,FALSE
3772,Canada,finance,01-01-1900,75359,2200,915,373,139,FALSE
3774,Germany,tech,01-01-1900,36417,3496,87,148,54,FALSE
3778,USA,finance,01-01-1900,83211,203,661,395,110,TRUE
3780,UK,finance,01-01-1900,63354,69,728,342,331,FALSE
3781,USA,politics,01-01-1900,36587,1298,194,335,753,FALSE
3782,Germany,sports,01-01-1900,31362,254,546,81,352,FALSE
3784,UK,tech,01-01-1900,30778,3223,1792,165,333,TRUE
3788,UK,finance,01-01-1900,32875,4128,1484,464,664,TRUE
3790,Canada,tech,01-01-1900,31506,519,890,239,835,FALSE
3796,India,sports,01-01-1900,5674,4520,397,436,495,FALSE
3799,India,finance,01-01-1900,80555,333,983,410,217,FALSE
3805,Canada,politics,01-01-1900,12141,69,622,45,112,TRUE
3808,Canada,politics,01-01-1900,67797,2575,965,363,451,FALSE
3810,UK,politics,01-01-1900,4242,3846,524,256,609,TRUE
3813,Canada,politics,01-01-1900,70786,883,1950,432,325,TRUE
3814,Canada,tech,01-01-1900,41217,2161,976,233,683,TRUE
3815,Canada,tech,01-01-1900,79776,2507,1476,203,289,TRUE
3816,India,finance,01-01-1900,50419,3699,543,307,480,TRUE
3817,Germany,sports,01-01-1900,61281,483,1687,335,725,FALSE
3818,USA,sports,01-01-1900,86275,2597,363,377,809,TRUE
3820,USA,tech,01-01-1900,15482,1300,1066,251,495,FALSE
3822,Canada,tech,01-01-1900,62579,4897,812,86,934,TRUE
3825,Germany,politics,01-01-1900,58705,4774,1590,190,853,TRUE
3826,USA,politics,01-01-1900,49673,4575,220,118,592,TRUE
3828,Canada,tech,01-01-1900,89448,2899,78,148,193,TRUE
3831,UK,politics,01-01-1900,63456,2378,188,382,735,FALSE
3834,Canada,politics,01-01-1900,32396,94,1613,483,753,TRUE
3836,Canada,sports,01-01-1900,9582,3171,661,65,5,TRUE
3837,USA,Unknown,01-01-1900,85610,4612,357,31,456,TRUE
3842,USA,finance,01-01-1900,64867,1524,1332,497,681,TRUE
3843,Canada,tech,01-01-1900,97797,2051,343,14,41,FALSE
3849,Germany,sports,01-01-1900,43991,1463,1598,144,239,TRUE
3850,India,politics,01-01-1900,28917,2971,1370,169,29,TRUE
3851,USA,finance,01-01-1900,94588,670,1024,443,416,TRUE
3855,Germany,sports,01-01-1900,14648,1234,1000,14,706,FALSE
3857,India,politics,01-01-1900,45264,1150,1666,168,720,FALSE
3858,USA,politics,01-01-1900,24369,112,1349,87,32,TRUE
3861,Germany,finance,01-01-1900,38416,2564,983,35,383,FALSE
3862,USA,tech,01-01-1900,42044,1829,435,290,889,FALSE
3865,Germany,sports,01-01-1900,22893,4916,117,222,467,TRUE
3868,India,tech,01-01-1900,87786,4111,1372,251,866,FALSE
3869,USA,tech,01-01-1900,44114,169,1194,336,243,FALSE
3872,UK,finance,01-01-1900,27483,2969,150,279,288,TRUE
3874,India,tech,01-01-1900,35183,2809,1621,280,425,FALSE
3875,Germany,finance,01-01-1900,96299,3167,1815,270,796,TRUE
3876,UK,sports,01-01-1900,70972,4658,1766,395,210,FALSE
3877,USA,tech,01-01-1900,34082,1353,1544,384,762,TRUE
3879,Canada,sports,01-01-1900,74770,1728,981,166,357,TRUE
3881,UK,politics,01-01-1900,48234,4520,1208,422,43,TRUE
3883,India,finance,01-01-1900,89479,3707,1666,298,261,FALSE
3885,India,sports,01-01-1900,49673,1195,1573,184,495,FALSE
3886,India,politics,01-01-1900,78363,237,1346,334,612,FALSE
3892,India,Unknown,01-01-1900,40605,3200,1884,251,611,TRUE
3894,Germany,finance,01-01-1900,97939,889,1673,220,957,FALSE
3895,India,sports,01-01-1900,28696,4393,472,61,881,TRUE
3907,Unknown,finance,01-01-1900,22747,1340,152,127,512,TRUE
3912,Germany,tech,01-01-1900,9010,3402,1788,497,33,TRUE
3914,Canada,Unknown,01-01-1900,24768,1026,1101,5,899,FALSE
3915,India,tech,01-01-1900,27139,420,115,8,76,FALSE
3917,USA,politics,01-01-1900,84669,1779,87,93,21,FALSE
3918,Canada,politics,01-01-1900,32008,4331,1711,130,137,FALSE
3919,USA,politics,01-01-1900,20728,1795,479,248,747,FALSE
3920,India,tech,01-01-1900,90331,3969,1972,407,315,FALSE
3921,India,finance,01-01-1900,11391,1659,1668,194,538,FALSE
3923,Canada,finance,01-01-1900,49673,2837,766,60,539,TRUE
3924,UK,politics,01-01-1900,43805,3479,537,192,694,FALSE
3925,India,sports,01-01-1900,16064,26,1394,482,704,FALSE
3927,Canada,sports,01-01-1900,79866,3023,229,228,128,TRUE
3928,UK,tech,01-01-1900,44777,3154,1647,188,941,TRUE
3930,USA,tech,01-01-1900,42704,663,1809,373,295,FALSE
3931,Germany,politics,01-01-1900,32528,4349,370,349,559,FALSE
3932,UK,tech,01-01-1900,10455,706,1272,71,951,TRUE
3933,Canada,Unknown,01-01-1900,4519,2012,1680,489,367,TRUE
3935,Canada,politics,01-01-1900,36747,4461,110,353,62,TRUE
3936,Unknown,sports,01-01-1900,31816,1132,1019,166,24,FALSE
3937,USA,finance,01-01-1900,52209,2524,246,381,619,TRUE
3938,Canada,sports,01-01-1900,49673,1138,1100,167,495,FALSE
3941,UK,finance,01-01-1900,46083,241,1438,57,242,TRUE
3942,USA,finance,01-01-1900,50557,787,522,276,170,FALSE
3944,USA,sports,01-01-1900,35666,2692,1808,165,317,TRUE
3946,Germany,finance,01-01-1900,16677,1232,658,450,223,FALSE
3947,USA,politics,01-01-1900,69532,4150,1375,251,351,TRUE
3950,USA,finance,01-01-1900,71445,4082,677,406,63,FALSE
3955,Canada,politics,01-01-1900,72027,4430,360,402,495,TRUE
3958,Germany,politics,01-01-1900,38491,2433,1876,254,7,TRUE
3960,Canada,politics,01-01-1900,51115,3216,1570,113,299,FALSE
3964,Canada,politics,01-01-1900,77579,4227,664,21,273,FALSE
3968,UK,politics,01-01-1900,18764,4151,1527,140,0,FALSE
3971,UK,tech,01-01-1900,82624,2182,983,460,769,FALSE
3972,UK,Unknown,01-01-1900,70149,739,1447,288,542,FALSE
3974,India,finance,01-01-1900,57941,54,483,116,235,FALSE
3976,USA,politics,01-01-1900,33931,2274,428,374,744,FALSE
3977,USA,Unknown,01-01-1900,85693,2647,1431,268,552,FALSE
3978,Canada,finance,01-01-1900,6875,3138,115,251,2,TRUE
3985,UK,finance,01-01-1900,79543,3548,1052,490,320,FALSE
3986,Unknown,sports,01-01-1900,85653,2524,585,92,53,FALSE
3987,Germany,tech,01-01-1900,58372,2469,1754,251,754,FALSE
3988,USA,finance,01-01-1900,49673,716,576,3,711,FALSE
3990,India,tech,01-01-1900,42250,1595,378,446,917,FALSE
3996,USA,tech,01-01-1900,24810,4572,200,163,196,TRUE
3998,USA,sports,01-01-1900,47533,2643,813,414,944,TRUE
4000,USA,sports,01-01-1900,50906,3064,416,189,770,FALSE
4005,India,politics,01-01-1900,5929,2271,932,38,623,FALSE
4007,UK,finance,01-01-1900,8534,1431,644,96,378,FALSE
4011,USA,politics,01-01-1900,14742,1120,850,160,167,TRUE
4013,Canada,sports,01-01-1900,55839,318,1859,41,853,FALSE
4015,UK,finance,01-01-1900,18921,3888,316,26,921,FALSE
4016,UK,Unknown,01-01-1900,31140,927,1702,83,495,FALSE
4018,Canada,tech,01-01-1900,11383,1452,957,292,441,FALSE
4024,Unknown,politics,01-01-1900,62620,848,751,255,102,TRUE
4025,India,finance,01-01-1900,7708,4685,50,473,177,TRUE
4026,Unknown,tech,01-01-1900,79200,2617,501,175,181,FALSE
4031,India,sports,01-01-1900,29062,4303,1226,205,758,TRUE
4032,Canada,finance,01-01-1900,39616,575,278,128,694,TRUE
4033,India,sports,01-01-1900,35906,4660,686,138,197,FALSE
4034,USA,sports,01-01-1900,46773,1834,1718,282,54,FALSE
4035,USA,sports,01-01-1900,79451,1300,925,228,422,FALSE
4037,India,politics,01-01-1900,16143,2766,1251,336,986,TRUE
4041,USA,finance,01-01-1900,78549,3476,983,273,501,TRUE
4043,UK,tech,01-01-1900,49602,3770,809,274,481,TRUE
4044,UK,tech,01-01-1900,36482,3260,1627,233,463,TRUE
4045,UK,sports,01-01-1900,36287,4320,1765,214,701,FALSE
4052,India,sports,01-01-1900,35165,2101,337,429,784,FALSE
4055,India,tech,01-01-1900,49673,3406,1158,23,880,TRUE
4056,Canada,sports,01-01-1900,20248,3410,1130,248,524,FALSE
4058,India,tech,01-01-1900,29834,3666,983,454,208,TRUE
4061,India,Unknown,01-01-1900,45149,2748,1538,281,520,FALSE
4063,UK,tech,01-01-1900,4088,3323,456,368,919,FALSE
4066,Canada,sports,01-01-1900,94873,2524,328,90,70,TRUE
4070,UK,politics,01-01-1900,85591,2367,1262,187,495,TRUE
4078,Unknown,tech,01-01-1900,80700,4356,247,201,320,FALSE
4080,UK,sports,01-01-1900,83779,1868,893,6,891,TRUE
4084,Germany,finance,01-01-1900,10907,4930,1587,201,174,FALSE
4085,UK,finance,01-01-1900,58548,3865,1514,345,743,TRUE
4086,Germany,sports,01-01-1900,77838,4506,1994,453,115,FALSE
4087,Canada,tech,01-01-1900,58818,1367,244,399,933,TRUE
4089,Germany,politics,01-01-1900,49673,3262,1097,305,202,FALSE
4090,USA,politics,01-01-1900,17033,4491,1581,174,65,FALSE
4092,Unknown,tech,01-01-1900,40624,4013,344,120,399,TRUE
4098,Canada,sports,01-01-1900,83218,4840,647,251,125,FALSE
4099,Canada,tech,01-01-1900,64629,4266,336,445,379,FALSE
4103,UK,tech,01-01-1900,17647,927,568,29,391,TRUE
4105,USA,finance,01-01-1900,53265,4454,1273,211,530,FALSE
4109,Canada,politics,01-01-1900,28653,2524,1555,12,214,FALSE
4110,USA,tech,01-01-1900,69497,741,1108,257,194,FALSE
4111,Germany,tech,01-01-1900,1848,2330,599,266,315,FALSE
4126,UK,politics,01-01-1900,28050,2715,1596,230,692,TRUE
4127,USA,sports,01-01-1900,46724,765,460,312,440,TRUE
4130,Germany,Unknown,01-01-1900,79045,4006,793,5,404,FALSE
4131,Germany,sports,01-01-1900,63485,4660,1030,92,100,TRUE
4134,Canada,tech,01-01-1900,26146,125,421,480,744,TRUE
4135,USA,finance,01-01-1900,98056,2413,1083,67,814,TRUE
4136,USA,finance,01-01-1900,66358,2570,983,188,679,TRUE
4137,India,tech,01-01-1900,23432,702,1535,155,850,TRUE
4139,Germany,finance,01-01-1900,74500,4585,956,251,943,FALSE
4140,UK,politics,01-01-1900,18680,295,491,413,932,FALSE
4141,Unknown,finance,01-01-1900,94522,2524,1830,250,453,FALSE
4145,Canada,politics,01-01-1900,91147,3733,1062,457,686,FALSE
4147,Canada,sports,01-01-1900,19853,4618,1861,251,436,TRUE
4148,Germany,finance,01-01-1900,57397,2377,1424,246,525,TRUE
4151,India,finance,01-01-1900,29115,1968,595,74,437,FALSE
4153,Canada,finance,01-01-1900,71351,4719,563,86,453,FALSE
4154,Germany,sports,01-01-1900,11587,3414,154,276,803,TRUE
4155,India,finance,01-01-1900,18848,3640,1175,245,253,FALSE
4157,India,tech,01-01-1900,54936,3937,1708,486,823,FALSE
4158,India,politics,01-01-1900,91178,478,330,37,494,FALSE
4161,Unknown,Unknown,01-01-1900,64340,4679,1079,154,550,FALSE
4162,Canada,finance,01-01-1900,77556,2949,750,292,448,FALSE
4163,Canada,finance,01-01-1900,91808,1419,1290,75,171,TRUE
4166,Unknown,sports,01-01-1900,46726,3267,1889,110,976,TRUE
4167,UK,politics,01-01-1900,94337,2524,34,155,827,FALSE
4172,Germany,politics,01-01-1900,65503,1510,967,318,729,FALSE
4175,USA,politics,01-01-1900,40747,2342,739,316,428,FALSE
4176,India,politics,01-01-1900,30757,2051,597,65,495,TRUE
4177,Canada,politics,01-01-1900,38093,3847,1110,231,23,TRUE
4178,Canada,sports,01-01-1900,15907,4511,745,191,371,TRUE
4179,India,finance,01-01-1900,8385,2574,874,367,519,FALSE
4180,USA,sports,01-01-1900,36282,4985,176,248,533,TRUE
4181,India,tech,01-01-1900,78905,4849,62,242,214,FALSE
4185,Germany,sports,01-01-1900,84266,1269,1476,406,388,TRUE
4194,UK,politics,01-01-1900,73212,182,283,242,466,TRUE
4197,USA,politics,01-01-1900,36952,1257,129,253,883,FALSE
4198,USA,finance,01-01-1900,20272,3189,1862,254,64,FALSE
4199,Germany,politics,01-01-1900,42124,4679,1055,323,217,FALSE
4202,UK,finance,01-01-1900,20602,172,749,166,193,FALSE
4204,UK,politics,01-01-1900,92232,3937,563,132,728,TRUE
4205,UK,tech,01-01-1900,29393,2247,1471,90,391,TRUE
4212,UK,finance,01-01-1900,20691,1610,1266,495,186,FALSE
4215,Canada,finance,01-01-1900,69477,4606,307,465,10,FALSE
4216,USA,sports,01-01-1900,32854,4655,1071,440,102,TRUE
4220,Germany,sports,01-01-1900,98431,1067,703,75,159,TRUE
4222,Canada,sports,01-01-1900,39591,2178,488,155,41,TRUE
4223,Germany,politics,01-01-1900,45454,291,1113,273,386,TRUE
4227,UK,politics,01-01-1900,88008,3027,917,439,33,TRUE
4230,India,politics,01-01-1900,48371,4841,1259,217,594,FALSE
4233,UK,finance,01-01-1900,23235,1683,983,351,885,FALSE
4236,Germany,sports,01-01-1900,23951,972,578,113,860,FALSE
4237,Canada,tech,01-01-1900,52341,1962,196,24,475,FALSE
4238,India,tech,01-01-1900,38024,235,1406,286,971,FALSE
4239,USA,sports,01-01-1900,7306,4483,1427,21,62,FALSE
4240,USA,finance,01-01-1900,87329,984,1613,61,540,TRUE
4241,Canada,sports,01-01-1900,7047,29,1291,176,52,FALSE
4242,Canada,finance,01-01-1900,76979,3141,104,116,532,TRUE
4244,UK,sports,01-01-1900,49673,4642,303,51,532,TRUE
4247,UK,tech,01-01-1900,44580,194,963,190,693,TRUE
4252,Canada,tech,01-01-1900,552,2505,1653,315,804,FALSE
4256,USA,politics,01-01-1900,810,2189,223,409,719,FALSE
4257,Canada,sports,01-01-1900,49673,2989,1704,319,280,TRUE
4258,India,sports,01-01-1900,49673,2986,1209,73,81,TRUE
4260,Canada,Unknown,01-01-1900,98088,694,55,469,357,TRUE
4261,UK,Unknown,01-01-1900,68809,199,241,376,822,TRUE
4262,Unknown,finance,01-01-1900,68421,1506,1273,354,705,TRUE
4263,Germany,sports,01-01-1900,7840,2568,732,419,990,TRUE
4264,Germany,sports,01-01-1900,1823,2138,1369,276,598,TRUE
4268,UK,finance,01-01-1900,28767,2372,560,285,820,TRUE
4270,USA,finance,01-01-1900,83470,2524,1046,432,495,TRUE
4273,UK,finance,01-01-1900,87162,3327,475,278,358,FALSE
4274,USA,politics,01-01-1900,79205,1447,435,202,242,FALSE
4277,India,politics,01-01-1900,49673,3625,1735,271,664,FALSE
4278,Germany,politics,01-01-1900,90489,1074,622,251,764,TRUE
4281,USA,tech,01-01-1900,19462,2950,1398,119,767,TRUE
4282,UK,politics,01-01-1900,52128,3533,1577,456,700,TRUE
4285,Canada,sports,01-01-1900,16941,2205,983,114,495,TRUE
4288,India,sports,01-01-1900,12806,2524,580,20,589,TRUE
4294,USA,finance,01-01-1900,51735,2574,131,144,121,FALSE
4296,UK,sports,01-01-1900,67726,834,489,268,499,FALSE
4299,Canada,finance,01-01-1900,14541,3878,858,421,407,TRUE
4300,UK,tech,01-01-1900,17262,597,1835,160,153,FALSE
4301,India,finance,01-01-1900,45380,2624,1581,361,51,FALSE
4303,USA,finance,01-01-1900,81490,217,254,284,495,FALSE
4304,India,sports,01-01-1900,68678,1367,1867,45,828,TRUE
4305,USA,sports,01-01-1900,1933,3487,983,273,234,FALSE
4308,India,finance,01-01-1900,15518,975,983,464,344,FALSE
4309,USA,sports,01-01-1900,49673,3922,955,364,591,TRUE
4316,UK,tech,01-01-1900,51205,4479,1547,16,682,FALSE
4318,UK,sports,01-01-1900,27727,1341,1364,432,570,TRUE
4321,USA,politics,01-01-1900,28328,2216,87,151,15,TRUE
4325,Germany,politics,01-01-1900,93206,3497,150,252,39,FALSE
4336,India,finance,01-01-1900,61628,1027,1234,346,919,FALSE
4337,Unknown,Unknown,01-01-1900,26147,225,1590,343,948,FALSE
4342,Canada,tech,01-01-1900,56489,1305,983,251,761,TRUE
4344,Germany,finance,01-01-1900,78001,3497,1528,205,575,FALSE
4345,India,sports,01-01-1900,39099,167,292,64,807,TRUE
4347,India,finance,01-01-1900,61047,3087,1307,251,496,TRUE
4348,Germany,sports,01-01-1900,49673,4522,787,15,505,FALSE
4349,USA,politics,01-01-1900,13685,1658,1077,342,495,FALSE
4351,UK,tech,01-01-1900,48612,253,1805,374,811,FALSE
4354,Germany,tech,01-01-1900,6823,4276,983,359,662,FALSE
4355,Canada,Unknown,01-01-1900,60791,2956,1334,281,958,FALSE
4357,Germany,sports,01-01-1900,83231,1340,1851,121,298,TRUE
4365,Unknown,sports,01-01-1900,92217,3223,713,149,336,TRUE
4367,UK,tech,01-01-1900,39565,2169,372,264,354,TRUE
4368,UK,sports,01-01-1900,4305,2767,464,481,456,TRUE
4371,Germany,finance,01-01-1900,90778,2524,587,484,373,TRUE
4372,Unknown,Unknown,01-01-1900,98907,23,1168,402,27,FALSE
4373,Canada,finance,01-01-1900,8294,267,1813,370,619,FALSE
4376,Canada,politics,01-01-1900,62286,3038,829,40,72,FALSE
4377,Canada,politics,01-01-1900,74148,3402,1486,169,930,TRUE
4378,UK,finance,01-01-1900,43165,2283,424,125,811,TRUE
4383,Canada,finance,01-01-1900,49673,329,158,246,283,TRUE
4385,USA,finance,01-01-1900,40952,4538,123,87,163,TRUE
4386,Germany,finance,01-01-1900,26621,3929,96,92,498,TRUE
4387,UK,sports,01-01-1900,49673,529,1816,252,477,TRUE
4388,Canada,sports,01-01-1900,45192,1862,1764,170,362,FALSE
4389,UK,sports,01-01-1900,94396,2311,983,208,940,FALSE
4390,Germany,tech,01-01-1900,64559,4346,936,172,356,FALSE
4391,Unknown,sports,01-01-1900,96213,338,1990,218,785,TRUE
4393,USA,politics,01-01-1900,59185,1260,1335,297,996,TRUE
4394,Canada,finance,01-01-1900,20442,2043,238,230,939,TRUE
4396,India,Unknown,01-01-1900,95831,1463,1336,40,325,TRUE
4398,Canada,sports,01-01-1900,23259,2764,1066,295,506,FALSE
4402,Canada,tech,01-01-1900,74766,365,1942,296,495,FALSE
4403,Germany,tech,01-01-1900,90658,739,967,107,213,TRUE
4405,Germany,finance,01-01-1900,86650,2524,88,498,81,TRUE
4407,Germany,finance,01-01-1900,80811,1957,1154,101,408,FALSE
4408,USA,sports,01-01-1900,78870,4302,1817,271,364,FALSE
4409,India,sports,01-01-1900,74905,2971,1259,165,748,TRUE
4412,Germany,finance,01-01-1900,77088,2248,1790,470,741,TRUE
4417,UK,politics,01-01-1900,67524,2191,1268,66,495,FALSE
4419,UK,politics,01-01-1900,77222,2196,138,137,197,FALSE
4423,Canada,sports,01-01-1900,99700,393,949,285,557,FALSE
4426,India,politics,01-01-1900,5942,3588,624,136,300,TRUE
4431,Germany,politics,01-01-1900,51828,198,1394,491,807,FALSE
4432,USA,politics,01-01-1900,90552,4204,682,254,139,FALSE
4433,USA,sports,01-01-1900,23243,1997,1268,251,10,TRUE
4434,UK,politics,01-01-1900,78375,4709,214,321,364,TRUE
4435,USA,finance,01-01-1900,50486,4998,1847,100,797,FALSE
4437,Canada,sports,01-01-1900,40914,1888,668,388,653,FALSE
4438,India,sports,01-01-1900,83432,367,1540,212,530,FALSE
4439,Canada,finance,01-01-1900,40353,3946,1990,199,756,TRUE
4440,USA,politics,01-01-1900,56714,60,1134,124,262,TRUE
4442,India,finance,01-01-1900,36882,4847,145,414,458,FALSE
4444,Germany,sports,01-01-1900,18429,3285,1443,251,926,TRUE
4446,India,tech,01-01-1900,76459,4448,1208,110,489,FALSE
4447,USA,tech,01-01-1900,42150,2845,878,118,561,FALSE
4451,Canada,politics,01-01-1900,42618,3366,1559,422,686,TRUE
4455,USA,sports,01-01-1900,92977,4058,1851,92,128,TRUE
4459,USA,tech,01-01-1900,10603,737,1651,106,596,TRUE
4460,USA,sports,01-01-1900,93515,2524,612,414,990,TRUE
4462,Canada,sports,01-01-1900,86460,3644,1207,137,266,FALSE
4465,UK,Unknown,01-01-1900,9304,2516,1032,135,495,TRUE
4466,India,finance,01-01-1900,84103,2524,729,33,693,TRUE
4467,India,politics,01-01-1900,86984,2069,653,350,950,FALSE
4470,UK,sports,01-01-1900,49673,1824,688,112,594,TRUE
4471,Germany,tech,01-01-1900,2693,4922,883,138,614,TRUE
4472,Germany,tech,01-01-1900,80634,3826,173,58,342,TRUE
4474,Canada,tech,01-01-1900,80123,1568,1999,315,56,FALSE
4475,USA,politics,01-01-1900,35695,2061,105,53,428,FALSE
4476,Canada,politics,01-01-1900,78679,2582,679,420,425,TRUE
4479,Canada,politics,01-01-1900,54221,1160,994,183,939,FALSE
4486,UK,finance,01-01-1900,38013,4704,1952,182,749,FALSE
4487,USA,finance,01-01-1900,96019,2509,852,254,220,TRUE
4490,Canada,Unknown,01-01-1900,22848,2524,1778,232,400,FALSE
4492,UK,tech,01-01-1900,63361,3214,456,459,569,FALSE
4497,Germany,Unknown,01-01-1900,49673,224,815,31,347,TRUE
4498,Canada,tech,01-01-1900,56002,1152,1696,251,286,FALSE
4503,Canada,tech,01-01-1900,97394,366,413,341,847,TRUE
4505,India,politics,01-01-1900,50201,4520,443,93,284,TRUE
4506,India,finance,01-01-1900,66448,247,0,295,281,FALSE
4508,India,tech,01-01-1900,10651,3195,240,240,646,TRUE
4509,UK,finance,01-01-1900,2222,4385,306,251,81,FALSE
4511,UK,sports,01-01-1900,16795,2088,1879,486,495,TRUE
4513,Germany,tech,01-01-1900,98098,4161,1403,31,373,FALSE
4514,Canada,tech,01-01-1900,55842,700,1156,482,280,TRUE
4519,USA,sports,01-01-1900,57346,3303,572,432,481,TRUE
4520,India,tech,01-01-1900,64694,3316,990,216,372,FALSE
4521,India,sports,01-01-1900,52447,4747,211,106,618,FALSE
4522,Germany,finance,01-01-1900,84897,2851,1676,92,495,FALSE
4526,Canada,finance,01-01-1900,48282,1583,880,153,952,TRUE
4528,USA,sports,01-01-1900,7492,1420,47,210,807,FALSE
4531,Germany,finance,01-01-1900,2653,2219,36,43,495,FALSE
4532,USA,politics,01-01-1900,94870,4037,1985,9,305,FALSE
4536,USA,finance,01-01-1900,6684,452,1971,126,787,FALSE
4538,Germany,tech,01-01-1900,92141,2021,662,230,297,TRUE
4540,Canada,sports,01-01-1900,17414,2524,177,209,443,FALSE
4541,USA,tech,01-01-1900,50588,725,525,84,152,TRUE
4543,Germany,politics,01-01-1900,37477,338,1230,422,495,FALSE
4547,USA,finance,01-01-1900,62198,4902,1253,435,835,TRUE
4548,USA,sports,01-01-1900,95433,390,791,395,495,TRUE
4549,UK,politics,01-01-1900,77899,365,1057,440,812,TRUE
4550,India,politics,01-01-1900,59929,2910,1727,179,558,TRUE
4551,UK,finance,01-01-1900,40106,2460,983,103,407,TRUE
4552,Unknown,sports,01-01-1900,57716,1705,1378,104,138,FALSE
4553,India,politics,01-01-1900,67620,1240,1044,225,94,TRUE
4555,Canada,finance,01-01-1900,39593,1962,762,313,33,TRUE
4556,Canada,tech,01-01-1900,42036,4587,1434,226,744,TRUE
4558,India,tech,01-01-1900,10107,3153,1823,44,774,FALSE
4560,USA,finance,01-01-1900,86153,3202,128,218,576,FALSE
4561,Canada,finance,01-01-1900,58815,957,33,257,84,FALSE
4568,UK,tech,01-01-1900,59179,1272,6,375,564,FALSE
4569,UK,politics,01-01-1900,85453,1027,1585,437,216,TRUE
4575,Germany,politics,01-01-1900,88396,2780,1620,146,226,FALSE
4577,USA,sports,01-01-1900,18756,3783,1356,46,252,TRUE
4578,Canada,tech,01-01-1900,8345,622,1026,390,480,FALSE
4580,UK,tech,01-01-1900,56688,4207,1033,87,323,FALSE
4584,Canada,tech,01-01-1900,46002,4929,316,159,13,FALSE
4586,UK,finance,01-01-1900,94961,4085,371,370,28,TRUE
4588,Unknown,politics,01-01-1900,53386,2772,1998,395,480,TRUE
4593,Canada,finance,01-01-1900,96709,3415,327,330,828,TRUE
4598,USA,finance,01-01-1900,12231,4613,864,171,510,TRUE
4599,Canada,politics,01-01-1900,65900,1314,1714,481,783,FALSE
4600,Germany,sports,01-01-1900,55393,4143,419,328,219,TRUE
4601,Canada,finance,01-01-1900,23967,2917,1373,254,718,FALSE
4603,India,tech,01-01-1900,26001,22,16,250,353,TRUE
4607,Unknown,sports,01-01-1900,59742,1937,57,204,290,TRUE
4608,Canada,politics,01-01-1900,65905,3709,39,409,426,FALSE
4611,Canada,politics,01-01-1900,41400,2542,1783,207,855,TRUE
4612,UK,politics,01-01-1900,47442,2488,983,82,743,TRUE
4616,Germany,sports,01-01-1900,58598,3743,1096,57,889,TRUE
4620,Canada,politics,01-01-1900,55967,3798,1406,455,262,TRUE
4622,Germany,finance,01-01-1900,58651,4347,1007,25,322,FALSE
4624,USA,sports,01-01-1900,63770,1616,211,269,126,TRUE
4625,India,sports,01-01-1900,81996,673,611,100,94,FALSE
4631,India,Unknown,01-01-1900,64793,2213,412,350,209,TRUE
4633,Canada,finance,01-01-1900,72924,4445,1200,243,476,FALSE
4635,Germany,politics,01-01-1900,16326,486,1498,484,107,TRUE
4636,Germany,politics,01-01-1900,85630,2838,60,261,416,FALSE
4639,Canada,finance,01-01-1900,72383,242,550,483,193,TRUE
4641,USA,sports,01-01-1900,43412,762,812,51,107,FALSE
4643,India,sports,01-01-1900,96879,1168,1503,113,893,FALSE
4647,USA,sports,01-01-1900,49673,3748,260,455,779,FALSE
4648,Canada,tech,01-01-1900,46774,3742,1313,124,495,FALSE
4649,Canada,Unknown,01-01-1900,87041,1257,1117,384,584,FALSE
4653,Canada,finance,01-01-1900,74628,4108,983,324,131,FALSE
4654,UK,tech,01-01-1900,53868,2494,1906,239,983,FALSE
4658,USA,tech,01-01-1900,71487,834,1039,281,374,TRUE
4660,UK,tech,01-01-1900,96161,3911,1808,488,799,FALSE
4665,Unknown,politics,01-01-1900,74156,3009,1726,213,190,TRUE
4670,Unknown,sports,01-01-1900,42238,2524,373,267,495,TRUE
4675,Germany,politics,01-01-1900,64520,1852,1148,251,199,TRUE
4676,India,finance,01-01-1900,97033,470,34,488,997,TRUE
4680,USA,sports,01-01-1900,23362,4662,563,257,127,TRUE
4683,Germany,tech,01-01-1900,17462,950,1855,76,520,TRUE
4687,USA,sports,01-01-1900,74753,72,1115,341,308,FALSE
4691,India,politics,01-01-1900,77565,1441,1176,247,432,FALSE
4694,Germany,politics,01-01-1900,35709,4427,745,123,495,TRUE
4696,India,politics,01-01-1900,76064,2058,983,274,283,TRUE
4700,USA,sports,01-01-1900,39296,3875,962,380,180,FALSE
4702,USA,sports,01-01-1900,94380,1528,841,421,504,FALSE
4703,India,politics,01-01-1900,93400,724,1741,470,796,TRUE
4707,India,tech,01-01-1900,38574,3947,983,45,755,FALSE
4708,UK,finance,01-01-1900,16560,3734,983,34,282,TRUE
4710,UK,Unknown,01-01-1900,30958,3950,395,173,197,FALSE
4714,USA,politics,01-01-1900,5000,1255,983,439,377,FALSE
4718,Canada,sports,01-01-1900,20821,2524,820,384,31,FALSE
4720,India,tech,01-01-1900,10635,519,983,305,488,FALSE
4723,Germany,sports,01-01-1900,49673,2676,948,381,955,TRUE
4726,Germany,politics,01-01-1900,34402,4650,1939,453,20,FALSE
4727,Canada,sports,01-01-1900,67497,1651,841,251,482,FALSE
4728,Canada,tech,01-01-1900,15918,2508,958,251,9,FALSE
4729,Canada,finance,01-01-1900,16165,205,894,156,321,FALSE
4731,Germany,politics,01-01-1900,38253,3475,1768,251,249,TRUE
4733,USA,finance,01-01-1900,96597,1615,114,58,826,TRUE
4738,India,finance,01-01-1900,49673,1321,1562,211,351,TRUE
4740,UK,politics,01-01-1900,64612,3897,218,78,495,FALSE
4742,Canada,tech,01-01-1900,96707,4285,496,388,107,TRUE
4743,India,tech,01-01-1900,81288,4866,1748,256,198,TRUE
4745,India,finance,01-01-1900,60210,4309,751,400,446,FALSE
4746,Germany,tech,01-01-1900,99293,1830,741,270,555,FALSE
4748,Germany,tech,01-01-1900,86673,576,743,152,584,TRUE
4750,Canada,sports,01-01-1900,49673,3371,1160,295,567,FALSE
4752,Germany,politics,01-01-1900,24147,988,1877,3,360,TRUE
4755,Germany,tech,01-01-1900,50560,2801,1560,119,812,TRUE
4759,India,tech,01-01-1900,78042,837,1313,68,116,TRUE
4762,Unknown,sports,01-01-1900,49673,1008,817,395,49,TRUE
4771,India,politics,01-01-1900,46632,508,322,460,333,TRUE
4772,India,tech,01-01-1900,64308,4367,1390,497,878,TRUE
4775,Unknown,sports,01-01-1900,36922,2150,1987,205,106,TRUE
4777,Germany,politics,01-01-1900,71320,4936,1488,363,788,TRUE
4779,Canada,politics,01-01-1900,25486,2000,455,131,13,TRUE
4780,India,sports,01-01-1900,87655,2216,1246,261,495,FALSE
4782,India,sports,01-01-1900,82184,104,363,95,182,FALSE
4787,Germany,finance,01-01-1900,33165,3249,32,373,58,FALSE
4789,India,finance,01-01-1900,87445,2455,1670,68,478,FALSE
4790,Canada,sports,01-01-1900,80292,4375,1203,355,211,TRUE
4794,India,politics,01-01-1900,14036,1890,145,493,455,FALSE
4796,Germany,politics,01-01-1900,63955,2312,151,398,271,FALSE
4797,India,tech,01-01-1900,56088,2524,846,251,173,FALSE
4800,Canada,sports,01-01-1900,33061,3697,1051,137,539,TRUE
4801,Canada,tech,01-01-1900,53420,545,437,251,74,FALSE
4806,India,politics,01-01-1900,1005,4061,1557,327,129,FALSE
4809,UK,sports,01-01-1900,92952,3665,1197,188,618,TRUE
4813,Germany,politics,01-01-1900,62355,3742,1272,36,495,TRUE
4816,Germany,sports,01-01-1900,49673,165,718,401,393,TRUE
4819,Canada,finance,01-01-1900,28986,3652,786,121,967,FALSE
4820,India,sports,01-01-1900,34842,2356,1795,194,504,TRUE
4824,Germany,finance,01-01-1900,30235,1368,1675,351,894,FALSE
4827,India,politics,01-01-1900,31050,201,845,310,859,TRUE
4830,Germany,politics,01-01-1900,51715,3067,1031,3,362,TRUE
4835,UK,politics,01-01-1900,35452,1844,48,50,751,TRUE
4836,USA,tech,01-01-1900,75417,2206,300,378,63,FALSE
4839,USA,tech,01-01-1900,49302,79,477,310,983,FALSE
4840,Canada,politics,01-01-1900,49673,4423,220,204,581,TRUE
4843,Germany,finance,01-01-1900,56416,3976,523,87,509,FALSE
4845,USA,politics,01-01-1900,14618,4119,574,284,254,FALSE
4846,Germany,politics,01-01-1900,80219,2043,983,430,362,TRUE
4850,India,finance,01-01-1900,92267,3524,839,264,238,FALSE
4851,Germany,finance,01-01-1900,50301,3540,1127,97,320,TRUE
4856,Canada,sports,01-01-1900,16229,1328,504,426,526,FALSE
4858,Canada,finance,01-01-1900,62606,2125,1430,293,2,FALSE
4863,India,sports,01-01-1900,17512,4762,951,164,495,FALSE
4868,Germany,finance,01-01-1900,31133,1046,115,228,147,TRUE
4869,Canada,finance,01-01-1900,13981,3080,705,65,648,FALSE
4870,Canada,sports,01-01-1900,44086,781,1792,371,290,FALSE
4871,USA,tech,01-01-1900,14129,691,608,210,647,TRUE
4872,India,tech,01-01-1900,18137,3294,0,247,809,FALSE
4877,Canada,tech,01-01-1900,75100,4052,397,221,152,FALSE
4879,Canada,finance,01-01-1900,14131,1198,227,155,448,FALSE
4881,Germany,finance,01-01-1900,57051,413,1191,26,543,FALSE
4882,Canada,tech,01-01-1900,19136,4656,1956,333,536,TRUE
4888,USA,tech,01-01-1900,7586,2900,1550,85,776,TRUE
4890,Canada,tech,01-01-1900,10024,2309,1404,28,269,FALSE
4892,UK,Unknown,01-01-1900,37087,2329,983,402,357,TRUE
4894,UK,politics,01-01-1900,60094,2917,1418,246,974,FALSE
4897,Germany,finance,01-01-1900,21151,1754,1288,147,545,FALSE
4900,India,politics,01-01-1900,13572,1949,108,22,650,TRUE
4901,Germany,politics,01-01-1900,9961,691,1880,96,404,FALSE
4908,India,tech,01-01-1900,72676,128,471,416,778,FALSE
4909,Germany,Unknown,01-01-1900,50679,2524,983,444,355,TRUE
4910,USA,tech,01-01-1900,35260,581,507,378,753,FALSE
4914,India,finance,01-01-1900,2176,3363,1864,257,152,FALSE
4915,India,politics,01-01-1900,29476,820,700,24,131,TRUE
4920,Canada,finance,01-01-1900,5791,2797,79,310,495,FALSE
4921,India,politics,01-01-1900,8374,1702,1921,122,495,TRUE
4927,Canada,finance,01-01-1900,504,4454,991,306,235,FALSE
4928,India,Unknown,01-01-1900,34269,835,293,372,832,TRUE
4929,Canada,finance,01-01-1900,71253,4015,1719,64,401,FALSE
4931,India,politics,01-01-1900,61138,2254,1087,348,19,TRUE
4933,USA,tech,01-01-1900,50891,954,1090,458,1,FALSE
4934,India,finance,01-01-1900,68936,455,365,347,724,FALSE
4935,USA,sports,01-01-1900,84274,3851,728,167,452,FALSE
4937,USA,finance,01-01-1900,36236,3808,1499,464,491,FALSE
4939,USA,politics,01-01-1900,3917,1878,983,312,308,FALSE
4942,USA,finance,01-01-1900,59330,3490,726,172,195,FALSE
4943,UK,sports,01-01-1900,85252,1567,1085,118,717,FALSE
4944,USA,tech,01-01-1900,78352,1878,1606,64,792,TRUE
4947,USA,sports,01-01-1900,96394,3384,279,316,791,FALSE
4952,Germany,sports,01-01-1900,31867,2618,717,70,879,TRUE
4955,USA,tech,01-01-1900,33304,2524,1072,208,697,FALSE
4957,Canada,politics,01-01-1900,902,1894,257,161,787,TRUE
4960,India,tech,01-01-1900,64363,918,909,494,715,TRUE
4962,Germany,Unknown,01-01-1900,33699,1331,226,173,667,TRUE
4963,UK,tech,01-01-1900,76268,3997,677,218,238,FALSE
4969,Germany,Unknown,01-01-1900,19573,3352,793,294,686,TRUE
4974,Canada,tech,01-01-1900,2075,4019,110,76,814,FALSE
4975,Germany,tech,01-01-1900,45927,4493,377,251,57,TRUE
4976,Germany,sports,01-01-1900,63537,2715,1026,477,600,FALSE
4977,USA,politics,01-01-1900,63742,4626,1632,294,514,FALSE
4978,Germany,tech,01-01-1900,6439,2142,587,167,490,FALSE
4980,UK,finance,01-01-1900,55515,4174,86,66,34,TRUE
4984,Unknown,politics,01-01-1900,49673,32,201,11,239,FALSE
4986,Germany,tech,01-01-1900,49673,4038,1476,39,344,FALSE
4987,USA,sports,01-01-1900,53765,3466,1050,148,683,TRUE
4988,Germany,Unknown,01-01-1900,709,4262,1759,385,88,FALSE
4990,India,politics,01-01-1900,63351,1136,231,421,279,TRUE
4995,USA,sports,01-01-1900,19818,3821,1975,320,375,TRUE
4998,USA,politics,01-01-1900,45255,2993,482,200,84,FALSE
4999,Germany,sports,01-01-1900,76886,2127,886,121,211,TRUE
5003,USA,tech,01-01-1900,47767,4105,858,152,837,TRUE
5006,UK,sports,01-01-1900,87146,1929,964,219,978,FALSE
5008,Germany,Unknown,01-01-1900,49673,2418,212,176,560,FALSE
5009,India,tech,01-01-1900,49673,1511,39,123,598,TRUE
5011,UK,politics,01-01-1900,4801,2956,928,456,444,TRUE
5014,USA,sports,01-01-1900,6576,4935,1626,344,509,FALSE
5015,Unknown,finance,01-01-1900,62111,3612,1231,323,643,TRUE
5016,USA,finance,01-01-1900,18249,2923,372,251,111,TRUE
5022,UK,sports,01-01-1900,94410,1635,1041,160,901,TRUE
5026,Germany,sports,01-01-1900,49673,2524,1302,377,684,FALSE
5029,UK,finance,01-01-1900,45624,3884,399,287,594,FALSE
5031,Germany,sports,01-01-1900,11386,2563,302,396,503,TRUE
5033,Germany,sports,01-01-1900,85675,2524,750,258,170,TRUE
5034,India,politics,01-01-1900,73720,1001,1658,441,291,FALSE
5035,UK,politics,01-01-1900,96250,831,811,260,879,FALSE
5038,Canada,sports,01-01-1900,62623,978,1210,324,495,FALSE
5041,Germany,sports,01-01-1900,99485,4461,982,63,495,TRUE
5042,USA,finance,01-01-1900,26767,156,1467,420,335,FALSE
5044,UK,tech,01-01-1900,2611,1847,919,460,682,TRUE
5045,Germany,politics,01-01-1900,88658,796,289,237,311,FALSE
5046,Germany,politics,01-01-1900,49673,1820,1070,265,6,TRUE
5047,India,tech,01-01-1900,80690,1078,1916,239,559,FALSE
5050,India,tech,01-01-1900,65136,1936,494,102,739,FALSE
5051,Canada,politics,01-01-1900,67264,2148,1690,394,331,TRUE
5052,USA,politics,01-01-1900,23114,4709,1227,394,699,FALSE
5056,USA,finance,01-01-1900,36094,1981,1877,111,196,FALSE
5059,Canada,politics,01-01-1900,80520,1378,1709,132,139,TRUE
5060,Canada,politics,01-01-1900,25108,3138,1730,50,691,FALSE
5063,India,finance,01-01-1900,83744,2587,251,286,783,TRUE
5069,USA,tech,01-01-1900,83812,1546,444,311,495,FALSE
5070,UK,finance,01-01-1900,29942,1667,1166,493,353,TRUE
5071,USA,politics,01-01-1900,42281,2524,460,113,53,FALSE
5074,USA,tech,01-01-1900,11879,3811,310,456,431,FALSE
5075,India,tech,01-01-1900,63311,4304,1515,81,410,TRUE
5077,UK,finance,01-01-1900,35475,860,1090,391,122,FALSE
5083,USA,politics,01-01-1900,7761,1292,1084,34,437,TRUE
5085,Canada,politics,01-01-1900,98996,3497,222,489,115,FALSE
5086,USA,finance,01-01-1900,52453,3639,61,299,482,TRUE
5088,India,finance,01-01-1900,5641,3199,1020,144,329,TRUE
5091,India,finance,01-01-1900,59550,3015,1286,402,381,TRUE
5093,India,politics,01-01-1900,68677,888,1488,410,282,TRUE
5094,Germany,finance,01-01-1900,24109,1863,1923,257,559,TRUE
5097,Germany,politics,01-01-1900,13922,2524,174,34,969,FALSE
5101,Canada,politics,01-01-1900,52862,676,716,194,495,FALSE
5103,Germany,finance,01-01-1900,70133,4110,343,453,920,FALSE
5104,Canada,sports,01-01-1900,87066,1211,369,126,84,FALSE
5106,USA,tech,01-01-1900,77955,2524,159,14,37,FALSE
5108,UK,tech,01-01-1900,82144,3706,1164,135,48,TRUE
5109,USA,politics,01-01-1900,13552,4158,618,13,464,FALSE
5111,India,finance,01-01-1900,41176,2116,318,341,672,FALSE
5113,Germany,sports,01-01-1900,88521,4766,1026,264,748,FALSE
5116,Canada,politics,01-01-1900,99549,2370,163,190,204,TRUE
5122,India,sports,01-01-1900,14026,4898,1334,108,774,TRUE
5123,Canada,tech,01-01-1900,94344,3944,1967,48,362,FALSE
5124,UK,politics,01-01-1900,56872,4185,87,377,205,TRUE
5125,Canada,sports,01-01-1900,45242,2215,1672,444,483,FALSE
5126,Unknown,finance,01-01-1900,50364,3453,1372,251,758,FALSE
5128,India,politics,01-01-1900,94617,2194,670,121,550,FALSE
5129,India,finance,01-01-1900,46055,664,366,428,470,TRUE
5134,India,sports,01-01-1900,5788,1504,237,253,337,FALSE
5135,USA,tech,01-01-1900,49646,3954,799,85,744,TRUE
5136,Germany,finance,01-01-1900,33826,2784,380,220,823,TRUE
5138,Germany,politics,01-01-1900,6214,3818,1275,96,304,TRUE
5140,USA,finance,01-01-1900,69499,3121,1369,239,344,FALSE
5142,Germany,tech,01-01-1900,20623,2524,343,294,318,TRUE
5151,USA,Unknown,01-01-1900,50773,483,1457,122,364,FALSE
5154,UK,politics,01-01-1900,16640,4679,508,254,435,FALSE
5155,Canada,politics,01-01-1900,25462,4498,46,136,689,TRUE
5159,USA,politics,01-01-1900,7890,3081,1786,231,197,TRUE
5162,UK,tech,01-01-1900,81358,4701,947,396,109,FALSE
5163,India,Unknown,01-01-1900,91914,396,1518,132,659,FALSE
5165,UK,Unknown,01-01-1900,49673,1654,481,419,506,TRUE
5166,Germany,sports,01-01-1900,94136,3550,137,251,495,TRUE
5168,UK,sports,01-01-1900,49673,923,970,329,546,FALSE
5171,Canada,tech,01-01-1900,46450,706,97,461,347,FALSE
5175,Canada,finance,01-01-1900,4103,3923,409,396,784,TRUE
5176,Germany,politics,01-01-1900,62818,4389,465,122,307,FALSE
5180,UK,finance,01-01-1900,35974,1163,166,421,607,FALSE
5183,Canada,sports,01-01-1900,38937,1951,974,272,16,TRUE
5185,UK,tech,01-01-1900,57190,4718,1909,86,402,FALSE
5187,Germany,politics,01-01-1900,13678,2840,875,251,158,FALSE
5188,India,finance,01-01-1900,87844,148,1910,333,328,TRUE
5191,Germany,politics,01-01-1900,9818,1486,710,309,982,FALSE
5194,Canada,finance,01-01-1900,49673,4535,1312,224,447,FALSE
5197,Unknown,sports,01-01-1900,1441,414,1355,326,125,TRUE
5198,Germany,finance,01-01-1900,48155,3668,1065,427,762,TRUE
5200,Canada,finance,01-01-1900,79789,1694,1401,67,495,TRUE
5207,India,sports,01-01-1900,95854,4186,956,368,2,FALSE
5217,Canada,tech,01-01-1900,49673,308,37,131,495,TRUE
5219,UK,politics,01-01-1900,86710,1207,348,320,495,FALSE
5221,India,finance,01-01-1900,81250,2933,659,172,285,TRUE
5222,USA,finance,01-01-1900,60225,1995,1270,408,693,TRUE
5223,UK,politics,01-01-1900,49673,2245,1192,384,995,FALSE
5224,Canada,tech,01-01-1900,28571,900,182,179,744,FALSE
5226,Canada,tech,01-01-1900,12492,2133,927,174,267,FALSE
5233,USA,politics,01-01-1900,48418,3459,912,251,18,TRUE
5237,Germany,sports,01-01-1900,24227,4576,1482,251,780,FALSE
5241,USA,Unknown,01-01-1900,14754,2182,1368,161,261,FALSE
5242,UK,tech,01-01-1900,46901,4359,1558,93,88,FALSE
5243,Unknown,politics,01-01-1900,29080,553,445,434,939,FALSE
5245,Unknown,politics,01-01-1900,33473,3466,1552,182,717,FALSE
5248,UK,sports,01-01-1900,19800,4487,1151,275,456,TRUE
5250,USA,finance,01-01-1900,79082,674,983,366,0,FALSE
5251,India,tech,01-01-1900,44126,2642,811,98,576,TRUE
5252,USA,finance,01-01-1900,85211,4686,1218,197,269,FALSE
5254,USA,Unknown,01-01-1900,40121,4932,593,136,917,TRUE
5255,UK,sports,01-01-1900,44293,779,375,161,570,FALSE
5258,USA,sports,01-01-1900,96996,2327,101,215,495,TRUE
5263,India,sports,01-01-1900,40875,2353,1557,251,903,FALSE
5270,USA,politics,01-01-1900,94976,257,874,151,286,TRUE
5272,Germany,tech,01-01-1900,32627,2826,1139,358,0,FALSE
5273,USA,politics,01-01-1900,14013,1381,558,52,783,FALSE
5275,USA,sports,01-01-1900,63415,4700,1244,484,780,FALSE
5278,Germany,tech,01-01-1900,23692,2084,688,151,823,TRUE
5279,UK,politics,01-01-1900,77626,7,565,91,589,FALSE
5280,UK,sports,01-01-1900,74342,319,1524,109,480,FALSE
5281,USA,tech,01-01-1900,47665,1986,404,316,414,FALSE
5282,India,politics,01-01-1900,10580,710,1968,251,798,TRUE
5283,UK,Unknown,01-01-1900,97532,771,1179,419,179,TRUE
5287,Canada,politics,01-01-1900,80784,106,607,191,371,FALSE
5291,Canada,finance,01-01-1900,80901,4836,351,251,162,TRUE
5292,Germany,politics,01-01-1900,49673,4512,664,191,601,FALSE
5296,UK,politics,01-01-1900,55566,899,974,251,417,FALSE
5297,USA,tech,01-01-1900,98446,4207,821,314,726,FALSE
5298,India,sports,01-01-1900,15748,4286,983,68,801,TRUE
5303,USA,sports,01-01-1900,27793,4512,201,493,104,FALSE
5307,UK,politics,01-01-1900,71280,3535,1974,161,206,FALSE
5308,USA,sports,01-01-1900,87818,3762,144,139,822,FALSE
5309,India,politics,01-01-1900,62731,1582,693,397,952,FALSE
5313,Germany,Unknown,01-01-1900,37291,3400,1290,297,911,FALSE
5314,India,politics,01-01-1900,49673,1403,1751,217,11,FALSE
5316,USA,finance,01-01-1900,19154,3852,91,280,69,FALSE
5317,UK,finance,01-01-1900,15893,1144,1164,36,884,FALSE
5322,UK,sports,01-01-1900,16971,3993,1777,275,308,TRUE
5323,Canada,finance,01-01-1900,59202,1880,361,242,389,FALSE
5325,Germany,politics,01-01-1900,22908,4915,1127,96,100,TRUE
5327,UK,tech,01-01-1900,16225,1269,64,296,899,FALSE
5328,Unknown,finance,01-01-1900,93768,626,1212,472,495,TRUE
5334,Canada,sports,01-01-1900,71383,2626,115,325,139,FALSE
5335,India,politics,01-01-1900,51234,4401,1742,195,206,TRUE
5336,USA,finance,01-01-1900,55400,4427,1625,435,226,FALSE
5342,Canada,politics,01-01-1900,80945,3099,1428,321,163,FALSE
5344,India,sports,01-01-1900,81221,1193,1,367,573,TRUE
5346,Germany,tech,01-01-1900,79222,1829,139,191,385,TRUE
5347,India,politics,01-01-1900,69434,4254,490,259,33,FALSE
5349,Germany,politics,01-01-1900,11085,1298,1411,324,106,TRUE
5350,Canada,finance,01-01-1900,85099,4731,694,322,468,FALSE
5355,USA,politics,01-01-1900,3907,2543,1491,321,32,FALSE
5356,Unknown,Unknown,01-01-1900,52995,670,73,209,313,TRUE
5357,India,politics,01-01-1900,78658,1674,1672,409,789,FALSE
5358,India,tech,01-01-1900,34511,385,1275,438,786,FALSE
5360,Germany,tech,01-01-1900,32756,1426,753,251,991,FALSE
5361,UK,politics,01-01-1900,59452,354,885,210,345,FALSE
5363,India,politics,01-01-1900,62417,4482,1624,433,138,TRUE
5364,Canada,politics,01-01-1900,22441,2433,252,457,456,TRUE
5367,India,finance,01-01-1900,62833,250,1605,439,68,FALSE
5371,UK,tech,01-01-1900,50741,2698,744,454,595,FALSE
5372,USA,sports,01-01-1900,19889,3114,1925,146,614,FALSE
5374,Germany,tech,01-01-1900,21788,4983,1198,226,495,FALSE
5375,UK,politics,01-01-1900,67423,2612,1451,113,797,TRUE
5378,India,tech,01-01-1900,58324,3862,718,34,685,FALSE
5380,India,sports,01-01-1900,35872,3555,1660,337,358,TRUE
5382,India,finance,01-01-1900,45998,375,985,159,353,TRUE
5384,Germany,sports,01-01-1900,46391,3822,983,312,259,FALSE
5389,UK,sports,01-01-1900,25178,4958,130,110,388,FALSE
5392,Canada,politics,01-01-1900,16430,4879,1906,459,206,TRUE
5394,Germany,finance,01-01-1900,92489,1988,1610,38,115,FALSE
5395,USA,finance,01-01-1900,59318,522,1165,335,779,TRUE
5398,India,finance,01-01-1900,21707,1919,576,261,758,FALSE
5399,UK,sports,01-01-1900,13950,647,826,57,573,FALSE
5401,India,sports,01-01-1900,44876,1929,815,6,423,TRUE
5404,Germany,tech,01-01-1900,13481,1263,1441,472,265,FALSE
5409,USA,finance,01-01-1900,56186,4803,1137,194,495,FALSE
5411,USA,finance,01-01-1900,6808,2450,50,180,623,TRUE
5413,India,finance,01-01-1900,55016,3334,752,362,799,FALSE
5416,India,finance,01-01-1900,19280,3872,824,93,346,TRUE
5417,Canada,politics,01-01-1900,90152,218,858,251,495,TRUE
5420,India,finance,01-01-1900,72691,1520,877,137,780,TRUE
5421,Canada,sports,01-01-1900,89347,1083,1203,49,644,FALSE
5422,Germany,politics,01-01-1900,6982,3790,1519,96,487,FALSE
5426,UK,finance,01-01-1900,97713,2293,983,74,305,FALSE
5429,UK,tech,01-01-1900,88722,1213,1591,380,873,FALSE
5431,Canada,politics,01-01-1900,17229,4309,1712,227,339,TRUE
5433,India,politics,01-01-1900,37969,1180,1321,472,528,FALSE
5434,India,finance,01-01-1900,70832,2589,1318,251,399,TRUE
5436,Germany,politics,01-01-1900,67843,1854,997,110,741,FALSE
5437,India,finance,01-01-1900,15480,3670,1558,268,7,FALSE
5442,USA,finance,01-01-1900,49673,4385,1943,331,109,TRUE
5446,UK,tech,01-01-1900,18748,1382,387,473,495,FALSE
5447,UK,finance,01-01-1900,50988,894,322,193,814,FALSE
5451,Canada,Unknown,01-01-1900,78433,1202,983,302,695,FALSE
5452,Germany,finance,01-01-1900,49673,3286,431,251,331,TRUE
5453,Germany,politics,01-01-1900,23352,1636,1264,385,708,TRUE
5457,Unknown,sports,01-01-1900,5958,3994,764,213,609,FALSE
5459,UK,politics,01-01-1900,49673,3833,1907,251,852,TRUE
5460,Germany,politics,01-01-1900,29387,1676,151,468,569,FALSE
5461,USA,politics,01-01-1900,49673,4877,900,112,873,TRUE
5462,Canada,finance,01-01-1900,86790,466,344,129,687,TRUE
5464,Canada,finance,01-01-1900,40092,2524,1462,46,239,TRUE
5465,Canada,sports,01-01-1900,49673,3372,344,138,151,FALSE
5470,USA,sports,01-01-1900,33583,1845,638,375,495,TRUE
5473,USA,sports,01-01-1900,40943,153,1416,109,798,TRUE
5475,Germany,Unknown,01-01-1900,39836,4301,794,194,716,TRUE
5478,USA,politics,01-01-1900,52986,3584,919,426,396,FALSE
5482,Germany,politics,01-01-1900,77451,1275,755,387,288,FALSE
5486,Canada,politics,01-01-1900,86749,394,1560,251,628,FALSE
5487,UK,finance,01-01-1900,2429,3043,859,153,511,TRUE
5493,India,sports,01-01-1900,40872,3307,119,156,724,TRUE
5494,India,politics,01-01-1900,54831,3497,1455,446,870,FALSE
5495,USA,Unknown,01-01-1900,78968,185,587,274,334,FALSE
5500,Canada,Unknown,01-01-1900,43964,1768,885,60,282,TRUE
5501,India,finance,01-01-1900,28541,4855,977,197,517,FALSE
5502,USA,sports,01-01-1900,50833,2656,965,401,524,TRUE
5505,Germany,tech,01-01-1900,23737,3280,98,333,854,FALSE
5508,USA,sports,01-01-1900,49673,1417,1913,347,809,FALSE
5511,Canada,tech,01-01-1900,47025,3235,773,483,941,TRUE
5512,USA,sports,01-01-1900,85811,1446,1042,377,163,FALSE
5514,USA,tech,01-01-1900,71370,918,48,312,266,TRUE
5515,USA,politics,01-01-1900,93737,2593,371,109,388,FALSE
5516,USA,sports,01-01-1900,23589,4243,536,379,599,FALSE
5518,Germany,sports,01-01-1900,39695,4490,1310,235,569,FALSE
5524,India,tech,01-01-1900,22573,2248,304,291,188,TRUE
5527,USA,finance,01-01-1900,31646,1285,841,21,341,FALSE
5529,Germany,sports,01-01-1900,19652,4992,702,131,29,FALSE
5531,Germany,sports,01-01-1900,73718,2822,352,308,84,TRUE
5532,UK,sports,01-01-1900,30243,2195,26,439,603,FALSE
5534,UK,sports,01-01-1900,71099,4674,459,424,227,FALSE
5535,UK,politics,01-01-1900,83399,4462,983,232,740,TRUE
5540,USA,finance,01-01-1900,77228,2695,983,358,482,TRUE
5543,Germany,finance,01-01-1900,59450,2438,1600,273,339,FALSE
5544,USA,finance,01-01-1900,15879,192,1206,70,849,TRUE
5549,Canada,finance,01-01-1900,89972,4685,1666,367,752,TRUE
5550,Germany,tech,01-01-1900,62061,980,914,280,362,FALSE
5555,Canada,politics,01-01-1900,11648,3586,1274,428,876,TRUE
5560,Unknown,politics,01-01-1900,76263,897,250,153,420,TRUE
5562,USA,tech,01-01-1900,49490,871,477,147,18,TRUE
5564,India,politics,01-01-1900,34373,4445,1496,325,239,FALSE
5566,Canada,politics,01-01-1900,77459,2268,1984,38,512,TRUE
5567,India,finance,01-01-1900,63671,580,65,318,688,TRUE
5568,UK,politics,01-01-1900,62999,4316,1498,11,320,TRUE
5570,Canada,sports,01-01-1900,96575,3275,1918,332,870,TRUE
5573,USA,Unknown,01-01-1900,78498,2810,1596,412,661,TRUE
5576,USA,tech,01-01-1900,14979,4652,1115,473,28,TRUE
5581,UK,sports,01-01-1900,49534,413,1689,485,735,FALSE
5582,India,tech,01-01-1900,71862,1194,1998,486,162,TRUE
5588,Unknown,tech,01-01-1900,32128,198,695,172,814,FALSE
5589,USA,sports,01-01-1900,76391,2311,93,491,234,FALSE
5590,UK,finance,01-01-1900,94003,1520,1635,251,461,FALSE
5591,Germany,politics,01-01-1900,22230,4308,493,336,537,TRUE
5594,Germany,politics,01-01-1900,34210,3667,1300,338,666,FALSE
5598,Germany,tech,01-01-1900,87434,3492,1546,42,421,TRUE
5599,Canada,tech,01-01-1900,35744,4206,798,419,215,TRUE
5600,UK,tech,01-01-1900,20987,3332,205,235,491,TRUE
5607,Canada,tech,01-01-1900,6619,3965,1187,251,146,TRUE
5609,USA,finance,01-01-1900,85644,3395,1219,114,992,FALSE
5613,UK,tech,01-01-1900,75350,3475,1782,468,213,FALSE
5617,USA,tech,01-01-1900,55165,2404,19,60,495,FALSE
5621,Germany,tech,01-01-1900,86113,965,1676,500,419,TRUE
5623,Germany,politics,01-01-1900,42453,3303,517,421,61,TRUE
5625,Canada,politics,01-01-1900,73928,1906,983,82,337,FALSE
5626,USA,sports,01-01-1900,6073,2776,105,119,108,FALSE
5628,Canada,finance,01-01-1900,39913,2524,1225,479,667,TRUE
5630,Germany,Unknown,01-01-1900,38576,4099,1234,377,34,FALSE
5631,UK,Unknown,01-01-1900,30532,3288,1806,377,371,FALSE
5635,USA,tech,01-01-1900,50598,1839,264,142,661,TRUE
5637,USA,tech,01-01-1900,28947,641,1001,487,616,FALSE
5638,Germany,tech,01-01-1900,69737,1653,791,280,593,TRUE
5642,Canada,politics,01-01-1900,81520,1187,1514,246,722,TRUE
5643,Germany,finance,01-01-1900,13816,362,32,251,285,FALSE
5646,USA,finance,01-01-1900,38319,4498,159,334,927,FALSE
5655,Germany,politics,01-01-1900,87116,3510,1065,305,403,FALSE
5656,Germany,tech,01-01-1900,44922,2524,1587,56,884,FALSE
5657,Germany,politics,01-01-1900,49673,1969,1535,466,591,TRUE
5658,India,sports,01-01-1900,89327,4136,263,251,495,FALSE
5661,USA,politics,01-01-1900,88724,4756,991,88,186,FALSE
5664,USA,finance,01-01-1900,69365,2059,1510,82,617,TRUE
5668,USA,Unknown,01-01-1900,73165,3936,525,357,574,TRUE
5669,India,finance,01-01-1900,62138,4282,451,200,111,TRUE
5670,Canada,politics,01-01-1900,65314,444,225,149,359,TRUE
5671,USA,politics,01-01-1900,59077,550,1952,316,685,TRUE
5680,USA,finance,01-01-1900,27523,2448,559,301,782,TRUE
5689,India,tech,01-01-1900,33087,4792,917,308,537,FALSE
5690,Canada,tech,01-01-1900,74047,1147,1350,472,421,FALSE
5691,Germany,politics,01-01-1900,64100,2162,1031,204,9,TRUE
5692,Germany,sports,01-01-1900,34425,1134,345,427,583,TRUE
5696,Canada,Unknown,01-01-1900,5104,1658,449,104,67,FALSE
5703,Unknown,tech,01-01-1900,65807,2904,1569,265,573,TRUE
5708,USA,politics,01-01-1900,36017,2672,1992,489,90,TRUE
5709,UK,tech,01-01-1900,67128,2331,1114,30,340,FALSE
5710,Canada,sports,01-01-1900,92324,2569,1302,269,764,TRUE
5713,Canada,sports,01-01-1900,49673,4867,1783,291,261,FALSE
5716,Germany,tech,01-01-1900,12384,4452,25,365,949,FALSE
5718,Canada,sports,01-01-1900,40624,441,1712,119,972,TRUE
5723,UK,finance,01-01-1900,61017,1654,1854,388,593,TRUE
5730,Canada,politics,01-01-1900,96215,4148,199,356,81,TRUE
5732,Canada,tech,01-01-1900,30048,4166,813,83,746,FALSE
5733,Germany,tech,01-01-1900,18225,1191,773,395,569,TRUE
5736,Germany,finance,01-01-1900,77817,3114,1327,87,945,TRUE
5741,Canada,tech,01-01-1900,4918,1452,475,108,266,TRUE
5742,India,sports,01-01-1900,96913,2781,1456,158,574,FALSE
5743,USA,sports,01-01-1900,59906,2955,119,453,575,FALSE
5744,USA,finance,01-01-1900,55303,4774,796,478,967,TRUE
5745,USA,tech,01-01-1900,47245,1330,983,435,620,TRUE
5747,Unknown,tech,01-01-1900,67642,1207,1623,299,28,TRUE
5749,USA,sports,01-01-1900,88475,462,1702,277,1000,TRUE
5752,UK,finance,01-01-1900,11483,380,509,446,732,TRUE
5753,Germany,finance,01-01-1900,49673,4548,1801,424,807,FALSE
5754,USA,finance,01-01-1900,4404,4170,844,206,529,FALSE
5756,Unknown,tech,01-01-1900,15098,2488,1499,212,822,FALSE
5758,UK,finance,01-01-1900,87160,337,953,359,231,FALSE
5759,USA,tech,01-01-1900,62295,1375,983,283,997,FALSE
5762,USA,sports,01-01-1900,14274,128,865,372,878,FALSE
5774,Canada,finance,01-01-1900,3754,4863,1542,356,239,FALSE
5776,Canada,tech,01-01-1900,75460,1665,983,472,956,FALSE
5777,India,sports,01-01-1900,32159,815,983,150,42,TRUE
5780,India,politics,01-01-1900,41219,3525,903,188,94,FALSE
5789,Canada,finance,01-01-1900,97763,2524,1488,251,58,FALSE
5791,USA,Unknown,01-01-1900,99543,2653,545,298,80,TRUE
5792,Canada,politics,01-01-1900,49673,721,1279,172,683,TRUE
5793,UK,politics,01-01-1900,41919,369,1231,359,347,TRUE
5794,Germany,sports,01-01-1900,27691,1079,983,310,675,FALSE
5796,USA,politics,01-01-1900,49673,849,720,435,375,FALSE
5797,India,politics,01-01-1900,82748,698,1751,264,547,TRUE
5798,UK,tech,01-01-1900,8801,1842,983,10,224,FALSE
5803,USA,finance,01-01-1900,18714,2900,717,408,927,TRUE
5804,India,finance,01-01-1900,26184,355,628,184,873,FALSE
5805,India,finance,01-01-1900,37736,4918,1414,167,466,TRUE
5806,UK,finance,01-01-1900,10165,430,595,156,184,FALSE
5808,Canada,sports,01-01-1900,82225,2524,560,393,773,FALSE
5810,UK,finance,01-01-1900,37981,2524,807,62,354,TRUE
5814,India,tech,01-01-1900,86114,3302,557,123,265,TRUE
5822,India,finance,01-01-1900,67123,3346,336,181,798,FALSE
5825,Unknown,politics,01-01-1900,95691,863,1346,388,292,TRUE
5827,USA,sports,01-01-1900,80219,2201,196,230,6,TRUE
5828,India,tech,01-01-1900,95154,2524,789,461,657,TRUE
5832,UK,tech,01-01-1900,49673,3787,1656,462,140,FALSE
5836,USA,politics,01-01-1900,12512,4299,425,459,804,FALSE
5840,Unknown,politics,01-01-1900,6720,3348,1445,333,623,FALSE
5843,Canada,tech,01-01-1900,49673,3112,1662,101,493,FALSE
5848,UK,politics,01-01-1900,71049,2249,1674,24,9,FALSE
5852,UK,sports,01-01-1900,87926,1369,366,384,407,TRUE
5856,Canada,politics,01-01-1900,81449,3326,470,480,692,FALSE
5857,Canada,sports,01-01-1900,20580,2853,633,251,951,TRUE
5861,Germany,sports,01-01-1900,92539,2770,211,319,624,FALSE
5862,Germany,politics,01-01-1900,56714,4618,1479,28,337,FALSE
5865,UK,finance,01-01-1900,76130,4586,1503,168,285,FALSE
5867,India,politics,01-01-1900,9797,3630,836,277,600,FALSE
5868,USA,Unknown,01-01-1900,93411,3637,1044,40,948,FALSE
5869,Canada,tech,01-01-1900,22774,2955,1239,152,620,TRUE
5878,Canada,finance,01-01-1900,86910,4739,926,251,409,FALSE
5882,Germany,sports,01-01-1900,35788,4419,327,444,601,TRUE
5884,USA,tech,01-01-1900,75094,2056,254,32,330,TRUE
5885,UK,politics,01-01-1900,92348,1097,1166,256,103,FALSE
5887,India,finance,01-01-1900,28735,4369,1877,250,830,TRUE
5889,UK,politics,01-01-1900,23672,822,1764,243,487,FALSE
5891,India,politics,01-01-1900,86460,1227,166,237,937,TRUE
5896,UK,sports,01-01-1900,1394,664,1042,222,741,TRUE
5897,Germany,politics,01-01-1900,35673,1894,1527,55,814,FALSE
5898,USA,sports,01-01-1900,14972,1138,1034,251,136,FALSE
5899,UK,tech,01-01-1900,3125,1716,1082,384,628,FALSE
5900,Canada,politics,01-01-1900,39626,3265,392,377,758,FALSE
5902,Canada,tech,01-01-1900,98834,4291,58,251,495,FALSE
5904,India,sports,01-01-1900,30833,4652,495,365,601,TRUE
5906,Unknown,finance,01-01-1900,44445,4316,662,209,557,FALSE
5908,Canada,politics,01-01-1900,49673,1396,1601,272,355,FALSE
5910,UK,sports,01-01-1900,57100,4604,498,435,196,TRUE
5911,Germany,finance,01-01-1900,1722,4360,1013,83,495,FALSE
5912,India,finance,01-01-1900,74412,4934,1694,356,471,FALSE
5916,India,tech,01-01-1900,98314,316,1072,181,343,FALSE
5919,Germany,finance,01-01-1900,4475,2833,1539,385,356,FALSE
5920,USA,politics,01-01-1900,69206,1238,1251,462,4,TRUE
5922,UK,politics,01-01-1900,63191,2723,277,196,997,FALSE
5924,India,sports,01-01-1900,78549,3413,1418,10,653,TRUE
5925,India,finance,01-01-1900,73247,2192,1668,206,368,TRUE
5926,India,politics,01-01-1900,7959,3478,554,75,706,FALSE
5927,Germany,politics,01-01-1900,27689,860,1067,496,114,TRUE
5928,India,Unknown,01-01-1900,49673,1507,1899,180,694,TRUE
5933,Germany,politics,01-01-1900,90267,2207,1726,103,716,TRUE
5942,Germany,politics,01-01-1900,58759,3667,870,188,73,TRUE
5947,USA,sports,01-01-1900,83799,496,100,28,463,TRUE
5950,India,sports,01-01-1900,21226,1468,1533,365,875,TRUE
5953,Canada,sports,01-01-1900,83163,1491,1633,251,707,FALSE
5960,Germany,tech,01-01-1900,12944,514,209,443,426,FALSE
5962,Canada,politics,01-01-1900,53437,2154,217,276,237,TRUE
5966,Germany,tech,01-01-1900,57697,4177,572,36,162,FALSE
5969,USA,politics,01-01-1900,974,3006,453,4,47,TRUE
5970,India,politics,01-01-1900,79845,932,220,143,211,TRUE
5977,Canada,politics,01-01-1900,65027,3844,615,143,494,TRUE
5978,Canada,politics,01-01-1900,56825,1628,1466,458,511,FALSE
5979,India,finance,01-01-1900,94034,529,1327,207,499,FALSE
5982,Canada,politics,01-01-1900,86546,3821,816,213,39,TRUE
5992,Germany,politics,01-01-1900,11610,2725,443,251,6,TRUE
5993,UK,finance,01-01-1900,43239,1293,983,293,178,FALSE
5994,India,sports,01-01-1900,23665,4629,1765,354,614,FALSE
5996,Germany,sports,01-01-1900,42827,2933,597,251,103,FALSE
5997,Germany,finance,01-01-1900,10888,2317,1152,294,495,FALSE
6000,Canada,finance,01-01-1900,91280,1341,1616,348,897,FALSE
6002,Unknown,tech,01-01-1900,75239,1748,1934,118,754,TRUE
6006,India,finance,01-01-1900,85696,830,1609,407,492,TRUE
6010,USA,finance,01-01-1900,28782,50,842,19,414,FALSE
6011,UK,tech,01-01-1900,59746,501,453,79,29,TRUE
6013,Canada,finance,01-01-1900,49673,4585,1545,143,154,FALSE
6014,India,finance,01-01-1900,42223,3518,1100,253,683,TRUE
6015,UK,tech,01-01-1900,57361,3365,1545,311,56,FALSE
6016,Germany,politics,01-01-1900,50722,2553,1714,36,630,TRUE
6017,Germany,sports,01-01-1900,88986,2127,66,190,235,TRUE
6021,UK,tech,01-01-1900,84561,4267,1884,94,383,FALSE
6022,USA,sports,01-01-1900,93300,3371,97,52,715,TRUE
6024,Canada,finance,01-01-1900,66875,1438,1757,8,676,FALSE
6031,India,finance,01-01-1900,90546,2524,1314,153,842,FALSE
6032,Germany,finance,01-01-1900,49673,3242,1527,419,156,TRUE
6033,Canada,sports,01-01-1900,3118,2769,668,365,161,TRUE
6035,Canada,tech,01-01-1900,86055,2524,210,437,723,TRUE
6036,Germany,finance,01-01-1900,69976,4138,1336,343,668,FALSE
6039,UK,finance,01-01-1900,27481,287,873,500,73,TRUE
6046,Germany,Unknown,01-01-1900,24897,2495,7,428,526,FALSE
6050,USA,politics,01-01-1900,10466,1811,1571,78,120,FALSE
6053,India,politics,01-01-1900,49673,111,1416,276,13,FALSE
6056,UK,finance,01-01-1900,76424,100,244,26,908,TRUE
6060,UK,finance,01-01-1900,29962,3852,1192,180,220,FALSE
6063,Canada,sports,01-01-1900,59184,2524,1478,217,914,TRUE
6068,India,finance,01-01-1900,21894,3755,900,366,495,FALSE
6069,UK,finance,01-01-1900,76980,4678,916,205,916,TRUE
6073,Canada,politics,01-01-1900,16765,4290,61,102,538,TRUE
6074,India,sports,01-01-1900,52238,2087,1164,253,775,TRUE
6076,India,Unknown,01-01-1900,28096,3544,352,223,901,TRUE
6078,Canada,Unknown,01-01-1900,35549,589,100,232,406,TRUE
6080,USA,tech,01-01-1900,24261,4813,983,247,270,FALSE
6081,UK,tech,01-01-1900,95480,3226,451,316,543,TRUE
6088,UK,finance,01-01-1900,86737,2266,892,72,914,FALSE
6099,India,sports,01-01-1900,16669,4491,1969,254,6,FALSE
6102,USA,tech,01-01-1900,15820,1573,873,394,980,FALSE
6103,India,politics,01-01-1900,46725,2521,983,69,685,FALSE
6104,Germany,tech,01-01-1900,92573,2426,269,384,596,FALSE
6106,Germany,politics,01-01-1900,97898,2303,1177,157,346,FALSE
6107,USA,sports,01-01-1900,70260,4729,1731,184,960,FALSE
6109,Germany,Unknown,01-01-1900,43961,81,1131,75,495,TRUE
6111,India,tech,01-01-1900,48521,1785,1600,402,581,FALSE
6113,UK,sports,01-01-1900,71887,4340,1438,67,396,TRUE
6114,USA,Unknown,01-01-1900,87733,1717,1263,151,365,TRUE
6116,India,finance,01-01-1900,73620,1869,1518,358,38,TRUE
6118,Canada,finance,01-01-1900,17120,568,414,239,495,FALSE
6121,UK,tech,01-01-1900,47478,3411,521,74,859,TRUE
6123,Canada,sports,01-01-1900,1211,1318,1803,427,812,TRUE
6126,India,Unknown,01-01-1900,91966,2936,455,5,397,FALSE
6127,UK,tech,01-01-1900,92614,4103,1791,469,181,FALSE
6128,USA,finance,01-01-1900,59598,4750,1104,248,647,FALSE
6129,USA,politics,01-01-1900,75989,2524,406,48,381,TRUE
6130,USA,politics,01-01-1900,42965,576,1497,420,504,FALSE
6132,Germany,finance,01-01-1900,40592,1962,254,295,49,TRUE
6134,India,politics,01-01-1900,38339,3487,1038,276,423,FALSE
6136,UK,sports,01-01-1900,84469,2524,570,234,953,TRUE
6137,Canada,sports,01-01-1900,46207,2117,697,320,38,FALSE
6138,Germany,Unknown,01-01-1900,65579,2524,781,402,0,FALSE
6139,UK,finance,01-01-1900,78961,5,1618,240,980,FALSE
6140,Germany,sports,01-01-1900,12489,3058,1165,292,740,FALSE
6145,Canada,sports,01-01-1900,96031,2524,1430,333,600,TRUE
6149,Germany,Unknown,01-01-1900,60178,1783,983,399,827,TRUE
6154,USA,politics,01-01-1900,41596,1846,302,43,226,TRUE
6166,Canada,politics,01-01-1900,19486,4368,1485,253,660,FALSE
6167,UK,finance,01-01-1900,91978,786,552,257,372,FALSE
6168,Germany,Unknown,01-01-1900,7695,4270,568,475,923,TRUE
6170,UK,sports,01-01-1900,49673,2524,1862,13,52,FALSE
6174,Canada,politics,01-01-1900,44348,907,1859,489,307,FALSE
6175,India,Unknown,01-01-1900,74944,4429,1883,338,151,TRUE
6177,Germany,tech,01-01-1900,34944,3915,1364,352,582,TRUE
6178,USA,politics,01-01-1900,62531,1000,291,283,118,TRUE
6183,Canada,politics,01-01-1900,44239,822,1046,166,628,TRUE
6184,Germany,politics,01-01-1900,96671,2174,1082,174,259,FALSE
6186,India,politics,01-01-1900,46627,4102,407,251,922,TRUE
6188,Germany,sports,01-01-1900,85149,1575,983,251,508,FALSE
6190,Unknown,tech,01-01-1900,40028,1242,1841,114,467,TRUE
6191,India,finance,01-01-1900,63423,3461,429,144,389,FALSE
6192,UK,tech,01-01-1900,79140,586,499,122,985,FALSE
6195,UK,sports,01-01-1900,20961,1380,1705,330,435,FALSE
6196,Canada,finance,01-01-1900,65610,2677,269,4,982,TRUE
6198,USA,politics,01-01-1900,5995,1119,845,83,940,TRUE
6202,Unknown,sports,01-01-1900,73545,307,1435,475,495,FALSE
6204,Germany,finance,01-01-1900,43493,3289,489,254,289,FALSE
6206,Unknown,sports,01-01-1900,54728,3054,805,328,835,TRUE
6207,USA,tech,01-01-1900,45071,4407,1842,174,780,TRUE
6208,India,tech,01-01-1900,44025,2386,1761,380,827,TRUE
6209,UK,tech,01-01-1900,29078,2524,1222,306,495,FALSE
6210,UK,sports,01-01-1900,67118,1977,1900,140,372,TRUE
6211,UK,tech,01-01-1900,55571,2707,518,251,987,TRUE
6217,UK,finance,01-01-1900,59430,1767,813,251,906,TRUE
6220,USA,sports,01-01-1900,94785,4077,249,112,327,TRUE
6223,USA,finance,01-01-1900,52814,30,547,3,541,FALSE
6224,India,finance,01-01-1900,97285,1529,1373,229,250,TRUE
6226,USA,finance,01-01-1900,38094,545,1605,167,819,FALSE
6230,UK,tech,01-01-1900,89936,948,983,130,728,TRUE
6236,USA,tech,01-01-1900,38812,3215,856,238,475,TRUE
6239,India,sports,01-01-1900,50925,1093,145,306,211,FALSE
6241,Canada,Unknown,01-01-1900,35015,1001,1840,429,21,FALSE
6243,Canada,tech,01-01-1900,40718,3751,1830,435,46,FALSE
6244,Canada,sports,01-01-1900,71755,2496,1032,77,220,TRUE
6246,Canada,finance,01-01-1900,92716,938,244,370,611,FALSE
6251,Germany,tech,01-01-1900,32987,4291,500,181,290,FALSE
6253,UK,politics,01-01-1900,78786,2774,862,45,251,FALSE
6255,India,finance,01-01-1900,72016,326,1296,7,895,FALSE
6257,UK,finance,01-01-1900,17623,1979,1105,320,979,FALSE
6262,Canada,Unknown,01-01-1900,49673,3535,1718,120,115,FALSE
6263,USA,sports,01-01-1900,35892,4827,1104,439,700,TRUE
6266,Canada,politics,01-01-1900,65301,47,376,95,61,FALSE
6269,USA,finance,01-01-1900,67973,845,1008,325,502,TRUE
6270,India,politics,01-01-1900,28481,1683,121,78,108,FALSE
6271,USA,finance,01-01-1900,77077,3805,1153,365,811,TRUE
6273,Canada,Unknown,01-01-1900,72595,4045,685,400,72,FALSE
6275,Canada,sports,01-01-1900,21664,669,1109,31,889,FALSE
6276,Unknown,finance,01-01-1900,13642,1903,152,322,773,FALSE
6277,USA,finance,01-01-1900,8890,4803,1989,419,301,FALSE
6278,USA,finance,01-01-1900,50985,2092,182,196,495,TRUE
6279,USA,sports,01-01-1900,49673,4630,775,125,165,TRUE
6280,UK,politics,01-01-1900,5522,2335,685,382,698,FALSE
6282,Germany,tech,01-01-1900,49673,2997,1393,314,900,FALSE
6284,USA,politics,01-01-1900,10115,2881,492,46,356,TRUE
6288,UK,politics,01-01-1900,91973,3376,625,343,598,FALSE
6292,India,sports,01-01-1900,32692,3428,1286,258,820,FALSE
6293,UK,tech,01-01-1900,74692,4287,84,491,685,TRUE
6294,UK,sports,01-01-1900,4843,4460,136,188,372,FALSE
6296,Germany,sports,01-01-1900,53056,736,983,474,52,FALSE
6298,Germany,politics,01-01-1900,41137,3644,1748,306,694,TRUE
6299,India,sports,01-01-1900,94328,3548,534,376,859,TRUE
6302,Germany,sports,01-01-1900,18053,2030,877,365,457,TRUE
6303,USA,politics,01-01-1900,43543,477,382,320,601,TRUE
6307,USA,politics,01-01-1900,49673,4205,1132,164,183,FALSE
6308,Germany,politics,01-01-1900,44966,4131,1503,113,945,FALSE
6309,UK,politics,01-01-1900,82730,4841,1984,385,845,FALSE
6310,USA,tech,01-01-1900,51236,3010,629,176,175,FALSE
6312,India,finance,01-01-1900,67776,3286,1560,190,495,FALSE
6314,UK,politics,01-01-1900,50623,4395,501,53,686,TRUE
6318,Unknown,finance,01-01-1900,90298,305,125,388,316,FALSE
6323,USA,finance,01-01-1900,34365,369,1124,464,992,TRUE
6324,USA,politics,01-01-1900,29744,2434,123,176,895,FALSE
6327,Canada,sports,01-01-1900,18430,3216,1966,172,260,FALSE
6329,Canada,finance,01-01-1900,58045,2740,1984,250,953,TRUE
6331,Germany,tech,01-01-1900,74918,3236,891,20,94,TRUE
6333,India,tech,01-01-1900,95107,519,432,153,702,FALSE
6339,Canada,politics,01-01-1900,93167,1050,1250,178,282,TRUE
6340,UK,finance,01-01-1900,25605,3334,484,468,586,TRUE
6342,USA,Unknown,01-01-1900,77239,4817,553,171,948,FALSE
6344,India,sports,01-01-1900,86453,2197,1944,138,575,TRUE
6350,USA,sports,01-01-1900,44248,4640,1503,215,389,FALSE
6351,Germany,tech,01-01-1900,1006,3081,311,86,194,FALSE
6353,India,sports,01-01-1900,2700,2747,1801,367,335,FALSE
6355,UK,tech,01-01-1900,96414,4497,1975,353,523,TRUE
6362,India,politics,01-01-1900,19316,4736,81,240,771,FALSE
6364,UK,sports,01-01-1900,74357,873,620,428,252,TRUE
6366,UK,finance,01-01-1900,49673,3821,1666,338,847,FALSE
6367,USA,tech,01-01-1900,57262,1566,983,25,534,TRUE
6368,Germany,sports,01-01-1900,552,2809,164,184,580,TRUE
6369,USA,tech,01-01-1900,83021,984,1846,448,565,TRUE
6374,Canada,tech,01-01-1900,49673,390,1370,274,232,TRUE
6376,Germany,sports,01-01-1900,8858,1610,983,13,664,FALSE
6377,USA,sports,01-01-1900,13157,3998,1589,431,222,TRUE
6380,Canada,tech,01-01-1900,34626,2965,637,227,893,TRUE
6381,USA,sports,01-01-1900,88075,4239,983,29,506,FALSE
6382,USA,tech,01-01-1900,78337,4838,674,9,19,TRUE
6383,India,finance,01-01-1900,9238,653,1349,134,234,FALSE
6387,Germany,tech,01-01-1900,60585,875,1642,231,495,FALSE
6389,India,sports,01-01-1900,88926,4679,1763,408,223,FALSE
6390,Germany,sports,01-01-1900,52551,3303,1731,107,444,TRUE
6391,India,tech,01-01-1900,26873,3886,71,402,156,FALSE
6393,India,sports,01-01-1900,82805,2983,1734,216,999,FALSE
6394,Canada,politics,01-01-1900,49673,2734,1982,338,676,TRUE
6397,Canada,sports,01-01-1900,47156,992,983,111,330,FALSE
6409,Germany,tech,01-01-1900,49673,4263,1207,444,150,TRUE
6415,USA,politics,01-01-1900,28536,1461,287,351,109,TRUE
6418,Germany,finance,01-01-1900,97754,4560,983,465,338,FALSE
6422,Germany,finance,01-01-1900,991,2447,751,364,96,FALSE
6433,Germany,finance,01-01-1900,81139,2365,1459,143,963,FALSE
6434,USA,tech,01-01-1900,82480,4189,933,481,824,TRUE
6440,Canada,sports,01-01-1900,76858,138,1462,442,726,FALSE
6441,UK,tech,01-01-1900,49009,467,1404,302,922,FALSE
6442,India,finance,01-01-1900,62035,4236,1378,316,466,FALSE
6443,USA,Unknown,01-01-1900,98740,3980,1508,435,584,TRUE
6444,India,sports,01-01-1900,19119,2164,983,137,447,TRUE
6449,Germany,politics,01-01-1900,9110,1449,1311,56,212,TRUE
6452,Canada,Unknown,01-01-1900,42079,3919,964,244,571,TRUE
6454,UK,tech,01-01-1900,49673,3482,1090,323,495,TRUE
6458,Canada,finance,01-01-1900,39392,2543,385,243,245,FALSE
6459,India,Unknown,01-01-1900,29450,2768,648,224,854,FALSE
6460,USA,politics,01-01-1900,93290,1706,1500,315,29,TRUE
6464,Germany,sports,01-01-1900,49059,4616,929,154,502,TRUE
6465,USA,sports,01-01-1900,23529,775,983,200,786,TRUE
6466,India,finance,01-01-1900,8662,3396,1544,17,42,TRUE
6467,Canada,finance,01-01-1900,49673,3359,1434,251,255,TRUE
6469,Canada,sports,01-01-1900,18800,4589,743,331,517,TRUE
6471,Unknown,politics,01-01-1900,34081,4829,1587,288,53,FALSE
6472,UK,tech,01-01-1900,28210,458,542,243,123,FALSE
6474,USA,finance,01-01-1900,13948,3661,1871,8,750,TRUE
6478,Germany,sports,01-01-1900,62575,2630,232,495,856,TRUE
6481,Germany,sports,01-01-1900,7116,4982,1283,386,988,FALSE
6483,Germany,politics,01-01-1900,61370,2524,81,94,826,TRUE
6485,Canada,sports,01-01-1900,70568,2885,1475,43,291,TRUE
6487,Unknown,politics,01-01-1900,79975,3675,1842,11,209,FALSE
6488,Canada,politics,01-01-1900,69893,2757,1322,441,809,FALSE
6492,USA,tech,01-01-1900,9932,843,984,133,736,TRUE
6497,USA,tech,01-01-1900,46245,4677,983,251,495,TRUE
6498,Germany,politics,01-01-1900,80758,447,124,251,574,TRUE
6501,Canada,tech,01-01-1900,49673,1903,1831,398,652,FALSE
6502,Germany,tech,01-01-1900,69862,855,1931,29,117,TRUE
6503,India,sports,01-01-1900,49673,4068,1685,162,781,FALSE
6504,Canada,finance,01-01-1900,10812,4861,1521,312,558,TRUE
6505,Germany,tech,01-01-1900,98305,4170,736,256,495,TRUE
6506,USA,finance,01-01-1900,91402,2350,897,76,200,FALSE
6507,USA,finance,01-01-1900,63670,1058,1720,198,495,FALSE
6508,USA,politics,01-01-1900,49673,3960,1778,56,172,TRUE
6512,Germany,Unknown,01-01-1900,12785,1492,1186,323,404,TRUE
6513,Germany,politics,01-01-1900,37697,1760,1303,251,582,FALSE
6515,India,sports,01-01-1900,92006,1842,234,160,103,FALSE
6516,India,finance,01-01-1900,24587,2894,1219,496,469,FALSE
6519,Germany,Unknown,01-01-1900,45581,1353,355,265,497,TRUE
6530,Canada,tech,01-01-1900,53101,2555,1032,243,391,TRUE
6531,India,finance,01-01-1900,37364,2360,1375,275,765,TRUE
6538,Unknown,politics,01-01-1900,4917,1741,226,110,193,FALSE
6540,USA,politics,01-01-1900,20169,824,235,235,712,TRUE
6541,Canada,finance,01-01-1900,75313,431,92,410,628,TRUE
6546,UK,sports,01-01-1900,17927,4145,1101,383,369,TRUE
6560,Canada,finance,01-01-1900,6622,291,612,81,967,FALSE
6561,UK,tech,01-01-1900,68852,939,1902,132,616,FALSE
6563,UK,tech,01-01-1900,92672,4545,465,13,495,FALSE
6564,Germany,tech,01-01-1900,49673,2524,239,151,867,FALSE
6568,India,finance,01-01-1900,64830,746,990,245,630,FALSE
6569,USA,politics,01-01-1900,24182,2992,983,213,950,FALSE
6573,UK,sports,01-01-1900,15818,3503,165,274,850,FALSE
6574,UK,finance,01-01-1900,2611,3369,1447,251,660,FALSE
6575,USA,tech,01-01-1900,70048,84,1818,392,929,FALSE
6579,UK,tech,01-01-1900,49673,3315,1040,281,869,FALSE
6583,UK,sports,01-01-1900,23508,2203,562,251,598,FALSE
6584,India,tech,01-01-1900,84550,483,983,298,855,TRUE
6586,USA,politics,01-01-1900,66048,3626,758,6,14,TRUE
6587,USA,finance,01-01-1900,50622,2420,916,4,495,TRUE
6589,UK,finance,01-01-1900,41366,2354,140,102,579,FALSE
6590,USA,sports,01-01-1900,49673,1209,254,71,242,FALSE
6591,UK,sports,01-01-1900,73435,450,1406,264,613,TRUE
6595,Germany,tech,01-01-1900,17319,129,1643,440,858,FALSE
6596,India,sports,01-01-1900,42553,2221,1417,251,690,TRUE
6597,India,finance,01-01-1900,30983,2524,1414,401,125,TRUE
6599,India,politics,01-01-1900,50311,2752,97,2,177,TRUE
6603,UK,finance,01-01-1900,70090,740,61,154,589,FALSE
6609,USA,finance,01-01-1900,14747,3332,983,185,515,FALSE
6610,Canada,politics,01-01-1900,28681,511,1079,213,407,FALSE
6612,USA,tech,01-01-1900,98157,4279,174,151,137,FALSE
6615,USA,sports,01-01-1900,56593,2524,1452,310,16,FALSE
6617,UK,sports,01-01-1900,68978,1665,1912,7,926,TRUE
6618,UK,politics,01-01-1900,12896,2524,960,231,900,TRUE
6622,Canada,tech,01-01-1900,72893,592,1346,251,597,FALSE
6632,USA,tech,01-01-1900,49673,3973,955,351,432,TRUE
6635,UK,tech,01-01-1900,89446,2524,104,268,186,FALSE
6636,Canada,Unknown,01-01-1900,31346,3926,1708,262,983,TRUE
6638,India,politics,01-01-1900,94429,2138,466,307,684,TRUE
6639,USA,sports,01-01-1900,90308,613,265,412,602,FALSE
6641,Germany,tech,01-01-1900,81537,4702,546,291,44,TRUE
6642,Unknown,politics,01-01-1900,44137,4928,1448,147,357,TRUE
6644,Canada,politics,01-01-1900,11280,2584,1688,235,592,FALSE
6645,UK,sports,01-01-1900,96512,2346,1698,138,495,FALSE
6646,USA,finance,01-01-1900,1263,3215,1321,338,286,FALSE
6648,Canada,finance,01-01-1900,38770,3586,1398,80,268,TRUE
6652,USA,tech,01-01-1900,2195,1160,382,341,588,FALSE
6653,UK,sports,01-01-1900,57841,4288,632,209,996,TRUE
6655,Canada,politics,01-01-1900,52326,4581,983,37,217,TRUE
6657,Canada,Unknown,01-01-1900,93270,1581,849,113,148,TRUE
6658,USA,politics,01-01-1900,10756,2938,835,299,406,FALSE
6660,India,Unknown,01-01-1900,21407,1456,217,30,406,FALSE
6663,Canada,finance,01-01-1900,47204,2524,443,251,697,TRUE
6664,Germany,sports,01-01-1900,42528,2387,265,401,878,FALSE
6665,India,tech,01-01-1900,39001,2524,429,45,702,TRUE
6666,Germany,finance,01-01-1900,12924,2716,263,251,443,TRUE
6668,Canada,sports,01-01-1900,86879,2368,41,78,982,TRUE
6669,India,politics,01-01-1900,26991,1179,983,48,983,FALSE
6670,UK,politics,01-01-1900,60237,4740,1546,428,908,TRUE
6672,Germany,politics,01-01-1900,9255,3469,210,76,191,FALSE
6674,USA,sports,01-01-1900,49673,2844,983,269,78,FALSE
6677,Germany,politics,01-01-1900,67740,2524,1213,145,446,FALSE
6678,UK,tech,01-01-1900,51854,3483,1373,189,501,TRUE
6680,Germany,sports,01-01-1900,32111,4988,1511,356,306,FALSE
6682,Canada,finance,01-01-1900,66192,1627,610,88,653,FALSE
6686,Canada,Unknown,01-01-1900,86221,2138,1070,122,841,FALSE
6691,Canada,politics,01-01-1900,46457,711,574,305,449,FALSE
6693,USA,sports,01-01-1900,87432,2898,555,5,653,FALSE
6695,UK,finance,01-01-1900,14274,4754,2000,287,931,FALSE
6698,India,sports,01-01-1900,58498,499,745,93,222,FALSE
6704,Germany,tech,01-01-1900,64508,1002,144,475,994,TRUE
6705,India,finance,01-01-1900,81082,152,1149,24,816,TRUE
6706,India,sports,01-01-1900,74717,76,1056,155,780,FALSE
6707,Germany,Unknown,01-01-1900,45317,567,1956,251,98,TRUE
6715,Germany,politics,01-01-1900,50791,898,483,213,200,FALSE
6716,USA,tech,01-01-1900,87302,3402,1906,111,930,TRUE
6717,Canada,tech,01-01-1900,33145,320,815,251,644,TRUE
6720,India,sports,01-01-1900,905,1914,1668,144,250,TRUE
6724,Canada,finance,01-01-1900,55007,1860,121,148,435,FALSE
6727,Unknown,tech,01-01-1900,79345,524,228,298,324,TRUE
6730,Canada,sports,01-01-1900,73932,41,912,263,44,FALSE
6731,UK,sports,01-01-1900,693,1908,1516,189,53,FALSE
6732,USA,politics,01-01-1900,15117,3821,54,119,56,FALSE
6733,UK,politics,01-01-1900,89458,493,266,152,757,TRUE
6734,Canada,tech,01-01-1900,42892,823,817,289,317,TRUE
6736,UK,politics,01-01-1900,49673,2013,764,445,447,FALSE
6738,Unknown,finance,01-01-1900,42018,4076,552,483,956,FALSE
6740,India,sports,01-01-1900,53938,494,667,365,683,TRUE
6741,UK,sports,01-01-1900,91533,205,371,460,490,FALSE
6742,India,tech,01-01-1900,72237,2078,1298,1,706,FALSE
6745,Germany,Unknown,01-01-1900,63553,1776,983,4,118,FALSE
6746,UK,politics,01-01-1900,22166,452,1324,119,907,FALSE
6748,Germany,tech,01-01-1900,32222,1564,1130,402,644,FALSE
6749,India,Unknown,01-01-1900,2688,1010,487,391,102,FALSE
6751,USA,politics,01-01-1900,52568,3792,21,447,117,FALSE
6754,UK,politics,01-01-1900,47246,2524,1415,0,191,FALSE
6756,India,sports,01-01-1900,10602,651,506,103,510,FALSE
6758,UK,finance,01-01-1900,62436,4697,873,293,812,FALSE
6759,Unknown,tech,01-01-1900,22736,1937,1535,168,880,FALSE
6760,Germany,politics,01-01-1900,67452,273,309,18,974,TRUE
6762,USA,politics,01-01-1900,22273,92,1356,473,962,FALSE
6763,India,sports,01-01-1900,45420,1060,579,284,24,FALSE
6767,USA,tech,01-01-1900,98929,4486,110,271,208,FALSE
6771,Unknown,finance,01-01-1900,39807,1126,275,100,146,TRUE
6772,UK,tech,01-01-1900,7946,1547,1771,194,704,FALSE
6778,Germany,politics,01-01-1900,49673,1082,480,241,89,FALSE
6779,India,politics,01-01-1900,70718,1748,540,257,385,FALSE
6780,UK,sports,01-01-1900,19316,608,96,41,28,FALSE
6782,USA,finance,01-01-1900,17611,2094,857,134,453,FALSE
6783,Germany,politics,01-01-1900,13895,2912,1644,313,65,TRUE
6784,Canada,politics,01-01-1900,80285,3613,1177,35,470,TRUE
6790,UK,sports,01-01-1900,52475,2627,132,345,891,FALSE
6792,Germany,finance,01-01-1900,68719,1443,1067,101,17,TRUE
6793,Canada,sports,01-01-1900,44871,1242,1321,240,519,FALSE
6794,UK,politics,01-01-1900,18565,2524,1465,199,459,TRUE
6798,Unknown,finance,01-01-1900,21719,2739,706,326,747,TRUE
6799,USA,tech,01-01-1900,85102,3320,1619,82,806,FALSE
6801,India,finance,01-01-1900,22179,3582,1451,323,1000,TRUE
6802,India,tech,01-01-1900,54428,2524,787,34,652,FALSE
6806,India,sports,01-01-1900,9775,4285,4,70,0,TRUE
6808,Germany,finance,01-01-1900,27269,4665,1259,306,332,TRUE
6809,India,tech,01-01-1900,30011,2196,983,95,743,FALSE
6815,UK,sports,01-01-1900,14290,573,1259,244,186,FALSE
6816,USA,politics,01-01-1900,38100,3046,1785,59,374,FALSE
6817,USA,politics,01-01-1900,88087,2913,983,162,0,FALSE
6820,India,tech,01-01-1900,44859,1633,918,494,75,FALSE
6821,Canada,tech,01-01-1900,58424,4267,394,291,438,TRUE
6822,Germany,tech,01-01-1900,52848,2520,939,121,60,TRUE
6824,India,politics,01-01-1900,609,707,23,357,750,FALSE
6825,India,sports,01-01-1900,68225,1795,874,239,109,FALSE
6826,India,politics,01-01-1900,19049,4977,745,261,373,FALSE
6827,India,sports,01-01-1900,37405,222,1774,130,568,FALSE
6834,Germany,tech,01-01-1900,56823,4760,295,268,465,TRUE
6839,Canada,sports,01-01-1900,98677,3567,423,419,181,TRUE
6841,UK,finance,01-01-1900,30288,2821,615,225,415,FALSE
6845,Germany,sports,01-01-1900,25574,310,983,134,15,FALSE
6849,Germany,sports,01-01-1900,3138,2524,1552,172,495,TRUE
6857,USA,tech,01-01-1900,34692,1303,983,42,778,TRUE
6859,USA,sports,01-01-1900,92174,1766,1776,107,868,FALSE
6861,USA,tech,01-01-1900,32829,1438,587,366,713,FALSE
6862,India,tech,01-01-1900,9171,2429,882,164,202,FALSE
6867,India,sports,01-01-1900,17674,4057,205,232,240,FALSE
6868,India,finance,01-01-1900,7023,1206,1367,223,356,TRUE
6873,India,sports,01-01-1900,13607,4195,1719,487,236,TRUE
6874,India,finance,01-01-1900,59076,3621,407,161,942,FALSE
6876,Germany,sports,01-01-1900,58409,535,386,433,359,TRUE
6877,UK,finance,01-01-1900,35949,4822,221,189,778,TRUE
6880,Canada,politics,01-01-1900,43145,411,912,25,297,TRUE
6883,Canada,finance,01-01-1900,88382,4526,1701,348,9,TRUE
6886,Germany,politics,01-01-1900,22753,4194,430,473,134,FALSE
6887,Germany,tech,01-01-1900,5953,715,320,251,678,FALSE
6888,Canada,finance,01-01-1900,17393,325,1111,151,555,TRUE
6899,USA,tech,01-01-1900,44695,4836,1727,156,824,FALSE
6901,Germany,politics,01-01-1900,1640,1876,867,338,168,TRUE
6903,UK,Unknown,01-01-1900,64376,1297,1830,168,357,TRUE
6905,Canada,politics,01-01-1900,25100,94,1841,392,102,TRUE
6906,UK,tech,01-01-1900,21790,2478,640,163,613,FALSE
6909,India,sports,01-01-1900,88683,3695,345,300,105,TRUE
6910,Germany,tech,01-01-1900,43875,4854,97,269,371,FALSE
6912,UK,finance,01-01-1900,97378,433,1508,421,859,TRUE
6913,UK,sports,01-01-1900,48171,3724,869,363,35,TRUE
6915,India,sports,01-01-1900,55252,124,1883,421,62,TRUE
6918,Germany,tech,01-01-1900,75039,4590,1629,24,656,FALSE
6919,Unknown,sports,01-01-1900,96123,3882,1941,43,0,FALSE
6921,USA,finance,01-01-1900,61428,1338,319,178,189,TRUE
6922,Germany,tech,01-01-1900,14205,4800,1903,366,486,TRUE
6923,Canada,finance,01-01-1900,65667,2854,983,427,548,FALSE
6927,Germany,sports,01-01-1900,30323,4323,1470,44,776,TRUE
6928,Germany,tech,01-01-1900,80286,2621,1773,219,264,TRUE
6930,India,politics,01-01-1900,94694,1866,869,362,446,TRUE
6931,Germany,sports,01-01-1900,30138,869,933,47,736,TRUE
6933,Germany,politics,01-01-1900,89662,185,38,420,529,FALSE
6934,USA,politics,01-01-1900,50615,1208,1155,80,292,FALSE
6935,UK,finance,01-01-1900,61345,2546,1786,160,278,TRUE
6939,UK,politics,01-01-1900,38169,2094,574,296,405,TRUE
6941,India,sports,01-01-1900,70734,1612,791,287,15,FALSE
6942,UK,finance,01-01-1900,32042,3994,1302,327,813,TRUE
6944,Germany,politics,01-01-1900,61658,1059,1027,404,125,FALSE
6946,USA,sports,01-01-1900,23654,4439,561,207,157,FALSE
6947,UK,politics,01-01-1900,43610,3592,1933,398,552,FALSE
6948,India,tech,01-01-1900,64614,2177,993,245,820,FALSE
6950,Canada,politics,01-01-1900,94927,3059,591,242,336,TRUE
6955,India,finance,01-01-1900,92023,4081,371,222,314,TRUE
6959,USA,politics,01-01-1900,70946,3291,705,302,288,FALSE
6962,Canada,sports,01-01-1900,13095,2556,983,393,495,FALSE
6963,UK,sports,01-01-1900,84678,3748,1003,436,442,FALSE
6968,UK,sports,01-01-1900,80235,1960,1621,287,814,TRUE
6970,USA,tech,01-01-1900,85162,2235,1814,247,243,FALSE
6973,Germany,sports,01-01-1900,66251,4982,672,405,16,TRUE
6974,Canada,finance,01-01-1900,20730,1712,1054,457,820,TRUE
6977,USA,politics,01-01-1900,49673,2524,846,435,627,TRUE
6981,USA,finance,01-01-1900,24421,2857,525,454,929,FALSE
6982,UK,sports,01-01-1900,33821,2806,461,390,137,TRUE
6984,Canada,tech,01-01-1900,20500,2028,924,437,866,FALSE
6986,USA,Unknown,01-01-1900,23921,1894,235,24,914,TRUE
6991,Canada,finance,01-01-1900,87439,4630,1181,274,318,TRUE
6993,USA,sports,01-01-1900,5085,3786,1559,312,261,TRUE
6997,Canada,sports,01-01-1900,96030,2487,206,412,428,FALSE
7000,UK,finance,01-01-1900,85900,4797,983,140,5,FALSE
7001,Germany,finance,01-01-1900,31663,2897,302,262,735,FALSE
7002,India,finance,01-01-1900,22990,3754,1909,311,39,TRUE
7003,USA,finance,01-01-1900,88498,449,73,204,46,TRUE
7004,Germany,politics,01-01-1900,27377,2860,983,218,394,FALSE
7006,USA,tech,01-01-1900,49673,3382,1997,192,661,FALSE
7010,UK,tech,01-01-1900,59822,3097,1262,186,84,FALSE
7012,Germany,finance,01-01-1900,73919,3463,889,343,720,FALSE
7013,Canada,finance,01-01-1900,26998,1914,983,120,925,TRUE
7014,India,tech,01-01-1900,25144,3913,983,414,329,TRUE
7016,Canada,politics,01-01-1900,62098,688,1551,166,484,TRUE
7018,Germany,sports,01-01-1900,66476,1574,473,68,490,FALSE
7019,India,sports,01-01-1900,32709,383,48,0,456,FALSE
7022,UK,sports,01-01-1900,22711,1800,1416,27,858,FALSE
7023,India,politics,01-01-1900,50156,3218,1801,312,716,FALSE
7027,India,tech,01-01-1900,76605,4637,951,239,212,FALSE
7030,Germany,finance,01-01-1900,71160,3760,1972,337,901,FALSE
7033,UK,tech,01-01-1900,68823,595,534,116,996,FALSE
7034,Germany,politics,01-01-1900,87272,1612,1910,312,227,FALSE
7038,USA,tech,01-01-1900,43104,3105,1406,346,76,FALSE
7040,USA,tech,01-01-1900,81540,2205,552,390,495,TRUE
7043,USA,sports,01-01-1900,72100,322,825,246,441,FALSE
7049,Canada,tech,01-01-1900,12575,873,1547,256,640,FALSE
7053,India,sports,01-01-1900,13790,2949,835,100,213,TRUE
7054,UK,Unknown,01-01-1900,41112,76,1880,81,751,TRUE
7055,UK,politics,01-01-1900,9580,2444,983,415,370,TRUE
7060,USA,sports,01-01-1900,98699,3609,1881,483,378,TRUE
7061,India,finance,01-01-1900,80517,1529,182,93,951,TRUE
7062,USA,finance,01-01-1900,14408,4820,1412,239,234,TRUE
7063,Canada,finance,01-01-1900,28916,4376,1380,8,604,FALSE
7066,USA,tech,01-01-1900,22528,370,1645,275,545,TRUE
7067,USA,politics,01-01-1900,91529,2524,1550,401,779,FALSE
7072,Germany,tech,01-01-1900,80596,683,475,443,948,FALSE
7075,India,sports,01-01-1900,23775,1384,890,191,707,FALSE
7076,UK,finance,01-01-1900,26401,3613,666,274,615,TRUE
7080,UK,politics,01-01-1900,92471,1907,1761,449,620,TRUE
7083,Canada,sports,01-01-1900,71580,4621,290,414,166,FALSE
7084,India,finance,01-01-1900,20240,2500,745,245,446,FALSE
7086,USA,politics,01-01-1900,9675,1475,1160,323,611,FALSE
7087,Canada,sports,01-01-1900,54333,2427,652,245,492,TRUE
7089,Germany,sports,01-01-1900,66451,903,1074,205,331,FALSE
7090,UK,tech,01-01-1900,14525,1945,1845,303,231,FALSE
7091,Germany,finance,01-01-1900,71367,1206,910,421,565,FALSE
7093,USA,politics,01-01-1900,40438,913,234,111,198,TRUE
7095,Canada,tech,01-01-1900,96784,3911,824,291,690,FALSE
7096,USA,tech,01-01-1900,7589,3084,846,411,524,TRUE
7097,USA,finance,01-01-1900,65058,4289,1630,215,880,TRUE
7100,Canada,tech,01-01-1900,70511,2524,496,94,446,FALSE
7103,Germany,tech,01-01-1900,91565,344,1211,415,619,TRUE
7106,Canada,sports,01-01-1900,13870,2674,590,340,908,FALSE
7107,USA,Unknown,01-01-1900,30926,2838,751,127,603,TRUE
7109,USA,tech,01-01-1900,36241,2053,322,442,26,TRUE
7110,UK,politics,01-01-1900,49673,1018,872,260,750,TRUE
7113,UK,tech,01-01-1900,69201,361,558,461,594,FALSE
7115,UK,sports,01-01-1900,81172,3461,1093,371,341,FALSE
7116,UK,tech,01-01-1900,67627,4182,1790,251,116,TRUE
7117,India,sports,01-01-1900,46736,1825,1253,180,683,FALSE
7119,USA,finance,01-01-1900,25662,244,794,351,427,FALSE
7126,India,Unknown,01-01-1900,51175,191,315,140,366,TRUE
7128,USA,finance,01-01-1900,79294,4644,1038,167,736,TRUE
7129,Canada,sports,01-01-1900,2077,4119,574,450,890,FALSE
7137,Canada,finance,01-01-1900,29817,2324,1328,5,428,FALSE
7139,UK,finance,01-01-1900,72172,72,827,408,691,TRUE
7142,Germany,tech,01-01-1900,24818,3035,1384,304,981,FALSE
7145,Canada,tech,01-01-1900,16437,1174,1218,451,662,TRUE
7146,India,sports,01-01-1900,23282,2524,1044,49,445,FALSE
7150,India,sports,01-01-1900,28252,1170,983,238,214,TRUE
7156,India,tech,01-01-1900,70669,4494,1833,432,220,FALSE
7157,Unknown,tech,01-01-1900,54819,1311,182,427,344,TRUE
7158,USA,sports,01-01-1900,33682,4059,451,135,314,FALSE
7161,UK,sports,01-01-1900,59911,1545,472,325,982,FALSE
7164,India,finance,01-01-1900,11828,3028,983,320,379,TRUE
7166,India,politics,01-01-1900,20453,4822,412,280,495,FALSE
7167,Unknown,finance,01-01-1900,78133,4339,1682,51,932,TRUE
7169,Germany,tech,01-01-1900,75405,600,1373,117,76,FALSE
7171,USA,tech,01-01-1900,31557,694,983,203,552,TRUE
7180,UK,finance,01-01-1900,33700,602,1318,50,924,TRUE
7181,India,finance,01-01-1900,7000,3254,1234,147,766,FALSE
7182,India,finance,01-01-1900,87346,1113,1719,474,876,FALSE
7183,India,finance,01-01-1900,11390,3231,326,251,80,FALSE
7184,India,politics,01-01-1900,39583,3340,1098,290,818,FALSE
7186,Canada,sports,01-01-1900,56757,1775,1777,227,933,FALSE
7190,India,sports,01-01-1900,52070,4786,53,196,329,TRUE
7196,USA,Unknown,01-01-1900,57254,2524,1276,349,8,TRUE
7197,Canada,finance,01-01-1900,19346,154,648,284,437,FALSE
7200,Canada,finance,01-01-1900,22380,906,1199,35,980,TRUE
7201,Germany,politics,01-01-1900,83637,1569,1599,337,979,TRUE
7203,USA,sports,01-01-1900,50677,750,1033,223,304,TRUE
7206,USA,Unknown,01-01-1900,54919,3533,695,476,495,TRUE
7208,Germany,finance,01-01-1900,92844,3445,1759,325,71,TRUE
7210,Canada,tech,01-01-1900,16342,4684,206,290,959,FALSE
7211,UK,tech,01-01-1900,63740,4174,560,449,863,FALSE
7215,India,politics,01-01-1900,53076,2524,500,135,374,TRUE
7217,India,politics,01-01-1900,38552,1499,505,437,56,TRUE
7219,Unknown,sports,01-01-1900,29341,3330,1274,291,561,FALSE
7223,Unknown,finance,01-01-1900,62266,4756,668,280,878,TRUE
7225,USA,finance,01-01-1900,95004,222,322,231,495,TRUE
7229,UK,tech,01-01-1900,84062,1282,1833,291,534,FALSE
7230,UK,tech,01-01-1900,44925,3803,1906,49,771,TRUE
7232,India,tech,01-01-1900,89807,4909,1152,288,526,FALSE
7233,USA,tech,01-01-1900,6168,3974,111,179,467,FALSE
7235,India,Unknown,01-01-1900,84006,445,1245,38,758,FALSE
7237,USA,tech,01-01-1900,12353,2367,402,197,584,FALSE
7240,Canada,sports,01-01-1900,49673,47,386,387,776,FALSE
7241,USA,sports,01-01-1900,49394,3302,1322,388,495,TRUE
7244,USA,politics,01-01-1900,3984,1801,1422,414,750,TRUE
7254,Canada,finance,01-01-1900,23211,2911,1149,271,975,FALSE
7256,Germany,finance,01-01-1900,26338,1867,1193,474,521,TRUE
7261,UK,finance,01-01-1900,31743,1794,821,251,992,TRUE
7262,India,sports,01-01-1900,26129,4517,667,182,391,FALSE
7263,Germany,sports,01-01-1900,74715,1862,1001,207,818,TRUE
7264,India,finance,01-01-1900,22993,4536,1145,273,938,FALSE
7265,UK,Unknown,01-01-1900,45525,3226,1406,377,968,FALSE
7266,India,tech,01-01-1900,49673,1758,303,438,872,FALSE
7270,Canada,finance,01-01-1900,62461,3111,278,401,668,TRUE
7273,Germany,politics,01-01-1900,53406,1130,391,114,71,TRUE
7276,Unknown,tech,01-01-1900,33151,3170,748,308,752,TRUE
7277,India,politics,01-01-1900,46053,4252,1346,140,88,FALSE
7281,UK,finance,01-01-1900,53411,952,71,308,5,FALSE
7284,UK,finance,01-01-1900,36079,3201,227,366,284,FALSE
7285,India,tech,01-01-1900,18566,1061,1208,453,303,TRUE
7287,India,tech,01-01-1900,95391,714,961,331,161,FALSE
7289,UK,politics,01-01-1900,86773,1278,1308,214,475,FALSE
7293,Germany,tech,01-01-1900,95267,2124,1584,153,44,TRUE
7294,UK,finance,01-01-1900,34364,1257,1282,375,344,FALSE
7300,India,politics,01-01-1900,52137,3888,1685,445,71,FALSE
7302,UK,finance,01-01-1900,25606,1256,1053,290,56,TRUE
7303,UK,sports,01-01-1900,84251,3685,417,160,58,TRUE
7304,Germany,finance,01-01-1900,87165,1801,983,292,603,TRUE
7306,UK,sports,01-01-1900,65234,4683,1080,372,279,TRUE
7308,UK,Unknown,01-01-1900,1649,3615,885,188,46,FALSE
7309,India,politics,01-01-1900,43947,2524,619,234,645,TRUE
7311,Canada,sports,01-01-1900,19370,3388,1912,398,495,TRUE
7315,Canada,finance,01-01-1900,67735,4437,1156,11,495,TRUE
7318,Germany,finance,01-01-1900,64750,2532,1746,191,804,FALSE
7320,UK,politics,01-01-1900,32341,3390,1906,43,361,TRUE
7323,Germany,sports,01-01-1900,98226,4253,1288,340,502,FALSE
7325,Canada,finance,01-01-1900,95756,4476,1113,61,521,TRUE
7327,Canada,finance,01-01-1900,83730,3191,604,452,495,FALSE
7328,India,sports,01-01-1900,77949,3723,241,207,413,FALSE
7336,Germany,sports,01-01-1900,95708,4966,76,81,950,TRUE
7339,UK,tech,01-01-1900,72437,2437,130,411,260,FALSE
7345,Canada,Unknown,01-01-1900,34987,1555,1440,309,473,FALSE
7347,Germany,politics,01-01-1900,20532,65,1484,111,381,FALSE
7351,UK,tech,01-01-1900,96083,2929,467,427,576,TRUE
7352,Germany,politics,01-01-1900,43867,2564,2000,251,923,FALSE
7355,Germany,politics,01-01-1900,6902,232,1356,138,536,FALSE
7356,Canada,tech,01-01-1900,3383,2204,1340,147,733,FALSE
7359,UK,tech,01-01-1900,46458,3657,1893,145,461,TRUE
7361,UK,finance,01-01-1900,447,3146,97,133,636,FALSE
7362,UK,tech,01-01-1900,70494,3703,613,212,598,TRUE
7363,USA,sports,01-01-1900,47946,4017,983,39,806,FALSE
7369,UK,finance,01-01-1900,97959,242,859,271,275,TRUE
7370,Germany,politics,01-01-1900,60157,2020,15,176,908,FALSE
7372,Unknown,politics,01-01-1900,9931,2505,694,265,464,TRUE
7373,Germany,politics,01-01-1900,49673,1481,983,127,416,TRUE
7374,UK,finance,01-01-1900,62904,2895,1468,110,51,TRUE
7377,Canada,politics,01-01-1900,48363,2977,108,1,53,TRUE
7380,Canada,sports,01-01-1900,56593,1946,1312,344,495,FALSE
7381,USA,tech,01-01-1900,81518,181,1718,10,82,FALSE
7385,Canada,sports,01-01-1900,68334,3985,976,244,589,TRUE
7386,USA,politics,01-01-1900,49673,4038,1665,3,793,TRUE
7390,USA,tech,01-01-1900,77654,827,184,285,712,FALSE
7393,India,tech,01-01-1900,21714,1930,1747,254,682,TRUE
7394,Germany,finance,01-01-1900,7407,3290,1367,410,251,FALSE
7397,USA,politics,01-01-1900,22588,2786,568,456,941,FALSE
7404,Canada,Unknown,01-01-1900,40064,1678,1905,236,495,FALSE
7406,Canada,tech,01-01-1900,70643,4659,1245,251,185,FALSE
7407,India,finance,01-01-1900,64710,3101,1204,156,168,FALSE
7408,Canada,sports,01-01-1900,34315,3454,445,122,354,TRUE
7411,UK,sports,01-01-1900,39242,208,983,188,166,FALSE
7414,UK,sports,01-01-1900,145,4496,1560,106,495,TRUE
7416,Germany,sports,01-01-1900,50403,4705,807,497,539,FALSE
7418,UK,sports,01-01-1900,8858,1591,403,318,870,TRUE
7420,India,sports,01-01-1900,66909,1124,1871,152,379,FALSE
7421,Canada,politics,01-01-1900,77252,1441,414,50,982,TRUE
7423,India,Unknown,01-01-1900,86269,3351,1477,26,771,FALSE
7431,Unknown,politics,01-01-1900,61926,4684,1123,302,751,FALSE
7433,Canada,finance,01-01-1900,38233,3845,120,37,930,FALSE
7435,Germany,finance,01-01-1900,61465,2700,1514,251,717,FALSE
7437,Unknown,tech,01-01-1900,67745,3325,1017,251,106,TRUE
7449,India,tech,01-01-1900,38908,2092,136,243,998,TRUE
7452,India,politics,01-01-1900,70010,4478,983,219,873,FALSE
7455,USA,politics,01-01-1900,69426,2027,1292,472,512,FALSE
7458,UK,sports,01-01-1900,942,3154,1703,484,559,FALSE
7460,USA,sports,01-01-1900,50373,1233,262,308,451,TRUE
7461,USA,politics,01-01-1900,40412,2984,728,154,901,FALSE
7463,UK,sports,01-01-1900,88272,2683,1989,404,500,TRUE
7469,UK,tech,01-01-1900,66569,615,1372,275,745,FALSE
7470,Canada,sports,01-01-1900,66374,533,404,339,694,TRUE
7475,UK,sports,01-01-1900,93276,1326,945,408,848,TRUE
7477,USA,tech,01-01-1900,11641,2524,791,140,660,TRUE
7478,India,politics,01-01-1900,67567,4585,733,433,349,TRUE
7481,Germany,politics,01-01-1900,18658,1654,929,442,640,FALSE
7487,UK,finance,01-01-1900,35767,4409,541,121,696,FALSE
7489,Canada,sports,01-01-1900,23002,1790,801,339,196,FALSE
7492,Germany,Unknown,01-01-1900,48847,2620,1123,281,48,FALSE
7496,USA,tech,01-01-1900,62434,2430,238,448,629,FALSE
7498,Canada,politics,01-01-1900,43935,2556,1387,341,931,TRUE
7499,Unknown,tech,01-01-1900,32314,4107,1392,329,823,FALSE
7500,Germany,sports,01-01-1900,56439,2105,1147,109,749,FALSE
7504,Canada,politics,01-01-1900,5402,4319,1810,251,495,FALSE
7510,India,sports,01-01-1900,91947,2182,256,248,837,FALSE
7513,USA,finance,01-01-1900,53015,4538,1157,16,670,TRUE
7515,USA,finance,01-01-1900,53957,4380,781,242,349,FALSE
7516,India,tech,01-01-1900,61102,155,2000,389,740,FALSE
7521,UK,tech,01-01-1900,39221,3858,318,336,186,TRUE
7524,UK,politics,01-01-1900,62291,1733,1327,266,247,TRUE
7525,Germany,politics,01-01-1900,10446,932,92,43,495,FALSE
7526,Germany,politics,01-01-1900,19824,4165,1270,244,714,TRUE
7528,Unknown,finance,01-01-1900,78267,3475,1068,114,272,FALSE
7531,Canada,sports,01-01-1900,69336,877,670,53,84,FALSE
7532,Germany,tech,01-01-1900,75966,2524,1700,111,433,FALSE
7535,India,politics,01-01-1900,35437,4155,245,323,123,FALSE
7536,Germany,sports,01-01-1900,82712,4648,1994,130,834,FALSE
7537,Germany,tech,01-01-1900,1461,4036,1293,26,495,TRUE
7541,India,sports,01-01-1900,40517,2524,983,140,495,TRUE
7544,India,politics,01-01-1900,49673,1164,1270,245,351,TRUE
7546,USA,sports,01-01-1900,16967,1231,761,474,312,FALSE
7548,India,politics,01-01-1900,48175,1707,724,223,495,TRUE
7551,USA,finance,01-01-1900,78073,1111,1655,167,949,TRUE
7557,UK,sports,01-01-1900,41436,2595,1460,341,471,FALSE
7558,Germany,politics,01-01-1900,45060,1178,817,215,730,FALSE
7559,India,finance,01-01-1900,5951,1991,195,296,910,TRUE
7560,USA,finance,01-01-1900,49306,1103,848,251,413,TRUE
7564,Canada,finance,01-01-1900,83235,2255,1070,245,814,FALSE
7566,India,tech,01-01-1900,39002,226,1632,407,711,FALSE
7567,Canada,sports,01-01-1900,53505,4679,1412,142,224,TRUE
7568,Germany,politics,01-01-1900,82781,2524,1572,446,856,FALSE
7569,UK,sports,01-01-1900,30000,1990,549,197,495,TRUE
7570,UK,sports,01-01-1900,53519,1242,1795,349,404,FALSE
7572,Germany,politics,01-01-1900,92213,2311,1342,85,317,FALSE
7573,India,tech,01-01-1900,91992,717,235,388,67,FALSE
7576,Canada,finance,01-01-1900,73773,4810,872,3,500,FALSE
7577,USA,sports,01-01-1900,37489,3060,1875,280,84,FALSE
7581,UK,Unknown,01-01-1900,12939,2099,929,403,32,TRUE
7582,Canada,sports,01-01-1900,57875,3326,739,410,495,FALSE
7583,USA,tech,01-01-1900,10524,1103,1278,251,770,TRUE
7585,Germany,sports,01-01-1900,37574,3838,470,8,697,FALSE
7586,Canada,sports,01-01-1900,83532,4989,160,222,495,FALSE
7587,USA,politics,01-01-1900,52016,2524,454,409,423,TRUE
7592,UK,tech,01-01-1900,49673,155,158,34,851,FALSE
7594,India,tech,01-01-1900,89336,2524,1215,100,533,FALSE
7595,UK,sports,01-01-1900,67407,2079,1153,79,896,FALSE
7597,India,tech,01-01-1900,11720,1460,302,487,757,FALSE
7598,USA,sports,01-01-1900,18555,130,1382,471,345,FALSE
7601,Canada,finance,01-01-1900,93296,494,434,142,84,FALSE
7604,USA,Unknown,01-01-1900,11546,624,983,304,350,TRUE
7605,UK,Unknown,01-01-1900,41599,798,882,88,195,TRUE
7606,USA,tech,01-01-1900,48403,4652,1704,1,865,TRUE
7607,Unknown,politics,01-01-1900,85209,826,66,309,542,FALSE
7618,Canada,tech,01-01-1900,24343,2524,1699,67,658,FALSE
7619,India,Unknown,01-01-1900,35513,3829,753,500,194,FALSE
7620,UK,sports,01-01-1900,69870,2063,1973,272,880,FALSE
7622,Germany,politics,01-01-1900,19535,2469,133,401,928,FALSE
7630,Germany,tech,01-01-1900,38357,3869,508,334,139,TRUE
7635,UK,politics,01-01-1900,94414,2600,1849,166,463,TRUE
7637,USA,finance,01-01-1900,71664,2022,300,356,620,TRUE
7640,India,sports,01-01-1900,93627,4990,1049,29,968,TRUE
7644,UK,politics,01-01-1900,17292,1895,1462,411,603,FALSE
7645,Germany,sports,01-01-1900,51617,4919,1877,394,358,TRUE
7646,UK,Unknown,01-01-1900,35463,2316,1904,4,78,TRUE
7647,USA,tech,01-01-1900,86203,51,969,384,481,FALSE
7648,USA,Unknown,01-01-1900,55746,2612,1514,105,347,TRUE
7654,India,politics,01-01-1900,52918,291,1230,371,395,TRUE
7655,UK,politics,01-01-1900,64996,1286,1676,439,54,FALSE
7656,USA,finance,01-01-1900,52944,2817,820,451,91,TRUE
7659,Germany,sports,01-01-1900,25181,4211,885,247,917,FALSE
7660,India,sports,01-01-1900,70958,4303,1832,251,629,FALSE
7662,USA,tech,01-01-1900,49673,1735,1247,491,582,TRUE
7663,Canada,politics,01-01-1900,13719,4017,756,97,563,FALSE
7665,UK,tech,01-01-1900,27936,2832,1022,329,61,TRUE
7668,USA,politics,01-01-1900,90105,1209,1656,124,495,TRUE
7670,India,politics,01-01-1900,50867,3267,353,150,938,TRUE
7673,Canada,politics,01-01-1900,25441,3262,1,278,923,TRUE
7676,Unknown,finance,01-01-1900,83473,1398,19,331,31,FALSE
7678,India,sports,01-01-1900,7868,4725,347,436,862,TRUE
7679,USA,politics,01-01-1900,16979,85,376,222,653,TRUE
7680,India,politics,01-01-1900,41358,2772,640,39,888,FALSE
7684,Canada,finance,01-01-1900,21892,3643,1683,438,621,TRUE
7688,Germany,sports,01-01-1900,37513,2488,1612,193,319,TRUE
7689,Canada,finance,01-01-1900,92686,1097,1146,414,286,TRUE
7691,USA,sports,01-01-1900,10427,2727,1366,233,403,FALSE
7695,Canada,politics,01-01-1900,45939,2524,1661,443,955,FALSE
7696,UK,tech,01-01-1900,49673,423,520,254,408,TRUE
7698,UK,tech,01-01-1900,1002,4275,606,341,81,FALSE
7700,USA,finance,01-01-1900,1937,91,425,251,6,FALSE
7702,Germany,sports,01-01-1900,86800,2387,1580,163,249,FALSE
7705,USA,sports,01-01-1900,35564,3862,1304,422,986,FALSE
7706,Germany,tech,01-01-1900,99009,3309,949,5,569,TRUE
7707,UK,Unknown,01-01-1900,23605,3221,959,169,852,TRUE
7709,Canada,sports,01-01-1900,81368,2243,901,318,127,TRUE
7715,Germany,Unknown,01-01-1900,58842,2808,768,322,976,TRUE
7717,USA,finance,01-01-1900,35974,2524,165,251,813,TRUE
7719,Canada,tech,01-01-1900,7018,989,1116,46,937,TRUE
7720,Canada,sports,01-01-1900,37137,1333,166,423,761,TRUE
7724,Canada,sports,01-01-1900,38529,3579,408,34,98,FALSE
7729,India,politics,01-01-1900,89054,4274,653,386,947,FALSE
7731,UK,finance,01-01-1900,49673,192,699,186,319,TRUE
7733,UK,politics,01-01-1900,7752,2011,1530,499,567,FALSE
7734,India,finance,01-01-1900,28984,571,965,445,868,FALSE
7735,Germany,politics,01-01-1900,12848,2446,1501,74,220,TRUE
7737,Canada,tech,01-01-1900,36615,1631,877,138,616,TRUE
7739,UK,sports,01-01-1900,74698,3236,1643,308,205,FALSE
7741,UK,politics,01-01-1900,26292,4421,983,210,352,FALSE
7745,India,politics,01-01-1900,1582,4724,1427,175,66,FALSE
7750,UK,politics,01-01-1900,46350,2524,1283,71,376,FALSE
7758,Canada,finance,01-01-1900,49673,4067,1350,73,895,FALSE
7762,UK,tech,01-01-1900,49673,1611,880,406,676,TRUE
7763,Germany,finance,01-01-1900,11541,2269,1681,368,592,TRUE
7764,India,politics,01-01-1900,13398,3883,664,192,30,TRUE
7768,Canada,finance,01-01-1900,31019,4079,1491,345,806,TRUE
7773,USA,politics,01-01-1900,10129,2316,97,249,442,FALSE
7782,India,politics,01-01-1900,28774,4411,1230,325,909,TRUE
7783,UK,tech,01-01-1900,99493,1239,1696,272,536,TRUE
7785,India,sports,01-01-1900,88448,1611,162,76,864,FALSE
7789,Germany,finance,01-01-1900,17845,830,1512,22,349,TRUE
7791,India,sports,01-01-1900,99189,660,264,115,685,TRUE
7793,Germany,politics,01-01-1900,72947,4723,1987,97,951,TRUE
7795,UK,sports,01-01-1900,18600,471,578,8,818,FALSE
7797,USA,sports,01-01-1900,36705,4062,1521,488,857,FALSE
7799,USA,Unknown,01-01-1900,1510,1141,671,49,652,TRUE
7802,USA,finance,01-01-1900,86039,2271,1048,440,374,FALSE
7803,Germany,sports,01-01-1900,73170,3090,831,304,939,TRUE
7805,Unknown,tech,01-01-1900,93838,2524,122,129,767,TRUE
7810,Germany,politics,01-01-1900,93303,732,810,265,647,TRUE
7812,Germany,politics,01-01-1900,82756,1739,1975,331,606,TRUE
7814,UK,finance,01-01-1900,37888,2524,656,252,508,TRUE
7815,Canada,tech,01-01-1900,1695,2576,1276,480,795,FALSE
7816,India,sports,01-01-1900,83955,564,891,275,694,TRUE
7820,Unknown,tech,01-01-1900,7907,3759,245,140,658,FALSE
7821,Germany,finance,01-01-1900,44432,3318,1759,402,325,FALSE
7822,Germany,sports,01-01-1900,18448,2728,1496,300,438,FALSE
7823,India,tech,01-01-1900,38429,2859,1945,477,36,FALSE
7825,Canada,sports,01-01-1900,50319,2524,726,314,24,TRUE
7827,India,sports,01-01-1900,24892,3811,713,132,684,TRUE
7830,USA,finance,01-01-1900,25009,3185,1485,75,690,TRUE
7833,UK,Unknown,01-01-1900,20368,636,1077,266,616,TRUE
7835,Germany,Unknown,01-01-1900,60043,4145,1955,320,658,FALSE
7836,Germany,sports,01-01-1900,20317,2524,1016,69,612,FALSE
7837,USA,tech,01-01-1900,3738,600,973,251,119,TRUE
7838,India,finance,01-01-1900,62740,3698,748,251,397,FALSE
7840,UK,finance,01-01-1900,50339,4683,152,148,156,TRUE
7841,Canada,politics,01-01-1900,95743,3325,7,327,935,FALSE
7842,India,politics,01-01-1900,88100,1184,1811,251,241,TRUE
7844,India,sports,01-01-1900,85624,2524,37,187,315,TRUE
7847,UK,sports,01-01-1900,2088,2252,1237,113,429,TRUE
7849,USA,sports,01-01-1900,47386,224,863,304,431,TRUE
7850,Germany,finance,01-01-1900,79324,4475,983,376,366,FALSE
7851,USA,politics,01-01-1900,30000,603,554,215,778,FALSE
7853,Germany,finance,01-01-1900,94746,3162,1321,51,812,TRUE
7854,India,sports,01-01-1900,30008,2069,1988,466,834,TRUE
7856,Germany,sports,01-01-1900,83394,4079,777,251,660,TRUE
7861,India,finance,01-01-1900,54651,2162,336,433,632,FALSE
7866,Germany,politics,01-01-1900,91176,1390,1092,414,998,TRUE
7869,India,tech,01-01-1900,89624,966,658,194,874,TRUE
7874,Canada,sports,01-01-1900,99225,4774,1883,253,673,TRUE
7877,Germany,sports,01-01-1900,12554,1473,232,346,38,TRUE
7878,Canada,sports,01-01-1900,736,3798,861,17,17,TRUE
7879,UK,sports,01-01-1900,25096,4102,30,88,533,FALSE
7880,UK,tech,01-01-1900,65452,2058,1784,377,515,FALSE
7883,UK,politics,01-01-1900,2839,2091,682,89,526,FALSE
7885,UK,finance,01-01-1900,30480,4707,1295,239,451,FALSE
7888,India,tech,01-01-1900,78174,893,1983,93,663,FALSE
7889,Germany,tech,01-01-1900,35667,1448,39,479,182,FALSE
7892,India,sports,01-01-1900,22415,2524,704,69,322,TRUE
7903,USA,sports,01-01-1900,40821,2253,172,226,545,TRUE
7904,Canada,politics,01-01-1900,50271,4343,468,28,363,FALSE
7906,India,sports,01-01-1900,89146,780,1111,146,997,TRUE
7908,Germany,politics,01-01-1900,19682,2956,80,415,919,FALSE
7912,Germany,sports,01-01-1900,88251,1793,472,371,817,TRUE
7915,Germany,politics,01-01-1900,49673,4472,1784,256,99,FALSE
7917,Unknown,sports,01-01-1900,59644,1444,1773,403,905,TRUE
7921,USA,tech,01-01-1900,35621,3682,1502,472,142,FALSE
7925,UK,sports,01-01-1900,27717,3116,1948,53,380,FALSE
7926,Germany,finance,01-01-1900,1395,3964,1078,252,623,FALSE
7931,USA,finance,01-01-1900,77806,2044,826,491,848,TRUE
7932,Canada,sports,01-01-1900,56837,3397,82,32,269,FALSE
7936,USA,tech,01-01-1900,28133,411,566,215,373,FALSE
7937,Canada,tech,01-01-1900,25492,2524,939,250,165,FALSE
7938,Germany,sports,01-01-1900,22758,202,724,353,626,FALSE
7942,Germany,finance,01-01-1900,14085,3337,292,60,968,TRUE
7943,UK,politics,01-01-1900,49673,4715,807,246,632,TRUE
7944,Canada,tech,01-01-1900,12573,4987,807,497,877,FALSE
7945,India,finance,01-01-1900,64402,2388,1279,1,676,FALSE
7946,Canada,finance,01-01-1900,74582,3361,1604,174,884,FALSE
7952,India,finance,01-01-1900,49673,2220,1126,104,450,FALSE
7953,USA,politics,01-01-1900,34075,4772,5,305,969,TRUE
7955,UK,politics,01-01-1900,34316,1202,1813,197,336,FALSE
7958,Canada,finance,01-01-1900,93088,104,385,355,45,TRUE
7962,India,sports,01-01-1900,73768,4041,1616,479,26,TRUE
7967,UK,sports,01-01-1900,30613,432,317,27,514,FALSE
7968,Germany,finance,01-01-1900,19851,4245,983,423,288,FALSE
7969,Canada,politics,01-01-1900,85314,3002,678,338,883,FALSE
7970,Germany,politics,01-01-1900,66511,1937,53,109,510,TRUE
7983,India,sports,01-01-1900,18441,4197,834,67,50,FALSE
7989,Germany,sports,01-01-1900,28955,2960,104,195,495,TRUE
7990,Unknown,tech,01-01-1900,95863,1685,1351,369,655,FALSE
7992,UK,sports,01-01-1900,91511,4511,155,23,709,TRUE
7995,UK,tech,01-01-1900,90462,222,1421,251,692,TRUE
7998,Germany,sports,01-01-1900,68695,3362,1270,433,151,TRUE
8002,UK,sports,01-01-1900,47002,4136,1528,452,801,TRUE
8005,Canada,sports,01-01-1900,67013,1780,1111,212,606,TRUE
8009,UK,politics,01-01-1900,13676,1441,1740,251,142,TRUE
8010,Canada,finance,01-01-1900,6591,657,1654,227,890,FALSE
8011,USA,sports,01-01-1900,49673,2977,1782,337,73,TRUE
8016,UK,finance,01-01-1900,40633,1793,99,312,155,FALSE
8020,USA,tech,01-01-1900,77050,3827,51,460,324,FALSE
8021,USA,tech,01-01-1900,99746,4537,1199,427,973,TRUE
8023,Canada,sports,01-01-1900,89842,1245,1040,229,495,FALSE
8025,India,sports,01-01-1900,56913,2647,450,227,431,TRUE
8027,Canada,tech,01-01-1900,49673,2343,438,337,42,FALSE
8030,Unknown,politics,01-01-1900,35933,883,480,359,458,FALSE
8033,India,tech,01-01-1900,63302,4719,1825,309,495,TRUE
8034,USA,politics,01-01-1900,49583,3353,245,487,139,FALSE
8038,Canada,sports,01-01-1900,74578,4117,221,362,627,TRUE
8042,UK,finance,01-01-1900,58763,407,1655,388,213,FALSE
8044,UK,finance,01-01-1900,9626,2297,1443,343,741,TRUE
8047,Unknown,tech,01-01-1900,23462,4602,544,493,118,FALSE
8050,Germany,politics,01-01-1900,78370,4688,38,485,299,FALSE
8056,Germany,finance,01-01-1900,85594,2524,1646,123,94,FALSE
8061,UK,tech,01-01-1900,21915,2336,731,231,495,TRUE
8069,UK,tech,01-01-1900,8905,704,1925,438,236,TRUE
8070,USA,Unknown,01-01-1900,2443,2963,1718,312,929,FALSE
8071,India,politics,01-01-1900,26012,867,897,3,705,TRUE
8075,India,tech,01-01-1900,24214,3811,1304,416,714,FALSE
8076,UK,finance,01-01-1900,38064,389,1335,187,174,FALSE
8078,Canada,tech,01-01-1900,21717,295,198,49,897,TRUE
8082,USA,politics,01-01-1900,575,576,174,152,971,TRUE
8084,Germany,Unknown,01-01-1900,83863,1611,735,226,681,FALSE
8085,India,sports,01-01-1900,18712,1280,932,408,997,TRUE
8087,Canada,tech,01-01-1900,38284,84,983,473,530,FALSE
8092,USA,sports,01-01-1900,98643,4690,1054,372,540,TRUE
8094,Germany,finance,01-01-1900,25047,3317,1335,463,790,FALSE
8096,Canada,finance,01-01-1900,8743,3084,1638,223,853,TRUE
8100,USA,tech,01-01-1900,4279,3609,501,376,238,FALSE
8101,UK,politics,01-01-1900,49673,993,188,454,523,FALSE
8103,USA,sports,01-01-1900,87025,1240,1193,381,88,FALSE
8107,Canada,politics,01-01-1900,81244,4086,1938,40,510,FALSE
8110,UK,sports,01-01-1900,70704,409,257,330,646,TRUE
8111,Canada,tech,01-01-1900,49673,3753,1830,57,921,FALSE
8112,USA,finance,01-01-1900,60720,4241,727,238,119,TRUE
8115,India,politics,01-01-1900,48832,1509,988,158,178,FALSE
8118,UK,finance,01-01-1900,48404,2594,1769,103,132,FALSE
8119,India,tech,01-01-1900,35688,3805,555,396,416,FALSE
8121,India,tech,01-01-1900,4230,4390,844,33,392,TRUE
8124,UK,sports,01-01-1900,27928,948,1432,68,189,FALSE
8127,Germany,tech,01-01-1900,5278,2835,1413,345,953,TRUE
8128,Germany,tech,01-01-1900,82845,282,1216,133,981,FALSE
8129,Germany,politics,01-01-1900,72902,3140,587,46,108,FALSE
8130,Canada,tech,01-01-1900,46837,3697,569,267,153,TRUE
8133,India,sports,01-01-1900,49673,2759,577,195,550,FALSE
8135,India,sports,01-01-1900,60571,4108,945,423,90,FALSE
8136,Canada,Unknown,01-01-1900,44279,3427,1283,150,294,FALSE
8137,UK,finance,01-01-1900,37150,909,376,219,242,FALSE
8139,Germany,sports,01-01-1900,87137,2050,581,72,751,TRUE
8142,Canada,tech,01-01-1900,43777,2093,734,344,622,TRUE
8150,Canada,sports,01-01-1900,76949,1474,984,351,917,TRUE
8157,USA,finance,01-01-1900,33879,4465,1635,428,546,FALSE
8160,UK,politics,01-01-1900,96360,3992,1324,461,863,FALSE
8161,Germany,sports,01-01-1900,45424,878,1256,462,266,TRUE
8162,Canada,politics,01-01-1900,77162,4972,616,411,227,FALSE
8163,Germany,sports,01-01-1900,6436,4354,1574,251,324,FALSE
8168,UK,Unknown,01-01-1900,69598,1239,1550,23,495,FALSE
8173,India,tech,01-01-1900,6567,3282,69,442,526,FALSE
8180,Canada,finance,01-01-1900,61656,1403,794,401,111,FALSE
8181,Canada,politics,01-01-1900,28621,806,1035,309,209,TRUE
8183,Canada,politics,01-01-1900,96394,2524,1796,488,198,FALSE
8186,USA,finance,01-01-1900,46040,3400,140,399,767,TRUE
8189,Germany,finance,01-01-1900,5817,3624,792,154,118,FALSE
8190,Canada,finance,01-01-1900,81149,2652,681,210,990,TRUE
8191,India,finance,01-01-1900,73094,2225,410,237,170,TRUE
8193,UK,finance,01-01-1900,52226,4856,1093,424,941,TRUE
8195,UK,finance,01-01-1900,9902,2524,980,219,49,FALSE
8198,Germany,sports,01-01-1900,97938,3945,749,279,661,TRUE
8199,UK,sports,01-01-1900,90837,2854,216,5,118,TRUE
8200,USA,sports,01-01-1900,49673,4968,1890,183,792,TRUE
8201,UK,politics,01-01-1900,14993,4893,212,359,149,FALSE
8203,Germany,tech,01-01-1900,78649,1185,1799,399,719,FALSE
8207,USA,sports,01-01-1900,30003,3412,17,222,495,TRUE
8209,Germany,sports,01-01-1900,91091,3362,466,324,330,FALSE
8211,UK,sports,01-01-1900,32552,1929,1196,454,183,FALSE
8213,USA,politics,01-01-1900,43363,4545,760,164,495,FALSE
8214,Germany,sports,01-01-1900,76921,2627,1139,315,308,FALSE
8216,USA,tech,01-01-1900,32966,1765,1109,76,495,FALSE
8219,UK,politics,01-01-1900,97120,4746,1703,222,695,FALSE
8225,USA,tech,01-01-1900,59283,3716,117,485,904,FALSE
8226,UK,finance,01-01-1900,35386,510,1853,251,861,TRUE
8227,Germany,tech,01-01-1900,85927,130,1884,186,414,TRUE
8228,USA,tech,01-01-1900,49673,3516,19,410,693,FALSE
8236,Canada,tech,01-01-1900,50268,2524,1500,203,796,TRUE
8237,USA,politics,01-01-1900,88661,1533,813,181,495,TRUE
8238,Germany,politics,01-01-1900,12624,2978,1298,274,639,FALSE
8240,USA,tech,01-01-1900,58672,4730,768,198,755,TRUE
8241,UK,tech,01-01-1900,36241,3855,1951,23,496,TRUE
8243,Canada,finance,01-01-1900,30289,4342,1232,384,174,TRUE
8247,India,Unknown,01-01-1900,49673,1418,983,121,618,TRUE
8250,Canada,tech,01-01-1900,56987,4836,198,235,649,FALSE
8254,Canada,tech,01-01-1900,4346,3246,1390,34,729,TRUE
8255,Canada,finance,01-01-1900,60585,4276,1747,176,495,FALSE
8257,India,tech,01-01-1900,15656,4189,134,27,436,FALSE
8258,Canada,politics,01-01-1900,58560,1158,1986,234,201,TRUE
8260,USA,sports,01-01-1900,37884,3767,454,137,49,FALSE
8261,India,politics,01-01-1900,44225,4331,121,316,444,TRUE
8262,Germany,sports,01-01-1900,45744,2510,1531,312,495,FALSE
8263,USA,finance,01-01-1900,76429,1759,539,449,254,FALSE
8267,Canada,tech,01-01-1900,75107,88,998,42,540,FALSE
8268,UK,politics,01-01-1900,49673,4486,1112,330,471,TRUE
8270,USA,politics,01-01-1900,63061,4478,1652,432,465,TRUE
8271,Canada,tech,01-01-1900,46698,2955,776,266,215,FALSE
8273,Canada,finance,01-01-1900,29448,2298,1168,317,225,TRUE
8278,Unknown,tech,01-01-1900,70922,3773,245,483,764,FALSE
8282,Germany,finance,01-01-1900,49673,3621,750,449,646,FALSE
8283,Germany,politics,01-01-1900,79611,1034,1394,221,268,TRUE
8284,UK,politics,01-01-1900,49872,2226,672,206,454,FALSE
8286,Germany,finance,01-01-1900,49673,2444,1599,278,880,TRUE
8288,India,politics,01-01-1900,56924,984,677,496,273,FALSE
8290,UK,Unknown,01-01-1900,59384,2036,1387,460,135,TRUE
8291,UK,politics,01-01-1900,28015,549,1925,71,438,FALSE
8292,USA,tech,01-01-1900,42957,4922,206,239,743,TRUE
8295,India,finance,01-01-1900,91704,2216,1842,192,495,FALSE
8296,India,finance,01-01-1900,49673,4205,112,226,751,TRUE
8297,Canada,sports,01-01-1900,12899,4569,1153,122,883,FALSE
8299,UK,politics,01-01-1900,76791,833,2,133,788,TRUE
8300,India,politics,01-01-1900,25471,1732,152,101,495,FALSE
8301,USA,finance,01-01-1900,49673,1686,1378,244,726,TRUE
8303,Germany,sports,01-01-1900,1274,1038,1345,2,317,TRUE
8307,USA,politics,01-01-1900,23143,3794,1964,213,34,FALSE
8309,UK,politics,01-01-1900,6292,4872,1091,373,205,FALSE
8311,UK,sports,01-01-1900,73636,4124,1972,40,568,FALSE
8313,India,tech,01-01-1900,52194,174,983,145,969,TRUE
8314,USA,politics,01-01-1900,88769,392,1733,464,113,TRUE
8319,India,sports,01-01-1900,88067,528,793,251,631,FALSE
8320,Canada,politics,01-01-1900,77865,195,431,218,149,TRUE
8324,USA,sports,01-01-1900,82950,4002,701,116,364,TRUE
8325,India,tech,01-01-1900,52825,892,1745,26,495,FALSE
8326,Canada,sports,01-01-1900,31153,3620,983,387,664,FALSE
8327,UK,politics,01-01-1900,77949,1504,1194,447,372,TRUE
8329,Canada,tech,01-01-1900,79712,657,1444,27,103,FALSE
8333,USA,finance,01-01-1900,29896,4990,538,108,372,FALSE
8335,UK,finance,01-01-1900,6537,2623,1899,308,540,TRUE
8336,Germany,tech,01-01-1900,126,424,199,184,480,TRUE
8337,Canada,finance,01-01-1900,71571,4493,733,340,891,FALSE
8338,USA,tech,01-01-1900,6236,2251,914,274,127,TRUE
8343,USA,politics,01-01-1900,27186,4801,1807,161,495,FALSE
8347,Germany,politics,01-01-1900,19903,4804,919,251,988,FALSE
8348,Canada,politics,01-01-1900,80766,1463,1578,21,334,TRUE
8353,UK,finance,01-01-1900,30423,8,983,306,162,TRUE
8354,Unknown,Unknown,01-01-1900,48972,2669,1806,472,202,FALSE
8358,UK,sports,01-01-1900,19227,664,7,251,495,FALSE
8359,Canada,tech,01-01-1900,19710,2524,1288,45,267,FALSE
8360,Germany,politics,01-01-1900,49673,3855,1006,134,494,FALSE
8361,Germany,tech,01-01-1900,67331,2524,1769,41,622,FALSE
8363,Germany,politics,01-01-1900,10979,3181,652,360,228,TRUE
8364,Germany,finance,01-01-1900,49673,1896,1617,37,380,FALSE
8366,Germany,politics,01-01-1900,79868,3299,571,431,321,TRUE
8367,UK,Unknown,01-01-1900,89493,4729,1668,114,660,FALSE
8372,Germany,politics,01-01-1900,18172,2524,1981,286,307,TRUE
8379,Germany,politics,01-01-1900,13339,3064,1402,206,368,TRUE
8382,USA,finance,01-01-1900,20186,4365,812,73,559,FALSE
8384,Canada,Unknown,01-01-1900,49673,123,1089,11,823,FALSE
8385,India,sports,01-01-1900,81803,2121,109,94,137,FALSE
8391,Unknown,politics,01-01-1900,49673,3477,273,146,36,FALSE
8393,India,sports,01-01-1900,27758,4514,264,323,673,TRUE
8394,India,finance,01-01-1900,49673,1616,1304,410,875,FALSE
8396,USA,finance,01-01-1900,83799,2557,725,474,40,FALSE
8397,India,tech,01-01-1900,29318,108,659,12,160,FALSE
8399,UK,sports,01-01-1900,62137,3110,966,268,277,FALSE
8401,India,politics,01-01-1900,70652,1536,1327,464,506,TRUE
8406,Canada,sports,01-01-1900,130,2142,828,333,288,TRUE
8414,India,finance,01-01-1900,77966,154,429,93,495,TRUE
8416,USA,finance,01-01-1900,13168,798,468,133,136,TRUE
8417,India,finance,01-01-1900,22469,4994,428,56,207,FALSE
8419,Germany,sports,01-01-1900,86297,1350,1758,277,288,FALSE
8421,UK,politics,01-01-1900,48113,3470,983,150,172,FALSE
8422,India,tech,01-01-1900,7380,119,1018,410,479,TRUE
8426,India,finance,01-01-1900,49542,2868,361,419,57,FALSE
8428,Canada,sports,01-01-1900,8953,1456,1138,360,780,FALSE
8430,Unknown,politics,01-01-1900,65177,1820,540,315,32,FALSE
8432,Canada,tech,01-01-1900,6797,874,356,163,724,FALSE
8435,Unknown,sports,01-01-1900,27222,4208,671,226,405,TRUE
8436,India,sports,01-01-1900,12082,727,504,184,160,FALSE
8437,Canada,politics,01-01-1900,62505,1998,229,415,132,TRUE
8439,India,sports,01-01-1900,18983,2768,250,468,949,FALSE
8444,UK,sports,01-01-1900,83257,2823,757,299,515,FALSE
8445,USA,sports,01-01-1900,87175,4038,368,186,859,FALSE
8447,India,sports,01-01-1900,96708,3271,984,167,237,TRUE
8452,Germany,finance,01-01-1900,31436,4223,1279,40,490,FALSE
8453,India,politics,01-01-1900,4699,2524,631,185,545,TRUE
8454,Unknown,finance,01-01-1900,158,2524,1262,248,220,TRUE
8455,India,tech,01-01-1900,73525,2588,1358,421,920,FALSE
8458,India,tech,01-01-1900,82900,3555,1369,464,943,FALSE
8461,UK,finance,01-01-1900,58135,893,839,3,495,TRUE
8462,India,finance,01-01-1900,59308,2553,1704,397,209,FALSE
8464,Canada,politics,01-01-1900,30914,350,1548,62,395,FALSE
8465,Canada,finance,01-01-1900,21330,1167,1306,224,948,FALSE
8468,Germany,sports,01-01-1900,79434,3413,1019,15,752,FALSE
8471,Canada,finance,01-01-1900,49673,568,15,471,231,TRUE
8472,USA,politics,01-01-1900,95342,1502,74,256,217,TRUE
8477,Canada,tech,01-01-1900,89115,3019,138,397,495,FALSE
8482,Unknown,finance,01-01-1900,98910,590,1549,86,436,FALSE
8483,UK,politics,01-01-1900,44302,1345,983,159,94,FALSE
8486,Unknown,sports,01-01-1900,49673,3656,214,458,406,TRUE
8487,UK,politics,01-01-1900,49673,3129,41,150,495,FALSE
8488,Germany,tech,01-01-1900,49673,1390,1650,207,751,FALSE
8489,USA,finance,01-01-1900,9698,869,521,251,601,TRUE
8491,Canada,tech,01-01-1900,48558,4156,472,70,373,FALSE
8499,USA,tech,01-01-1900,80771,3360,983,425,495,TRUE
8502,Canada,tech,01-01-1900,55473,1040,1206,67,495,FALSE
8503,Canada,politics,01-01-1900,38306,2524,983,387,675,TRUE
8508,USA,sports,01-01-1900,54813,843,193,456,495,FALSE
8510,UK,politics,01-01-1900,29529,1966,192,198,240,FALSE
8512,Germany,sports,01-01-1900,32488,3385,1113,153,495,FALSE
8513,Canada,tech,01-01-1900,59825,481,900,121,162,FALSE
8515,Canada,finance,01-01-1900,74931,3369,990,499,887,TRUE
8517,Canada,sports,01-01-1900,49673,997,615,53,801,TRUE
8521,Canada,tech,01-01-1900,90935,2524,64,268,489,TRUE
8523,UK,finance,01-01-1900,60085,1195,562,173,216,FALSE
8527,India,finance,01-01-1900,51974,4950,730,496,66,FALSE
8529,Germany,sports,01-01-1900,1328,4675,1115,177,427,FALSE
8531,India,politics,01-01-1900,4013,2400,1085,351,299,TRUE
8533,USA,sports,01-01-1900,24160,4096,1977,337,904,TRUE
8534,Germany,sports,01-01-1900,38711,390,1794,17,10,TRUE
8535,India,finance,01-01-1900,93120,614,1757,251,229,FALSE
8538,Canada,tech,01-01-1900,73977,3209,1799,3,543,FALSE
8539,UK,Unknown,01-01-1900,80440,3312,1472,361,761,FALSE
8541,USA,politics,01-01-1900,79497,3067,1998,226,819,TRUE
8542,UK,sports,01-01-1900,39877,1815,1456,461,108,FALSE
8544,USA,finance,01-01-1900,56201,1662,593,16,449,TRUE
8549,Canada,tech,01-01-1900,83166,4610,688,31,54,FALSE
8557,Germany,tech,01-01-1900,35617,3076,1657,26,592,TRUE
8559,Germany,finance,01-01-1900,18587,4566,1403,207,764,TRUE
8560,USA,politics,01-01-1900,77375,3053,1085,117,123,TRUE
8565,India,politics,01-01-1900,20145,1055,457,497,658,TRUE
8566,UK,sports,01-01-1900,19728,3133,351,383,99,TRUE
8572,Canada,politics,01-01-1900,79681,1349,1580,68,347,FALSE
8575,Canada,tech,01-01-1900,18273,2762,796,394,973,TRUE
8578,USA,Unknown,01-01-1900,92838,3483,280,318,542,FALSE
8579,Canada,finance,01-01-1900,7967,29,1722,155,495,FALSE
8586,USA,politics,01-01-1900,97731,4571,166,272,10,FALSE
8589,UK,politics,01-01-1900,44963,1984,1419,202,895,TRUE
8591,Canada,politics,01-01-1900,12893,2728,109,214,176,TRUE
8595,Germany,tech,01-01-1900,41529,1895,1770,49,265,TRUE
8598,Germany,sports,01-01-1900,75752,2087,1612,251,65,FALSE
8599,Canada,politics,01-01-1900,23811,4277,1610,269,495,FALSE
8604,USA,sports,01-01-1900,49673,1789,48,307,748,FALSE
8605,USA,sports,01-01-1900,94234,1099,1905,368,167,FALSE
8607,USA,sports,01-01-1900,76504,3146,1465,114,354,TRUE
8610,USA,politics,01-01-1900,32807,90,1583,75,374,FALSE
8611,India,Unknown,01-01-1900,19235,915,983,414,245,FALSE
8617,India,tech,01-01-1900,77582,760,1260,219,431,FALSE
8619,USA,sports,01-01-1900,82677,4528,1196,374,949,TRUE
8621,USA,sports,01-01-1900,10824,3077,314,181,618,TRUE
8622,UK,tech,01-01-1900,30380,2414,273,194,260,TRUE
8623,India,finance,01-01-1900,11042,3963,577,269,590,TRUE
8624,USA,finance,01-01-1900,56649,4080,471,258,521,FALSE
8626,Germany,politics,01-01-1900,29082,2694,115,92,869,FALSE
8629,India,sports,01-01-1900,52989,628,1347,386,860,TRUE
8632,USA,finance,01-01-1900,42045,862,1780,251,561,FALSE
8634,Germany,sports,01-01-1900,54132,1342,1049,391,124,FALSE
8638,India,finance,01-01-1900,55772,736,946,99,495,FALSE
8640,Canada,finance,01-01-1900,13509,2630,982,119,440,FALSE
8642,UK,politics,01-01-1900,89817,3150,144,286,452,FALSE
8644,UK,politics,01-01-1900,35322,3094,1380,377,187,FALSE
8647,India,finance,01-01-1900,98888,1837,981,213,470,FALSE
8651,USA,sports,01-01-1900,60151,4078,306,212,517,FALSE
8653,USA,tech,01-01-1900,41493,3190,983,142,983,FALSE
8654,UK,finance,01-01-1900,97575,1447,786,344,504,TRUE
8656,UK,finance,01-01-1900,17087,1502,347,229,495,FALSE
8660,India,sports,01-01-1900,59812,113,567,271,331,TRUE
8667,Germany,politics,01-01-1900,37623,4687,1707,70,709,TRUE
8668,USA,politics,01-01-1900,11450,3549,1846,404,888,TRUE
8669,USA,tech,01-01-1900,6262,3563,850,75,495,FALSE
8672,India,tech,01-01-1900,99851,268,283,453,230,TRUE
8674,Germany,sports,01-01-1900,61241,803,183,268,716,TRUE
8675,India,tech,01-01-1900,51740,1354,216,383,511,TRUE
8676,UK,tech,01-01-1900,76756,3133,727,351,632,FALSE
8677,Germany,finance,01-01-1900,20778,1897,291,28,371,TRUE
8679,Germany,politics,01-01-1900,83999,3821,983,240,941,TRUE
8681,UK,sports,01-01-1900,39192,1562,1989,38,984,TRUE
8682,India,sports,01-01-1900,20303,2524,1234,16,681,TRUE
8683,Canada,tech,01-01-1900,56589,2524,172,354,110,FALSE
8684,UK,finance,01-01-1900,58251,305,154,302,757,FALSE
8686,Canada,finance,01-01-1900,765,340,1781,285,268,TRUE
8690,USA,finance,01-01-1900,61767,426,1807,73,128,TRUE
8692,UK,Unknown,01-01-1900,55500,1260,269,246,253,FALSE
8697,India,tech,01-01-1900,49673,4795,1999,179,441,FALSE
8701,Germany,sports,01-01-1900,70541,2759,938,149,495,TRUE
8702,USA,politics,01-01-1900,33676,2738,1586,250,581,TRUE
8704,India,finance,01-01-1900,84160,651,838,469,715,TRUE
8706,USA,tech,01-01-1900,66533,3980,611,118,884,FALSE
8712,India,tech,01-01-1900,39444,2680,1989,295,682,TRUE
8716,India,tech,01-01-1900,49673,2244,1153,135,892,FALSE
8717,USA,tech,01-01-1900,97008,4704,577,45,253,FALSE
8720,USA,sports,01-01-1900,26796,3464,288,19,862,FALSE
8723,Canada,tech,01-01-1900,82697,703,1494,68,137,FALSE
8727,USA,tech,01-01-1900,86252,97,186,461,458,TRUE
8728,Canada,tech,01-01-1900,27444,809,1359,16,520,FALSE
8729,Canada,finance,01-01-1900,30877,2432,573,157,657,TRUE
8730,USA,tech,01-01-1900,89528,4119,1194,385,194,FALSE
8733,India,sports,01-01-1900,94200,4261,1115,12,778,TRUE
8734,Germany,politics,01-01-1900,846,3843,1989,105,528,FALSE
8743,Germany,politics,01-01-1900,13044,4274,1674,317,32,TRUE
8745,USA,politics,01-01-1900,14858,2210,690,193,520,FALSE
8748,Canada,finance,01-01-1900,41154,2628,0,255,984,FALSE
8752,Canada,politics,01-01-1900,76869,1667,1691,224,537,FALSE
8753,Canada,finance,01-01-1900,86198,1254,1737,150,654,FALSE
8754,India,politics,01-01-1900,21686,766,1272,70,222,FALSE
8755,Canada,finance,01-01-1900,51016,208,1303,283,758,FALSE
8756,Germany,finance,01-01-1900,49673,2524,1376,407,495,FALSE
8757,Canada,Unknown,01-01-1900,14146,2299,1929,12,692,FALSE
8759,Unknown,politics,01-01-1900,17807,2160,190,75,663,TRUE
8760,India,finance,01-01-1900,1778,4770,1882,366,281,FALSE
8763,India,finance,01-01-1900,50174,4533,983,396,495,TRUE
8764,USA,sports,01-01-1900,99674,4063,857,268,18,FALSE
8766,Germany,sports,01-01-1900,34295,4142,1203,167,185,FALSE
8769,India,tech,01-01-1900,1939,1177,42,176,509,TRUE
8772,UK,sports,01-01-1900,99675,4201,1427,84,99,FALSE
8774,Canada,politics,01-01-1900,17727,1345,871,143,611,FALSE
8776,UK,sports,01-01-1900,33493,1434,983,39,280,TRUE
8781,USA,politics,01-01-1900,18108,331,242,89,72,TRUE
8784,UK,finance,01-01-1900,19025,2027,941,355,627,FALSE
8787,UK,politics,01-01-1900,69310,2659,1786,98,719,FALSE
8791,USA,politics,01-01-1900,87253,986,1114,152,853,TRUE
8792,Germany,tech,01-01-1900,89625,2524,983,427,385,TRUE
8793,Canada,sports,01-01-1900,63761,2350,1699,342,166,FALSE
8796,Canada,Unknown,01-01-1900,55749,2524,680,483,740,FALSE
8798,UK,finance,01-01-1900,70312,2910,1609,251,495,FALSE
8799,India,tech,01-01-1900,76495,2815,1252,266,418,FALSE
8800,Canada,finance,01-01-1900,71516,4438,848,129,593,FALSE
8805,USA,finance,01-01-1900,69489,4858,350,384,24,FALSE
8810,USA,tech,01-01-1900,88493,1330,1543,315,976,FALSE
8811,UK,politics,01-01-1900,5160,122,411,490,879,TRUE
8814,India,politics,01-01-1900,23789,4111,742,171,205,TRUE
8818,UK,tech,01-01-1900,90129,2552,983,109,762,TRUE
8819,USA,sports,01-01-1900,98579,4313,484,251,485,FALSE
8820,USA,tech,01-01-1900,8285,568,54,293,81,TRUE
8822,UK,sports,01-01-1900,50723,2524,89,422,337,FALSE
8826,Germany,politics,01-01-1900,4302,1671,547,148,127,TRUE
8827,UK,finance,01-01-1900,33428,1738,27,114,314,FALSE
8831,UK,politics,01-01-1900,52850,793,1646,251,495,TRUE
8832,UK,finance,01-01-1900,10568,3910,1802,441,593,FALSE
8833,USA,politics,01-01-1900,44046,763,1752,219,35,FALSE
8835,UK,finance,01-01-1900,39675,4197,1777,462,754,TRUE
8836,India,politics,01-01-1900,10517,2524,1250,251,600,TRUE
8837,Germany,tech,01-01-1900,78595,1412,88,258,144,FALSE
8838,UK,tech,01-01-1900,41125,3071,943,352,944,FALSE
8841,India,politics,01-01-1900,57204,1334,1945,149,451,FALSE
8842,Canada,finance,01-01-1900,49626,4859,1306,493,801,TRUE
8843,UK,sports,01-01-1900,2020,4094,1898,310,144,TRUE
8844,Canada,tech,01-01-1900,96489,4893,1329,471,315,TRUE
8845,Canada,politics,01-01-1900,67934,296,1088,249,315,TRUE
8846,Canada,finance,01-01-1900,56746,3216,221,389,226,FALSE
8848,India,tech,01-01-1900,49260,2590,40,116,380,FALSE
8850,USA,politics,01-01-1900,68256,4340,1445,124,236,FALSE
8851,India,sports,01-01-1900,63660,3670,715,481,386,FALSE
8853,India,finance,01-01-1900,49673,4989,983,272,118,FALSE
8854,UK,sports,01-01-1900,26949,4390,90,161,842,FALSE
8860,India,Unknown,01-01-1900,67162,473,585,251,324,FALSE
8862,Canada,politics,01-01-1900,25584,4687,1071,57,843,TRUE
8863,Canada,politics,01-01-1900,29428,4291,983,402,922,TRUE
8864,UK,Unknown,01-01-1900,49673,4290,23,164,393,TRUE
8865,Canada,sports,01-01-1900,45367,1856,911,56,396,TRUE
8866,Canada,politics,01-01-1900,69329,3328,1807,378,810,TRUE
8868,UK,politics,01-01-1900,2811,4845,141,273,465,TRUE
8869,Unknown,finance,01-01-1900,47921,3151,1461,399,290,FALSE
8872,Canada,politics,01-01-1900,27655,3784,905,408,143,FALSE
8874,India,finance,01-01-1900,72583,4194,1936,59,206,FALSE
8876,USA,sports,01-01-1900,81696,4854,899,56,784,TRUE
8880,UK,politics,01-01-1900,5134,3467,184,380,35,TRUE
8882,UK,sports,01-01-1900,38114,522,919,487,737,TRUE
8883,India,sports,01-01-1900,92152,1335,375,203,782,FALSE
8886,USA,tech,01-01-1900,36669,1466,13,120,134,TRUE
8887,Germany,finance,01-01-1900,66066,641,1942,422,741,FALSE
8898,Germany,sports,01-01-1900,23650,4325,1533,461,631,FALSE
8899,India,tech,01-01-1900,2788,2712,804,237,619,TRUE
8900,India,sports,01-01-1900,72364,745,1586,369,748,TRUE
8903,India,politics,01-01-1900,65854,3537,983,251,823,TRUE
8904,Germany,Unknown,01-01-1900,25962,1529,1093,459,137,TRUE
8906,USA,politics,01-01-1900,47920,4521,1283,236,895,FALSE
8908,USA,tech,01-01-1900,30855,1780,52,45,480,FALSE
8909,Canada,finance,01-01-1900,6880,1494,122,377,465,TRUE
8911,Germany,Unknown,01-01-1900,9803,2410,1024,455,970,TRUE
8913,India,politics,01-01-1900,51039,4187,767,164,242,FALSE
8914,USA,finance,01-01-1900,63152,1962,207,43,642,FALSE
8918,Germany,politics,01-01-1900,73904,4401,1974,153,114,TRUE
8921,India,finance,01-01-1900,55469,1021,676,379,725,FALSE
8922,Unknown,tech,01-01-1900,37925,4484,1303,405,487,TRUE
8925,Germany,finance,01-01-1900,84765,4074,1179,297,407,TRUE
8926,India,sports,01-01-1900,54671,484,249,446,889,TRUE
8928,UK,Unknown,01-01-1900,47301,2423,1941,179,129,FALSE
8929,India,tech,01-01-1900,43338,4135,1025,497,42,TRUE
8930,Canada,sports,01-01-1900,24295,1398,334,350,146,TRUE
8931,Canada,tech,01-01-1900,54996,719,1694,207,91,TRUE
8932,India,sports,01-01-1900,92281,1777,1751,17,242,TRUE
8934,Germany,sports,01-01-1900,5809,2357,1872,128,776,FALSE
8936,Canada,finance,01-01-1900,45545,3611,1374,280,896,FALSE
8937,USA,politics,01-01-1900,94084,366,983,217,67,TRUE
8945,Germany,tech,01-01-1900,30375,386,1231,382,778,FALSE
8946,UK,tech,01-01-1900,31293,997,230,439,568,FALSE
8947,USA,tech,01-01-1900,22326,2652,199,88,495,FALSE
8949,UK,finance,01-01-1900,80580,684,336,448,396,TRUE
8950,Canada,tech,01-01-1900,94299,3171,1939,181,604,FALSE
8955,Canada,sports,01-01-1900,75937,4058,1511,444,529,TRUE
8956,Germany,finance,01-01-1900,74826,337,400,293,895,FALSE
8959,UK,finance,01-01-1900,61133,2586,727,170,143,TRUE
8961,India,sports,01-01-1900,14143,3505,42,455,597,TRUE
8962,UK,finance,01-01-1900,17760,1622,311,349,630,FALSE
8964,Unknown,politics,01-01-1900,52938,4291,875,230,495,FALSE
8965,India,finance,01-01-1900,2279,2308,1369,233,529,TRUE
8970,USA,sports,01-01-1900,10132,2075,127,66,55,FALSE
8971,USA,politics,01-01-1900,51981,1597,1691,398,898,TRUE
8972,Germany,sports,01-01-1900,42280,3642,1571,385,186,FALSE
8974,India,Unknown,01-01-1900,3412,1518,1355,206,820,TRUE
8979,UK,politics,01-01-1900,1600,4261,1935,117,335,FALSE
8980,Canada,tech,01-01-1900,22539,4913,213,141,706,FALSE
8981,Germany,sports,01-01-1900,93595,3094,1667,344,662,FALSE
8983,UK,tech,01-01-1900,5110,3242,636,239,566,FALSE
8984,USA,finance,01-01-1900,43148,1462,1879,33,393,TRUE
8987,Germany,politics,01-01-1900,92195,4387,983,459,838,FALSE
8988,UK,tech,01-01-1900,63057,2083,983,377,738,FALSE
8990,UK,sports,01-01-1900,79535,2580,22,291,876,FALSE
8992,Germany,finance,01-01-1900,90969,4873,983,74,336,TRUE
8993,Germany,finance,01-01-1900,45491,4246,684,251,300,TRUE
8997,Germany,politics,01-01-1900,60617,1666,672,323,149,TRUE
8998,India,finance,01-01-1900,8285,4383,1282,241,674,TRUE
9001,USA,finance,01-01-1900,36196,4047,1118,374,854,TRUE
9004,India,finance,01-01-1900,42037,2963,1185,393,875,TRUE
9006,India,sports,01-01-1900,99838,535,1118,93,240,FALSE
9008,Germany,tech,01-01-1900,82299,4859,1718,159,746,FALSE
9009,UK,finance,01-01-1900,15042,3567,1630,425,256,FALSE
9012,India,finance,01-01-1900,53002,2909,246,116,472,FALSE
9013,Canada,sports,01-01-1900,80676,224,42,411,347,FALSE
9016,Germany,politics,01-01-1900,10968,4865,1139,113,734,TRUE
9021,USA,politics,01-01-1900,69857,1620,1864,96,860,TRUE
9025,USA,finance,01-01-1900,95875,453,221,427,698,FALSE
9028,UK,politics,01-01-1900,98951,4848,1973,342,863,FALSE
9030,India,finance,01-01-1900,21815,2374,957,105,913,FALSE
9033,Germany,finance,01-01-1900,68173,4964,342,207,901,FALSE
9038,USA,sports,01-01-1900,46071,3073,1470,111,86,FALSE
9039,Canada,finance,01-01-1900,61291,2131,857,476,992,FALSE
9041,UK,finance,01-01-1900,65389,4069,534,387,457,TRUE
9042,USA,tech,01-01-1900,36090,2169,371,491,943,FALSE
9043,Germany,finance,01-01-1900,73787,2524,591,192,62,FALSE
9044,UK,politics,01-01-1900,31967,1453,1177,423,960,TRUE
9057,Canada,tech,01-01-1900,55001,2834,1094,477,386,FALSE
9058,India,finance,01-01-1900,59848,924,556,248,450,FALSE
9059,USA,sports,01-01-1900,89460,1012,42,466,866,FALSE
9062,UK,tech,01-01-1900,86032,4183,1060,245,112,TRUE
9063,USA,finance,01-01-1900,11685,2946,298,306,210,TRUE
9066,UK,sports,01-01-1900,78202,2838,437,44,57,TRUE
9071,Germany,tech,01-01-1900,1812,1426,1306,237,495,TRUE
9073,India,politics,01-01-1900,2844,3429,1307,124,634,FALSE
9075,USA,politics,01-01-1900,58484,1781,1118,53,744,FALSE
9076,UK,sports,01-01-1900,12166,4437,1321,274,900,TRUE
9077,USA,tech,01-01-1900,678,496,733,52,675,FALSE
9080,UK,finance,01-01-1900,77899,1369,57,373,777,TRUE
9086,Germany,sports,01-01-1900,88946,4003,1205,255,234,FALSE
9088,USA,finance,01-01-1900,71575,1904,293,477,172,FALSE
9091,India,finance,01-01-1900,14847,3029,440,367,446,FALSE
9096,UK,tech,01-01-1900,64249,2186,360,373,944,TRUE
9100,Germany,tech,01-01-1900,97726,921,207,194,28,FALSE
9101,India,tech,01-01-1900,33964,516,336,281,347,FALSE
9115,Germany,sports,01-01-1900,50137,476,774,399,330,FALSE
9123,India,tech,01-01-1900,55647,663,197,235,611,FALSE
9124,Germany,tech,01-01-1900,42948,4541,741,24,779,FALSE
9125,Germany,finance,01-01-1900,16963,1028,643,428,147,FALSE
9131,UK,finance,01-01-1900,8420,2155,170,186,736,FALSE
9133,India,tech,01-01-1900,51090,4634,80,251,495,FALSE
9134,Germany,sports,01-01-1900,2195,1904,247,296,42,FALSE
9135,Unknown,tech,01-01-1900,68524,2239,1520,418,445,FALSE
9136,UK,politics,01-01-1900,30199,909,186,347,424,FALSE
9138,India,tech,01-01-1900,60685,3606,473,310,213,FALSE
9139,Germany,finance,01-01-1900,97926,1462,1767,33,488,FALSE
9140,UK,tech,01-01-1900,67534,2089,277,255,561,FALSE
9145,UK,politics,01-01-1900,51700,1437,49,190,544,FALSE
9151,Germany,sports,01-01-1900,59264,3486,686,373,994,TRUE
9152,Germany,sports,01-01-1900,61466,1994,1629,471,586,TRUE
9153,UK,tech,01-01-1900,94792,1712,388,80,351,FALSE
9154,India,finance,01-01-1900,58133,937,877,251,429,FALSE
9159,UK,sports,01-01-1900,84788,1341,962,486,606,FALSE
9160,India,politics,01-01-1900,68480,3026,430,260,675,FALSE
9163,Canada,sports,01-01-1900,61354,4343,216,394,816,FALSE
9167,USA,sports,01-01-1900,37670,2875,1342,194,216,TRUE
9168,India,sports,01-01-1900,20039,3278,301,481,962,FALSE
9170,India,finance,01-01-1900,28235,1389,866,236,465,TRUE
9171,UK,Unknown,01-01-1900,83633,2758,1870,0,118,TRUE
9172,USA,finance,01-01-1900,27526,279,490,82,859,TRUE
9174,India,politics,01-01-1900,6271,4132,1972,308,486,FALSE
9178,USA,politics,01-01-1900,65494,2471,1540,9,910,TRUE
9179,India,tech,01-01-1900,3766,4061,370,13,992,FALSE
9181,Canada,finance,01-01-1900,63606,29,575,134,495,FALSE
9184,UK,politics,01-01-1900,77908,2524,1003,374,832,FALSE
9186,Germany,tech,01-01-1900,49673,4618,871,484,277,FALSE
9191,Canada,politics,01-01-1900,8798,3954,1044,286,495,TRUE
9193,Germany,sports,01-01-1900,76667,3232,1033,499,772,TRUE
9195,Unknown,sports,01-01-1900,88676,4049,1449,341,584,TRUE
9202,UK,politics,01-01-1900,31113,3416,94,333,784,FALSE
9203,USA,politics,01-01-1900,89201,2187,1584,117,547,TRUE
9206,UK,politics,01-01-1900,48912,2911,855,391,601,FALSE
9208,UK,Unknown,01-01-1900,35588,3761,1910,127,313,FALSE
9209,India,finance,01-01-1900,9334,3646,1998,121,816,FALSE
9210,UK,finance,01-01-1900,786,3001,846,369,20,TRUE
9214,UK,sports,01-01-1900,93233,854,741,482,250,FALSE
9221,USA,finance,01-01-1900,81395,619,798,141,87,TRUE
9223,India,sports,01-01-1900,82540,3095,1291,339,977,FALSE
9224,India,finance,01-01-1900,10706,4433,191,61,495,TRUE
9229,Germany,tech,01-01-1900,39857,2868,1782,344,987,FALSE
9230,UK,sports,01-01-1900,98627,293,1624,32,495,TRUE
9233,Canada,finance,01-01-1900,83540,3305,631,262,610,TRUE
9237,Canada,sports,01-01-1900,36142,387,1949,19,908,TRUE
9242,Canada,politics,01-01-1900,7575,4226,145,102,724,TRUE
9245,Unknown,Unknown,01-01-1900,95073,3381,1868,427,399,TRUE
9250,India,sports,01-01-1900,93843,480,1881,3,452,TRUE
9252,Germany,sports,01-01-1900,85799,2759,1054,365,161,TRUE
9255,Canada,sports,01-01-1900,44874,3214,1266,408,638,TRUE
9256,UK,sports,01-01-1900,89668,823,1846,350,495,TRUE
9257,Germany,politics,01-01-1900,48699,2088,1505,473,890,FALSE
9260,Canada,politics,01-01-1900,45405,355,983,160,66,TRUE
9261,Germany,politics,01-01-1900,25158,2641,983,201,778,FALSE
9262,Germany,tech,01-01-1900,35583,2014,300,29,920,TRUE
9263,USA,sports,01-01-1900,77597,4753,21,44,104,FALSE
9265,UK,Unknown,01-01-1900,35230,2038,290,453,779,TRUE
9267,USA,finance,01-01-1900,76811,1749,1828,391,865,FALSE
9268,USA,politics,01-01-1900,8432,4253,1450,11,262,TRUE
9269,India,politics,01-01-1900,69722,1966,1591,299,675,FALSE
9273,Unknown,sports,01-01-1900,54222,4898,92,251,994,FALSE
9283,India,sports,01-01-1900,29594,2955,277,160,512,TRUE
9285,Canada,finance,01-01-1900,63769,2168,285,200,139,FALSE
9290,Germany,tech,01-01-1900,76247,3996,983,35,12,FALSE
9291,UK,politics,01-01-1900,51922,4984,983,357,356,TRUE
9292,Canada,politics,01-01-1900,28958,1127,1633,360,961,FALSE
9293,USA,tech,01-01-1900,10958,4762,1044,88,751,FALSE
9294,USA,finance,01-01-1900,49673,1927,24,345,932,FALSE
9296,Canada,sports,01-01-1900,90811,2773,1639,356,495,FALSE
9298,Canada,tech,01-01-1900,59416,976,411,188,525,TRUE
9301,India,tech,01-01-1900,37636,920,1545,360,179,TRUE
9302,Germany,politics,01-01-1900,82752,367,1490,374,55,TRUE
9306,Canada,finance,01-01-1900,10894,3297,189,85,704,TRUE
9309,Canada,sports,01-01-1900,49673,4710,1363,236,918,FALSE
9311,UK,politics,01-01-1900,41130,385,1731,251,567,FALSE
9312,Canada,tech,01-01-1900,19746,4475,1355,393,962,TRUE
9313,Canada,politics,01-01-1900,47912,432,423,11,93,TRUE
9316,Germany,Unknown,01-01-1900,89183,2792,247,422,850,TRUE
9320,Germany,politics,01-01-1900,48356,3892,688,251,276,FALSE
9321,India,tech,01-01-1900,49673,4537,1141,19,242,TRUE
9324,USA,politics,01-01-1900,49584,2524,666,344,139,FALSE
9326,Canada,politics,01-01-1900,65849,3368,1082,259,34,FALSE
9328,Unknown,finance,01-01-1900,49309,3815,1986,246,495,FALSE
9330,UK,sports,01-01-1900,53785,1347,1387,34,891,FALSE
9336,Canada,tech,01-01-1900,95746,3883,232,418,433,FALSE
9341,UK,finance,01-01-1900,42615,591,976,135,375,TRUE
9342,Germany,tech,01-01-1900,55559,3120,1527,192,620,TRUE
9343,India,finance,01-01-1900,54858,1514,983,470,475,TRUE
9345,UK,finance,01-01-1900,37044,2524,1752,259,207,FALSE
9347,Germany,finance,01-01-1900,90946,2031,466,6,149,TRUE
9350,Canada,sports,01-01-1900,64361,1326,1039,314,58,TRUE
9351,UK,tech,01-01-1900,61376,4399,137,286,622,TRUE
9352,UK,sports,01-01-1900,98543,3106,384,447,319,FALSE
9355,India,sports,01-01-1900,79222,572,486,67,5,TRUE
9359,India,finance,01-01-1900,12889,2856,610,407,975,TRUE
9364,Germany,sports,01-01-1900,83761,3763,1051,154,676,TRUE
9365,USA,sports,01-01-1900,32193,3122,58,90,996,FALSE
9370,Germany,finance,01-01-1900,27912,2405,983,247,728,FALSE
9372,Germany,politics,01-01-1900,88613,4611,1352,386,495,TRUE
9374,Canada,politics,01-01-1900,93701,3000,911,60,813,TRUE
9375,India,sports,01-01-1900,59836,4173,98,201,922,TRUE
9381,USA,finance,01-01-1900,9636,1447,1696,480,16,TRUE
9382,Germany,tech,01-01-1900,36565,1205,342,15,237,TRUE
9384,Germany,politics,01-01-1900,61636,1278,983,251,9,TRUE
9388,Canada,sports,01-01-1900,13175,4044,976,94,853,FALSE
9391,India,tech,01-01-1900,11158,2347,983,187,913,TRUE
9393,USA,politics,01-01-1900,89619,4416,113,69,65,TRUE
9396,Germany,sports,01-01-1900,82820,1926,1103,243,772,TRUE
9402,USA,finance,01-01-1900,69529,4875,384,252,821,FALSE
9404,USA,politics,01-01-1900,35477,3749,682,462,816,TRUE
9409,USA,politics,01-01-1900,8701,2871,1511,235,959,FALSE
9410,Germany,sports,01-01-1900,2064,1072,1376,143,495,FALSE
9411,Unknown,tech,01-01-1900,58489,1379,992,111,111,TRUE
9413,UK,tech,01-01-1900,69705,220,983,164,281,TRUE
9414,Germany,politics,01-01-1900,37334,592,983,27,495,TRUE
9415,India,tech,01-01-1900,94750,161,246,49,991,FALSE
9418,USA,politics,01-01-1900,89095,1329,1610,342,118,FALSE
9422,India,politics,01-01-1900,44047,3627,642,240,530,FALSE
9425,India,Unknown,01-01-1900,26444,4081,1163,356,73,TRUE
9428,Germany,tech,01-01-1900,13070,3490,1712,269,401,TRUE
9430,USA,sports,01-01-1900,49673,4000,1988,468,491,FALSE
9431,India,tech,01-01-1900,30517,2900,1794,244,249,TRUE
9433,Canada,politics,01-01-1900,84397,2123,1623,138,547,TRUE
9435,India,finance,01-01-1900,14981,2827,1051,341,115,FALSE
9437,UK,tech,01-01-1900,93177,4155,1098,419,629,FALSE
9439,India,politics,01-01-1900,5670,14,985,251,913,FALSE
9440,India,politics,01-01-1900,25070,1646,1569,384,339,TRUE
9441,India,politics,01-01-1900,49673,4796,1188,296,604,FALSE
9444,Germany,politics,01-01-1900,40087,1027,1153,446,722,TRUE
9445,UK,politics,01-01-1900,12070,4920,1217,240,594,FALSE
9446,India,Unknown,01-01-1900,16435,957,132,90,34,FALSE
9447,Unknown,tech,01-01-1900,49673,4109,983,362,958,TRUE
9450,Germany,politics,01-01-1900,49673,1023,919,355,708,TRUE
9454,UK,sports,01-01-1900,49923,3714,983,101,495,TRUE
9465,India,tech,01-01-1900,14010,3641,1381,366,128,TRUE
9467,UK,finance,01-01-1900,12262,3839,446,321,843,FALSE
9473,UK,tech,01-01-1900,49673,1938,1829,324,46,TRUE
9477,Germany,finance,01-01-1900,46989,3033,355,251,707,TRUE
9480,UK,sports,01-01-1900,33927,2635,384,232,358,FALSE
9483,India,politics,01-01-1900,29021,4514,1629,176,630,TRUE
9485,UK,finance,01-01-1900,47184,2524,1157,295,596,FALSE
9486,Canada,Unknown,01-01-1900,49673,4871,1091,384,419,FALSE
9487,UK,sports,01-01-1900,4220,2524,1723,170,83,TRUE
9489,Germany,sports,01-01-1900,21539,4417,282,51,583,TRUE
9493,Germany,finance,01-01-1900,86977,2118,634,18,193,FALSE
9497,Germany,politics,01-01-1900,37506,712,960,296,662,FALSE
9498,Canada,politics,01-01-1900,49673,2524,870,387,355,FALSE
9499,USA,finance,01-01-1900,47141,2241,1556,139,720,FALSE
9500,UK,tech,01-01-1900,54808,313,1266,312,281,FALSE
9501,Canada,tech,01-01-1900,75074,2524,524,181,546,FALSE
9504,India,sports,01-01-1900,3609,1806,1440,60,21,TRUE
9505,UK,tech,01-01-1900,43308,3842,33,459,495,TRUE
9506,Canada,finance,01-01-1900,12485,2965,1942,171,448,TRUE
9511,UK,tech,01-01-1900,64029,1166,1332,421,880,FALSE
9514,USA,finance,01-01-1900,59752,877,539,174,555,FALSE
9519,USA,sports,01-01-1900,5424,4257,1470,120,643,FALSE
9522,Germany,sports,01-01-1900,72858,1832,1664,162,846,TRUE
9523,India,tech,01-01-1900,66964,1838,1459,132,572,TRUE
9524,USA,finance,01-01-1900,89056,2019,409,373,608,FALSE
9527,UK,tech,01-01-1900,64487,3283,167,58,617,FALSE
9529,India,sports,01-01-1900,7137,13,66,7,891,TRUE
9531,India,tech,01-01-1900,28528,3876,1667,213,796,FALSE
9532,USA,finance,01-01-1900,41746,1815,1299,413,333,FALSE
9533,UK,politics,01-01-1900,90597,3595,1906,71,85,TRUE
9534,India,tech,01-01-1900,26860,1045,608,116,698,FALSE
9535,Germany,finance,01-01-1900,23145,340,1810,74,778,FALSE
9536,Germany,sports,01-01-1900,96280,1668,983,112,603,FALSE
9537,Germany,sports,01-01-1900,49673,2524,1589,310,692,FALSE
9538,USA,tech,01-01-1900,70095,3971,1846,177,448,TRUE
9539,Germany,sports,01-01-1900,46808,800,1197,251,397,FALSE
9544,Germany,finance,01-01-1900,54526,1557,1023,287,103,TRUE
9545,Canada,Unknown,01-01-1900,73307,3671,1427,40,614,TRUE
9546,UK,sports,01-01-1900,47048,3420,295,67,860,FALSE
9548,USA,sports,01-01-1900,88302,3717,601,434,441,TRUE
9551,India,Unknown,01-01-1900,83653,4425,1149,395,171,FALSE
9553,Germany,finance,01-01-1900,30240,4219,1595,448,495,TRUE
9557,Germany,tech,01-01-1900,83440,4624,1379,234,337,TRUE
9559,Germany,sports,01-01-1900,36726,4590,1550,218,231,FALSE
9560,USA,tech,01-01-1900,69351,3848,258,129,701,FALSE
9561,USA,finance,01-01-1900,46785,573,606,290,548,FALSE
9563,UK,sports,01-01-1900,84206,4063,1989,6,231,TRUE
9569,India,Unknown,01-01-1900,42901,3939,1795,165,243,FALSE
9571,Canada,finance,01-01-1900,87612,939,182,251,277,TRUE
9574,Canada,politics,01-01-1900,97998,3335,518,380,828,FALSE
9575,Canada,Unknown,01-01-1900,16185,3254,324,224,346,FALSE
9577,India,finance,01-01-1900,13073,1078,314,270,67,TRUE
9578,Germany,politics,01-01-1900,96022,244,544,249,641,TRUE
9581,USA,finance,01-01-1900,23944,2524,571,474,120,FALSE
9583,USA,sports,01-01-1900,36682,473,572,235,44,TRUE
9585,Germany,finance,01-01-1900,3185,4210,112,447,557,TRUE
9586,USA,tech,01-01-1900,1914,4012,1867,337,610,TRUE
9589,India,tech,01-01-1900,19937,4297,494,27,583,FALSE
9591,India,tech,01-01-1900,28378,3255,1800,118,745,FALSE
9592,Germany,finance,01-01-1900,49673,1702,969,49,33,FALSE
9594,UK,sports,01-01-1900,67690,3884,600,198,749,TRUE
9595,Unknown,tech,01-01-1900,59049,2524,250,87,55,TRUE
9596,USA,tech,01-01-1900,13054,2742,1152,391,181,FALSE
9600,Germany,finance,01-01-1900,63787,4694,808,249,367,TRUE
9601,Unknown,Unknown,01-01-1900,83220,4255,973,138,462,TRUE
9607,USA,finance,01-01-1900,31855,2524,1150,87,337,TRUE
9613,Germany,sports,01-01-1900,16242,68,892,160,172,TRUE
9616,India,finance,01-01-1900,51096,346,989,157,517,FALSE
9620,Canada,finance,01-01-1900,95899,3965,945,2,113,TRUE
9628,Germany,finance,01-01-1900,22079,534,446,201,979,FALSE
9634,Germany,tech,01-01-1900,85490,110,1402,53,256,FALSE
9640,India,sports,01-01-1900,75506,3926,973,241,852,FALSE
9641,Canada,tech,01-01-1900,74074,622,1743,420,495,TRUE
9645,Germany,politics,01-01-1900,25647,3016,1497,57,495,TRUE
9647,USA,Unknown,01-01-1900,14383,512,602,153,21,TRUE
9653,Germany,tech,01-01-1900,40231,4978,720,223,852,FALSE
9660,USA,sports,01-01-1900,62992,2524,951,392,748,FALSE
9661,UK,sports,01-01-1900,1400,137,1625,46,412,TRUE
9662,UK,tech,01-01-1900,86936,2818,983,91,495,TRUE
9665,USA,sports,01-01-1900,77783,2712,1570,363,636,TRUE
9668,Germany,finance,01-01-1900,95203,2392,7,489,600,FALSE
9669,Germany,politics,01-01-1900,20092,2825,547,427,631,FALSE
9671,USA,politics,01-01-1900,2292,4984,341,196,581,FALSE
9672,UK,sports,01-01-1900,94560,594,808,56,657,TRUE
9673,Canada,politics,01-01-1900,61183,1874,830,37,607,TRUE
9676,USA,Unknown,01-01-1900,33193,975,549,69,40,FALSE
9679,Canada,tech,01-01-1900,20044,1464,574,469,626,TRUE
9686,UK,finance,01-01-1900,23413,2524,343,462,384,TRUE
9687,Germany,sports,01-01-1900,99367,2333,724,191,233,FALSE
9688,Canada,tech,01-01-1900,9004,2377,983,251,480,FALSE
9689,Canada,sports,01-01-1900,61420,3456,986,474,22,TRUE
9693,Germany,sports,01-01-1900,17200,4908,602,369,319,FALSE
9694,Unknown,politics,01-01-1900,64112,4769,1444,247,495,FALSE
9697,USA,tech,01-01-1900,83809,3384,1624,59,684,TRUE
9699,UK,tech,01-01-1900,20135,691,1853,108,353,FALSE
9701,Canada,Unknown,01-01-1900,99572,4612,988,117,0,TRUE
9702,Canada,sports,01-01-1900,12626,3072,1664,43,105,TRUE
9704,India,tech,01-01-1900,23133,205,1065,118,560,FALSE
9705,India,finance,01-01-1900,35114,1600,1201,348,336,FALSE
9707,Germany,politics,01-01-1900,65769,1017,707,367,456,FALSE
9712,USA,sports,01-01-1900,86905,2271,899,452,987,FALSE
9718,UK,finance,01-01-1900,78892,147,504,237,210,FALSE
9719,India,sports,01-01-1900,13543,1214,1779,4,930,TRUE
9720,Unknown,tech,01-01-1900,87474,2092,1605,64,514,FALSE
9724,Canada,politics,01-01-1900,30645,4388,1277,90,333,FALSE
9725,UK,sports,01-01-1900,24806,2232,187,166,527,TRUE
9726,Canada,politics,01-01-1900,49673,4509,514,55,379,FALSE
9729,Canada,sports,01-01-1900,71145,2464,1545,243,647,FALSE
9730,USA,politics,01-01-1900,35883,3338,505,251,213,TRUE
9732,Germany,sports,01-01-1900,61680,1939,1101,320,303,TRUE
9733,USA,politics,01-01-1900,13593,1798,1580,234,531,TRUE
9734,Canada,politics,01-01-1900,12931,4344,965,182,113,TRUE
9737,Germany,sports,01-01-1900,28922,3571,1536,429,617,TRUE
9738,Germany,tech,01-01-1900,647,3516,983,361,78,TRUE
9740,UK,politics,01-01-1900,30755,0,1850,251,262,TRUE
9742,UK,sports,01-01-1900,93576,2246,44,185,170,TRUE
9745,India,politics,01-01-1900,9930,4261,983,340,621,TRUE
9746,India,politics,01-01-1900,27905,4730,1855,243,228,FALSE
9748,Germany,sports,01-01-1900,96216,3342,608,406,114,TRUE
9750,Canada,sports,01-01-1900,92179,1107,662,251,807,TRUE
9756,USA,Unknown,01-01-1900,36878,611,523,126,216,FALSE
9757,USA,politics,01-01-1900,94897,1233,110,442,175,TRUE
9758,UK,sports,01-01-1900,71624,4513,1497,233,474,FALSE
9760,USA,tech,01-01-1900,49673,1494,103,460,606,FALSE
9763,USA,finance,01-01-1900,49673,4971,1394,408,83,TRUE
9766,India,sports,01-01-1900,95047,3461,1829,435,495,TRUE
9770,UK,tech,01-01-1900,59423,3053,253,87,946,FALSE
9773,USA,politics,01-01-1900,86534,4985,1677,251,482,TRUE
9775,USA,sports,01-01-1900,10852,2118,51,84,733,FALSE
9776,UK,tech,01-01-1900,19524,3630,372,38,263,TRUE
9777,USA,politics,01-01-1900,86124,963,983,288,356,TRUE
9779,Germany,sports,01-01-1900,62652,4831,987,455,299,FALSE
9784,UK,tech,01-01-1900,24994,4778,983,109,848,FALSE
9785,USA,politics,01-01-1900,68101,4210,522,403,708,FALSE
9786,Germany,politics,01-01-1900,81489,1806,1485,367,825,TRUE
9787,USA,tech,01-01-1900,40259,946,1017,119,26,FALSE
9789,Canada,Unknown,01-01-1900,53173,1551,696,251,495,FALSE
9791,Canada,politics,01-01-1900,48283,3406,694,484,251,FALSE
9792,UK,politics,01-01-1900,30394,4411,388,246,537,TRUE
9793,UK,politics,01-01-1900,16869,2221,761,340,540,TRUE
9796,Canada,tech,01-01-1900,77645,4231,941,17,989,TRUE
9797,India,finance,01-01-1900,32846,603,1648,131,155,FALSE
9801,UK,tech,01-01-1900,85839,4184,739,75,723,TRUE
9807,Canada,tech,01-01-1900,19476,1813,1722,494,924,TRUE
9810,USA,finance,01-01-1900,7541,513,70,246,270,FALSE
9811,Canada,finance,01-01-1900,49673,459,442,445,991,FALSE
9813,USA,politics,01-01-1900,6361,2022,771,162,827,FALSE
9814,UK,sports,01-01-1900,49673,1977,1296,294,819,FALSE
9816,USA,sports,01-01-1900,28428,951,335,282,890,FALSE
9818,India,sports,01-01-1900,73784,349,1913,99,35,TRUE
9819,UK,politics,01-01-1900,59596,804,346,303,872,FALSE
9822,Germany,tech,01-01-1900,49673,3243,156,36,877,FALSE
9823,Unknown,Unknown,01-01-1900,67746,3803,791,377,964,TRUE
9824,India,finance,01-01-1900,86755,1274,915,424,450,TRUE
9825,UK,tech,01-01-1900,87450,3921,1345,176,623,FALSE
9826,USA,sports,01-01-1900,67013,2402,1242,188,100,TRUE
9828,Unknown,sports,01-01-1900,47117,4261,1568,432,959,TRUE
9830,USA,tech,01-01-1900,51466,3218,983,191,327,FALSE
9832,UK,politics,01-01-1900,1160,2476,699,94,790,TRUE
9838,USA,politics,01-01-1900,85047,2814,1556,41,187,TRUE
9839,Germany,finance,01-01-1900,86201,2917,1547,79,176,FALSE
9840,UK,politics,01-01-1900,6140,1345,959,229,428,TRUE
9841,India,Unknown,01-01-1900,77661,520,1479,153,586,TRUE
9844,UK,sports,01-01-1900,17258,2172,1419,197,876,TRUE
9851,Canada,sports,01-01-1900,50326,143,151,293,762,FALSE
9853,Germany,Unknown,01-01-1900,79425,2524,101,430,905,FALSE
9855,USA,finance,01-01-1900,75483,3709,1516,115,263,TRUE
9856,Canada,politics,01-01-1900,6215,3109,782,381,475,TRUE
9858,Canada,tech,01-01-1900,8362,2034,807,294,103,TRUE
9860,Unknown,politics,01-01-1900,49609,1931,558,487,721,FALSE
9861,Germany,tech,01-01-1900,2183,1497,1375,88,825,FALSE
9865,USA,tech,01-01-1900,25889,3072,1503,154,684,FALSE
9866,USA,politics,01-01-1900,13949,3901,1315,108,495,TRUE
9867,UK,politics,01-01-1900,18393,2376,79,8,960,TRUE
9868,Unknown,politics,01-01-1900,32748,2547,133,359,525,FALSE
9869,USA,finance,01-01-1900,78333,3117,1862,74,765,TRUE
9872,Germany,finance,01-01-1900,95222,555,767,379,551,TRUE
9874,UK,tech,01-01-1900,25516,2887,1209,308,794,FALSE
9875,Germany,sports,01-01-1900,54955,2524,1365,487,905,TRUE
9876,India,finance,01-01-1900,64181,2002,108,248,605,FALSE
9877,India,finance,01-01-1900,85060,4116,1407,317,562,FALSE
9878,Canada,politics,01-01-1900,28408,2524,1186,348,294,TRUE
9881,USA,sports,01-01-1900,57615,2088,1755,253,353,FALSE
9884,Canada,Unknown,01-01-1900,88826,3664,268,189,597,FALSE
9885,Canada,politics,01-01-1900,64898,3343,1011,9,201,TRUE
9886,Canada,finance,01-01-1900,32234,1041,1697,410,121,FALSE
9890,USA,politics,01-01-1900,83225,180,1584,391,777,FALSE
9891,UK,sports,01-01-1900,36269,3965,983,343,922,TRUE
9894,India,sports,01-01-1900,48825,2202,1447,119,320,TRUE
9895,India,Unknown,01-01-1900,68466,466,1872,294,942,TRUE
9896,Canada,sports,01-01-1900,91381,3504,205,335,447,TRUE
9897,India,politics,01-01-1900,17795,3178,830,206,315,FALSE
9902,Germany,tech,01-01-1900,7095,559,983,258,259,FALSE
9905,UK,finance,01-01-1900,40357,1208,1554,380,327,FALSE
9915,Germany,finance,01-01-1900,83970,115,215,113,850,FALSE
9917,India,sports,01-01-1900,26746,1401,15,141,876,FALSE
9921,Canada,tech,01-01-1900,21367,1335,1203,490,786,TRUE
9922,UK,politics,01-01-1900,49673,4466,1635,318,746,FALSE
9927,Germany,politics,01-01-1900,49673,3108,983,202,276,FALSE
9931,Germany,sports,01-01-1900,18490,2547,1787,227,958,FALSE
9933,India,politics,01-01-1900,37910,3161,1441,29,92,TRUE
9935,Germany,finance,01-01-1900,21159,2454,983,251,598,TRUE
9936,USA,politics,01-01-1900,97885,1173,765,302,404,TRUE
9937,UK,tech,01-01-1900,13473,4065,932,273,20,FALSE
9939,UK,finance,01-01-1900,99982,1649,224,67,512,FALSE
9940,UK,tech,01-01-1900,29381,2863,648,406,769,TRUE
9941,UK,finance,01-01-1900,55216,3580,1481,99,275,FALSE
9943,Unknown,politics,01-01-1900,50419,190,108,86,460,TRUE
9947,Germany,finance,01-01-1900,68058,4926,646,430,473,FALSE
9949,Germany,finance,01-01-1900,33548,3217,1872,27,14,FALSE
9951,UK,politics,01-01-1900,20630,3019,576,297,144,TRUE
9957,Germany,politics,01-01-1900,13747,3022,1997,46,226,FALSE
9961,Canada,sports,01-01-1900,35922,4963,1628,339,371,TRUE
9963,India,sports,01-01-1900,4379,1734,1062,51,329,FALSE
9966,USA,sports,01-01-1900,34400,2564,1936,412,84,TRUE
9967,Unknown,politics,01-01-1900,88481,3611,135,247,478,FALSE
9969,Germany,tech,01-01-1900,85814,526,512,321,980,FALSE
9971,USA,politics,01-01-1900,79226,2976,494,441,953,FALSE
9976,Canada,politics,01-01-1900,5514,3974,68,378,6,FALSE
9981,UK,sports,01-01-1900,49673,491,635,336,105,TRUE
9982,Canada,sports,01-01-1900,55022,555,1003,67,33,TRUE
9983,UK,sports,01-01-1900,12408,176,1272,265,711,TRUE
9987,USA,tech,01-01-1900,66153,1930,2,93,9,TRUE
9990,Canada,sports,01-01-1900,40102,1832,1809,243,39,TRUE
9994,UK,sports,01-01-1900,49251,2496,866,251,627,TRUE
9995,UK,sports,01-01-1900,97407,2524,1036,416,850,TRUE
9998,UK,finance,01-01-1900,95445,2117,1574,389,690,FALSE
9999,India,politics,01-01-1900,12916,2621,687,301,809,TRUE
