tweet_id,topic_category,tweet_timestamp,sentiment_score,positive_score,negative_score,neutral_score,impressions,likes,engagement_count
T10001,Sports,2025-01-15T19:19:00.000Z,0.027896068,0.05241241,0.528418524,0.336128713,17852,3555,253
T10002,Sports,2025-01-09T19:55:00.000Z,0.500796855,0.829323914,0.857350911,0.504428297,5256,701,912
T10004,Sports,2025-01-09T12:12:00.000Z,0.500796855,0.671444643,0.96492612,0.219430591,10940,185,109
T10033,Sports,2025-01-06T14:45:00.000Z,0.549152139,0.848443395,0.966686371,0.765480119,13193,2449,30
T10040,Finance,2025-01-08T11:42:00.000Z,0.380838216,0.290473948,0.2817066,0.558391393,13686,4267,331
T10047,Finance,2025-01-02T01:56:00.000Z,0.500796855,0.49738816,0.896819542,0.374818505,14824,4950,128
T10048,AI,2025-01-20T19:57:00.000Z,0.624113746,0.04378172,0.3769445,0.829103374,10026,2494,501
T10050,Cloud,2025-01-13T16:12:00.000Z,0.500796855,0.708174527,0.681662855,0.766808373,4555,3558,501
T10055,AI,2025-01-19T23:02:00.000Z,0.258052617,0.087712591,0.758541357,0.859933581,12679,2122,138
T10059,Cloud,2025-01-14T10:29:00.000Z,0.500796855,0.715404873,0.492344545,0.514045894,14174,4258,64
T10076,Finance,2025-01-01T21:31:00.000Z,0.868155102,0.241881061,0.226108874,0.037356688,10130,3284,501
T10080,Cloud,2025-01-10T12:52:00.000Z,0.500796855,0.07700562,0.446399626,0.235297169,11059,438,7
T10096,AI,2025-01-01T21:22:00.000Z,0.500796855,0.900782185,0.535672558,0.719582424,13046,2786,928
T10101,AI,2025-01-19T16:44:00.000Z,0.500796855,0.032082258,0.901135035,0.745966535,8868,4945,770
T10124,AI,2025-01-06T21:39:00.000Z,0.625853489,0.738994779,0.566586255,0.877343872,4589,91,501
T10133,Cloud,2025-01-01T14:49:00.000Z,0.500796855,0.470588329,0.926927009,0.079824292,16075,325,396
T10141,AI,2025-01-05T13:48:00.000Z,0.500796855,0.382265638,0.621974225,0.810666991,7555,2979,534
T10145,Finance,2025-01-02T21:36:00.000Z,0.510109139,0.661233912,0.310101175,0.608246019,19539,1381,160
T10153,Finance,2025-01-15T01:33:00.000Z,0.500796855,0.765081401,0.305209047,0.763608907,11768,1185,954
T10160,Finance,2025-01-07T00:02:00.000Z,0.610478637,0.001444421,0.867716013,0.909488946,16094,1184,688
T1017,AI,2025-01-19T07:07:00.000Z,0.500796855,0.173378631,0.438444407,0.237084484,3324,128,501
T10173,Cloud,2025-01-11T22:37:00.000Z,0.500796855,0.844326041,0.320529027,0.009407651,13925,3375,930
T10177,Finance,2025-01-23T00:18:00.000Z,0.500796855,0.078686561,0.913847481,0.732253446,19623,2100,439
T10186,AI,2025-01-03T21:55:00.000Z,0.500796855,0.591310608,0.139104664,0.094241758,784,2967,875
T10189,Finance,2025-01-23T23:50:00.000Z,0.500796855,0.555525564,0.135164278,0.812937421,4291,1415,230
T1020,Sports,2025-01-05T00:57:00.000Z,0.90305173,0.211470747,0.565147079,0.584927385,10130,129,541
T10202,AI,2025-01-14T08:09:00.000Z,0.429615879,0.061094714,0.884207719,0.957773429,13416,1971,986
T10204,Sports,2025-01-16T22:41:00.000Z,0.533548045,0.32833738,0.818592713,0.630778886,16598,2052,364
T10205,Finance,2025-01-10T11:02:00.000Z,0.470742954,0.585659153,0.800259748,0.161192315,14171,3249,16
T10211,Sports,2025-01-16T18:04:00.000Z,0.65581265,0.398218574,0.030175887,0.344660372,5920,3906,501
T10220,Sports,2025-01-14T16:36:00.000Z,0.500796855,0.472246063,0.532813044,0.992871283,8076,238,445
T10232,Cloud,2025-01-15T15:13:00.000Z,0.179541887,0.310137964,0.857952208,0.390527289,14796,3182,172
T10241,Sports,2025-01-07T21:23:00.000Z,0.044109522,0.50240542,0.492344545,0.930074982,7634,1650,796
T10245,AI,2025-01-04T23:31:00.000Z,0.121114652,0.183403577,0.133463052,0.59756903,11610,928,450
T10251,Cloud,2025-01-02T18:16:00.000Z,0.50776044,0.746730843,0.254833328,0.832689152,11244,869,501
T10273,AI,2025-01-22T10:12:00.000Z,0.500796855,0.854163126,0.095444851,0.246458026,12595,2716,850
T10289,Sports,2025-01-13T09:56:00.000Z,0.500796855,0.436214546,0.655898902,0.873800985,18887,3393,78
T10304,Cloud,2025-01-16T05:51:00.000Z,0.500796855,0.283197601,0.253929624,0.686647722,19764,3621,277
T10305,Cloud,2025-01-20T12:38:00.000Z,0.911652152,0.430401821,0.542366452,0.775515896,8998,4653,56
T10311,Finance,2025-01-12T09:34:00.000Z,0.500796855,0.062215835,0.47869064,0.292796544,9380,1262,535
T10317,Sports,2025-01-08T20:30:00.000Z,0.011056542,0.104596774,0.808987286,0.983256951,8463,2494,4
T10324,Finance,2025-01-18T03:52:00.000Z,0.784007675,0.813017996,0.386075214,0.869723228,13642,995,684
T10338,AI,2025-01-11T17:25:00.000Z,0.210926358,0.256600877,0.855297656,0.376448406,1428,4870,798
T10352,Sports,2025-01-09T04:19:00.000Z,0.827953115,0.668467805,0.152364352,0.448263601,12792,1733,467
T10361,Finance,2025-01-19T23:04:00.000Z,0.500796855,0.548774852,0.906525,0.650867491,16222,2445,310
T10393,Cloud,2025-01-10T08:22:00.000Z,0.500796855,0.427775224,0.531773481,0.843673435,11619,3865,299
T10394,Sports,2025-01-19T13:45:00.000Z,0.651381186,0.045655335,0.560658637,0.830630817,16437,304,497
T10413,Sports,2025-01-23T02:53:00.000Z,0.500796855,0.30461246,0.406897689,0.479747582,14083,2494,369
T10426,Finance,2025-01-21T05:40:00.000Z,0.500796855,0.382553927,0.010485633,0.864171274,11076,2916,758
T10438,Sports,2025-01-07T05:08:00.000Z,0.500796855,0.747014342,0.399431787,0.045388083,3151,4847,750
T1044,Sports,2025-01-16T02:10:00.000Z,0.004232012,0.178329094,0.501487752,0.861786085,3018,195,40
T10448,AI,2025-01-18T09:20:00.000Z,0.457749069,0.478762875,0.046726728,0.287599323,12824,2494,805
T1045,Sports,2025-01-02T05:50:00.000Z,0.500796855,0.336237825,0.811150861,0.69957184,14775,2494,584
T10466,Cloud,2025-01-02T15:52:00.000Z,0.970058796,0.430098198,0.553238412,0.193417822,18032,4415,979
T10479,AI,2025-01-17T02:30:00.000Z,0.752330311,0.301422521,0.222606877,0.724060775,16723,3076,184
T10484,Sports,2025-01-16T23:06:00.000Z,0.500796855,0.434428293,0.759981019,0.880987537,13090,3276,766
T10487,Sports,2025-01-07T08:44:00.000Z,0.500796855,0.674120563,0.220830366,0.995810698,17747,2494,872
T10505,Finance,2025-01-04T20:44:00.000Z,0.483071472,0.49738816,0.502885092,0.622021986,2010,962,128
T10511,Sports,2025-01-22T07:16:00.000Z,0.646234027,0.652919,0.047690615,0.552274864,9148,1380,232
T10544,Cloud,2025-01-10T17:35:00.000Z,0.500796855,0.010564005,0.4059428,0.504428297,13979,829,617
T10546,Cloud,2025-01-06T12:57:00.000Z,0.243660358,0.695302788,0.149037936,0.505375397,2012,1609,874
T10549,Finance,2025-01-07T16:47:00.000Z,0.141305845,0.011802631,0.344422502,0.215645088,18729,3791,422
T10554,Finance,2025-01-08T09:14:00.000Z,0.500796855,0.932197395,0.224751671,0.105501813,7713,2926,961
T10580,Sports,2025-01-09T19:42:00.000Z,0.500796855,0.455088856,0.781788979,0.621794599,18697,3403,665
T1060,AI,2025-01-23T03:32:00.000Z,0.040790787,0.280278589,0.539650512,0.118921058,10130,4648,24
T10608,Cloud,2025-01-21T19:16:00.000Z,0.500796855,0.371713239,0.828181462,0.623712747,1227,411,205
T10630,Finance,2025-01-21T11:59:00.000Z,0.500796855,0.47854936,0.105182132,0.887522118,626,2098,740
T10653,Finance,2025-01-23T15:03:00.000Z,0.702930921,0.413927906,0.811664658,0.348759599,12952,4679,154
T10661,AI,2025-01-02T01:19:00.000Z,0.288701074,0.572467612,0.546494056,0.381598695,1818,912,501
T10665,Cloud,2025-01-21T07:45:00.000Z,0.448549208,0.49738816,0.192226908,0.925082136,10130,3719,702
T10667,Cloud,2025-01-23T04:55:00.000Z,0.500796855,0.122441789,0.161093924,0.469456837,11142,2023,119
T10669,Sports,2025-01-16T01:49:00.000Z,0.500796855,0.754416338,0.492344545,0.552788005,18255,3674,177
T10689,Sports,2025-01-21T10:12:00.000Z,0.518821299,0.106397289,0.191284764,0.032516493,11202,4877,496
T10692,Finance,2025-01-22T20:44:00.000Z,0.500796855,0.061761216,0.140798887,0.265163304,15864,1187,336
T10694,Sports,2025-01-20T11:06:00.000Z,0.500796855,0.710574931,0.594930066,0.745032379,72,1667,65
T10698,AI,2025-01-03T09:39:00.000Z,0.247922635,0.323418621,0.337797246,0.999548242,1156,1065,234
T10701,Cloud,2025-01-07T10:58:00.000Z,0.500796855,0.05268053,0.241022606,0.387779718,17929,2494,911
T10704,Cloud,2025-01-08T06:01:00.000Z,0.765472354,0.879063575,0.690306959,0.276915796,14069,1670,386
T10724,Cloud,2025-01-15T00:33:00.000Z,0.500796855,0.048571142,0.303598258,0.744977693,2460,2258,188
T10725,Cloud,2025-01-10T04:43:00.000Z,0.167379489,0.697311603,0.458489005,0.826420442,10130,1532,282
T10736,AI,2025-01-23T06:30:00.000Z,0.515175698,0.211864442,0.30557898,0.605712037,12796,2718,739
T10744,Sports,2025-01-07T02:08:00.000Z,0.500796855,0.941645707,0.395954278,0.330739477,13683,4436,349
T10757,Sports,2025-01-05T05:00:00.000Z,0.959423325,0.231567229,0.044282875,0.494190817,18857,3082,519
T10765,Cloud,2025-01-19T03:02:00.000Z,0.322538097,0.432226565,0.163433833,0.119459779,10130,4032,11
T10775,Finance,2025-01-10T18:33:00.000Z,0.500796855,0.996425686,0.186093346,0.185569487,356,818,379
T10777,AI,2025-01-08T09:32:00.000Z,0.991255879,0.73443467,0.206701784,0.390993651,14574,4273,735
T10781,Sports,2025-01-15T01:50:00.000Z,0.500796855,0.49738816,0.027804029,0.569124522,3124,339,367
T10784,Sports,2025-01-24T02:20:00.000Z,0.500796855,0.683815241,0.824857564,0.156993981,16967,1923,168
T10785,Finance,2025-01-13T10:27:00.000Z,0.710398602,0.500589472,0.92365867,0.546083065,7569,3497,237
T10844,Finance,2025-01-01T12:31:00.000Z,0.416038974,0.980385045,0.019786992,0.808254365,1298,2691,628
T10855,Cloud,2025-01-13T18:05:00.000Z,0.500796855,0.915010705,0.430814133,0.920321391,15157,2602,569
T10886,Cloud,2025-01-20T15:49:00.000Z,0.500796855,0.877686797,0.223366291,0.832613875,19012,786,50
T10890,AI,2025-01-08T22:28:00.000Z,0.928460083,0.268511455,0.77319515,0.370369375,17676,2675,580
T10916,AI,2025-01-17T08:26:00.000Z,0.617160167,0.23219823,0.661712348,0.104716906,12071,3029,501
T10928,Cloud,2025-01-15T20:58:00.000Z,0.500796855,0.189320959,0.710028371,0.629619607,9150,887,991
T10958,AI,2025-01-04T00:38:00.000Z,0.500796855,0.49738816,0.948622402,0.057339626,10130,4731,921
T10960,AI,2025-01-11T19:26:00.000Z,0.500796855,0.892041045,0.992829765,0.594152922,16656,4612,626
T10982,AI,2025-01-11T21:38:00.000Z,0.500796855,0.850264973,0.976074371,0.29217167,5952,2971,277
T10999,Cloud,2025-01-19T21:27:00.000Z,0.500796855,0.49738816,0.142051377,0.617610312,13084,3554,645
T11020,Sports,2025-01-16T23:41:00.000Z,0.943086499,0.703363472,0.768430202,0.504428297,13068,443,498
T11028,Sports,2025-01-07T14:15:00.000Z,0.450504781,0.162931431,0.792592175,0.169687474,11487,3039,713
T11032,Finance,2025-01-21T11:58:00.000Z,0.500796855,0.603204971,0.220242021,0.714601215,19123,4653,740
T11039,Finance,2025-01-10T15:34:00.000Z,0.500796855,0.958553464,0.205952219,0.140776717,566,2970,872
T11053,Finance,2025-01-16T03:32:00.000Z,0.998786146,0.598633341,0.64569194,0.028895115,17518,4567,474
T11056,Sports,2025-01-10T00:23:00.000Z,0.500796855,0.606393441,0.149067615,0.458763142,13933,986,217
T11062,AI,2025-01-13T00:08:00.000Z,0.395357328,0.632663648,0.05780713,0.255836696,17283,2268,288
T11068,Finance,2025-01-09T04:14:00.000Z,0.500796855,0.036566019,0.432575644,0.525027995,3996,4255,679
T11070,Sports,2025-01-11T01:28:00.000Z,0.500796855,0.282042202,0.479151574,0.580699102,17277,3746,740
T11078,Finance,2025-01-10T18:28:00.000Z,0.074225513,0.790256728,0.492344545,0.392809939,1122,352,123
T1108,AI,2025-01-08T16:10:00.000Z,0.500796855,0.25209709,0.796057261,0.988380514,1043,3145,958
T11081,Finance,2025-01-10T20:46:00.000Z,0.586342888,0.865114271,0.072398518,0.482129763,15565,426,443
T1109,Cloud,2025-01-21T05:11:00.000Z,0.816721319,0.711307784,0.679337323,0.515801807,10130,4631,529
T11094,Cloud,2025-01-21T06:25:00.000Z,0.500796855,0.219080769,0.366441096,0.504428297,10130,2410,964
T11098,Sports,2025-01-17T06:14:00.000Z,0.500796855,0.441221061,0.430585232,0.063179072,15739,1932,314
T1111,Sports,2025-01-04T15:13:00.000Z,0.504842965,0.152950266,0.341361904,0.504428297,9797,2020,514
T11132,Sports,2025-01-11T01:41:00.000Z,0.500796855,0.107046044,0.564235187,0.874538347,6110,1936,501
T1114,Cloud,2025-01-11T00:26:00.000Z,0.818099606,0.247421831,0.430329065,0.988379411,18285,2623,579
T11154,Sports,2025-01-10T19:33:00.000Z,0.783050276,0.348879228,0.207446307,0.230733856,15558,122,267
T11157,Cloud,2025-01-19T08:59:00.000Z,0.500796855,0.49738816,0.271259139,0.767135309,14725,2591,339
T1117,AI,2025-01-02T04:23:00.000Z,0.789166496,0.768923694,0.097735189,0.373278729,19493,2494,523
T11178,Cloud,2025-01-15T01:30:00.000Z,0.500796855,0.507397782,0.06331739,0.724732707,5982,2695,241
T11180,Cloud,2025-01-05T14:27:00.000Z,0.500796855,0.311869933,0.480066317,0.994272978,8937,923,259
T11192,Cloud,2025-01-09T11:30:00.000Z,0.500796855,0.709847554,0.009553406,0.504428297,19019,4472,881
T1120,Cloud,2025-01-13T23:23:00.000Z,0.852434253,0.026168066,0.489737859,0.925991241,16460,1441,440
T11204,Finance,2025-01-04T12:09:00.000Z,0.206767305,0.418346369,0.552858119,0.616560089,6916,4728,19
T1121,Cloud,2025-01-16T15:05:00.000Z,0.500796855,0.321524319,0.671673356,0.136333255,14177,377,607
T11211,Sports,2025-01-20T06:53:00.000Z,0.60936057,0.959494722,0.233653986,0.981618978,10461,1626,111
T11226,Finance,2025-01-19T23:12:00.000Z,0.679763457,0.910781423,0.121628765,0.019634216,11927,2904,734
T11228,Cloud,2025-01-21T01:05:00.000Z,0.160695592,0.477326517,0.756817113,0.665161097,12994,968,732
T1124,Sports,2025-01-17T03:56:00.000Z,0.552700779,0.446485083,0.508257611,0.504428297,9150,2494,674
T11250,Finance,2025-01-10T10:56:00.000Z,0.063473961,0.023509941,0.891348886,0.490431988,8673,2607,695
T11253,Cloud,2025-01-01T07:25:00.000Z,0.017345488,0.059448546,0.329530445,0.544335699,51,103,251
T11263,Cloud,2025-01-01T19:25:00.000Z,0.500796855,0.579523151,0.740708046,0.144123423,9261,3415,871
T11266,Sports,2025-01-10T05:03:00.000Z,0.228786349,0.190431712,0.301589727,0.85610826,7660,26,50
T11269,Cloud,2025-01-17T00:16:00.000Z,0.538225982,0.866626019,0.935938088,0.43414882,4977,1548,537
T11273,Sports,2025-01-05T15:01:00.000Z,0.500796855,0.04867408,0.944081963,0.730223663,6563,3958,284
T11277,Sports,2025-01-21T02:30:00.000Z,0.500796855,0.9162863,0.305344842,0.64225934,13641,804,894
T11326,Finance,2025-01-21T09:09:00.000Z,0.696312329,0.569855561,0.905022245,0.446360865,13088,2073,719
T11337,Sports,2025-01-17T22:57:00.000Z,0.857712101,0.216478319,0.881257676,0.125502483,1843,345,260
T11352,Sports,2025-01-08T12:36:00.000Z,0.500796855,0.63862073,0.102650431,0.904260994,10130,4540,771
T11366,Finance,2025-01-02T18:05:00.000Z,0.067684679,0.045860786,0.830693821,0.525135189,17216,2609,913
T11369,Sports,2025-01-02T15:19:00.000Z,0.947426318,0.080423794,0.75297019,0.277921956,17835,4286,20
T11370,AI,2025-01-09T13:56:00.000Z,0.500796855,0.41131744,0.047010412,0.044467043,9468,980,195
T1138,Sports,2025-01-12T16:24:00.000Z,0.500796855,0.997726875,0.546280446,0.944698529,5344,3177,444
T11391,Finance,2025-01-03T19:43:00.000Z,0.099873662,0.27456696,0.13929825,0.026623428,3826,596,188
T1140,Finance,2025-01-07T03:08:00.000Z,0.500796855,0.939469189,0.792123915,0.538806002,17157,3895,763
T11405,AI,2025-01-09T06:15:00.000Z,0.371174532,0.900680036,0.595151852,0.504428297,112,1333,732
T11414,Finance,2025-01-16T23:35:00.000Z,0.500796855,0.934018957,0.629321239,0.10414904,7475,4406,637
T11420,AI,2025-01-02T15:31:00.000Z,0.328722069,0.453956281,0.518001288,0.217323714,12969,4363,501
T11436,Cloud,2025-01-03T01:46:00.000Z,0.636970015,0.683747415,0.884871875,0.89439373,16215,2856,769
T11452,Cloud,2025-01-23T06:09:00.000Z,0.500796855,0.892593028,0.318093521,0.109168624,13221,2494,251
T11467,AI,2025-01-05T23:45:00.000Z,0.0850309,0.704557046,0.543093744,0.681135033,3604,2494,894
T11476,Cloud,2025-01-21T10:00:00.000Z,0.555754173,0.966337706,0.565653754,0.982791931,19306,4116,838
T11478,Sports,2025-01-01T00:05:00.000Z,0.500796855,0.127111448,0.998745299,0.248202827,5936,4351,847
T11481,Finance,2025-01-14T12:22:00.000Z,0.500796855,0.030824857,0.320720891,0.686963687,13795,4720,476
T1150,Cloud,2025-01-10T11:47:00.000Z,0.050981859,0.468924473,0.987026142,0.567603527,7716,1995,353
T11515,Finance,2025-01-15T14:28:00.000Z,0.500796855,0.198881381,0.91291998,0.634429269,11964,2919,911
T11516,AI,2025-01-07T21:41:00.000Z,0.588621441,0.813938973,0.690723711,0.038086446,5805,408,978
T11522,Cloud,2025-01-13T03:03:00.000Z,0.166293076,0.202387672,0.056769528,0.72259721,15567,4387,37
T11523,AI,2025-01-23T15:45:00.000Z,0.500796855,0.608729192,0.678567566,0.417024619,1658,550,535
T11524,Finance,2025-01-09T07:56:00.000Z,0.855109725,0.621420965,0.021593116,0.934114643,10130,1793,76
T11533,Cloud,2025-01-10T05:11:00.000Z,0.68916046,0.354588275,0.617110578,0.376627944,10898,4383,785
T11540,AI,2025-01-20T14:30:00.000Z,0.534085009,0.339024027,0.531467465,0.435071753,5224,2190,776
T11543,AI,2025-01-18T02:18:00.000Z,0.670253684,0.585380449,0.565438495,0.189191141,19637,3196,988
T11549,Finance,2025-01-19T20:10:00.000Z,0.789588408,0.767463022,0.972700251,0.508774288,14488,3903,325
T11551,AI,2025-01-08T08:06:00.000Z,0.610471643,0.099896558,0.563938976,0.417607685,3420,771,348
T11559,Finance,2025-01-22T06:45:00.000Z,0.721848225,0.49738816,0.504124182,0.734016214,5635,3266,847
T11563,AI,2025-01-09T08:11:00.000Z,0.413647129,0.128468566,0.790862118,0.472580468,1657,2494,870
T11576,Cloud,2025-01-07T22:35:00.000Z,0.683236351,0.177105574,0.907802867,0.73943806,7761,680,264
T1159,Finance,2025-01-02T21:16:00.000Z,0.500796855,0.199839307,0.651808056,0.962701647,9860,1607,272
T1160,Finance,2025-01-13T15:43:00.000Z,0.849917806,0.748752104,0.843170593,0.866476072,15452,153,984
T11605,Sports,2025-01-13T01:05:00.000Z,0.141828853,0.176138914,0.658400932,0.265713972,14994,36,115
T11608,Finance,2025-01-12T00:59:00.000Z,0.321323909,0.924909256,0.442269139,0.810545994,3076,2494,590
T11610,AI,2025-01-10T23:50:00.000Z,0.735646001,0.592094358,0.399758966,0.924082325,18148,348,391
T1162,Cloud,2025-01-15T18:09:00.000Z,0.500796855,0.542890011,0.125300267,0.712851639,2111,3822,940
T11626,Sports,2025-01-01T05:33:00.000Z,0.394501268,0.179206739,0.870083337,0.184634826,12480,4965,37
T11646,AI,2025-01-09T15:57:00.000Z,0.755179789,0.713071875,0.358060786,0.861024978,10141,2584,30
T11648,Finance,2025-01-09T17:36:00.000Z,0.500796855,0.619490986,0.698569121,0.758418498,1116,2599,827
T11652,Finance,2025-01-11T18:53:00.000Z,0.290727991,0.250287403,0.613250136,0.847222966,12194,3674,761
T11667,Cloud,2025-01-11T10:24:00.000Z,0.500796855,0.667014132,0.874435684,0.216867086,3074,1270,858
T11671,Cloud,2025-01-19T19:00:00.000Z,0.362706361,0.868634513,0.05138858,0.272322238,17968,4119,487
T11679,Cloud,2025-01-16T15:50:00.000Z,0.500796855,0.644212413,0.58639443,0.771759563,16360,4746,748
T11703,Sports,2025-01-02T05:26:00.000Z,0.500796855,0.668404299,0.217454459,0.504428297,3888,1331,243
T1171,Sports,2025-01-18T02:10:00.000Z,0.500796855,0.984959124,0.69336606,0.946869164,4131,3809,82
T11711,Sports,2025-01-18T05:24:00.000Z,0.500796855,0.862021425,0.538281677,0.263435671,17050,254,620
T11714,Cloud,2025-01-18T20:56:00.000Z,0.500796855,0.882449767,0.947350489,0.671043083,18955,588,42
T11720,Sports,2025-01-23T04:22:00.000Z,0.500796855,0.548734154,0.096088534,0.476855561,11446,3980,906
T11730,Sports,2025-01-03T17:50:00.000Z,0.248874591,0.32675486,0.324707566,0.96988513,18456,2452,723
T11746,Cloud,2025-01-08T19:53:00.000Z,0.899058693,0.956746777,0.679783789,0.398270358,14744,1373,684
T11772,Sports,2025-01-09T02:10:00.000Z,0.500796855,0.471161131,0.958375047,0.328543593,2319,3816,271
T11774,Sports,2025-01-19T23:54:00.000Z,0.500796855,0.919310466,0.492344545,0.278587883,12026,2494,851
T11780,Cloud,2025-01-17T22:48:00.000Z,0.500796855,0.510316925,0.058827358,0.471922504,4823,2339,676
T11787,AI,2025-01-17T06:29:00.000Z,0.500796855,0.049778065,0.064440509,0.320106091,13798,526,156
T11789,Sports,2025-01-14T23:44:00.000Z,0.101147208,0.596203822,0.378219878,0.61268281,19113,1508,637
T1179,Sports,2025-01-18T01:02:00.000Z,0.500796855,0.439765956,0.751228572,0.129586659,15724,1663,652
T11797,Sports,2025-01-05T07:16:00.000Z,0.500796855,0.164349986,0.813707556,0.64133359,11988,2562,1000
T1180,Sports,2025-01-02T10:23:00.000Z,0.252147557,0.727537774,0.863991036,0.242502353,7004,2494,583
T11801,Sports,2025-01-21T07:44:00.000Z,0.500796855,0.832467785,0.818979445,0.915620404,936,4846,218
T11817,Sports,2025-01-19T00:19:00.000Z,0.222564591,0.160783917,0.271696844,0.983273785,17980,3007,473
T11838,Finance,2025-01-12T15:53:00.000Z,0.500796855,0.49738816,0.81774036,0.710082158,6386,742,261
T11849,Cloud,2025-01-05T13:14:00.000Z,0.500796855,0.311534037,0.922990128,0.0928909,10479,3689,846
T11898,Finance,2025-01-11T19:44:00.000Z,0.989939105,0.777124955,0.554294628,0.202877139,10130,611,578
T119,Sports,2025-01-11T22:23:00.000Z,0.154494198,0.493496207,0.089073532,0.096301211,3455,555,958
T1190,Cloud,2025-01-14T05:00:00.000Z,0.784109034,0.423752873,0.387850701,0.983821192,16493,4868,69
T11911,Finance,2025-01-10T04:45:00.000Z,0.170173862,0.985778293,0.679645766,0.614720433,6718,4168,277
T11915,AI,2025-01-01T16:01:00.000Z,0.021602722,0.790666598,0.189309879,0.234584049,5656,2,252
T11917,Finance,2025-01-16T08:19:00.000Z,0.423249757,0.106107893,0.937707627,0.504428297,8187,3387,533
T11924,AI,2025-01-01T06:32:00.000Z,0.740417905,0.972985984,0.216965625,0.10210695,7626,283,999
T11931,Finance,2025-01-05T04:39:00.000Z,0.463031816,0.255327739,0.166704079,0.504428297,6494,4112,881
T11941,AI,2025-01-09T05:24:00.000Z,0.80695579,0.608112649,0.275592963,0.145516773,896,2487,622
T11946,Sports,2025-01-13T14:04:00.000Z,0.500796855,0.100588825,0.74523509,0.034560492,9242,2384,248
T11954,AI,2025-01-18T03:22:00.000Z,0.500796855,0.49738816,0.117151681,0.325259482,14672,2979,976
T11955,Finance,2025-01-09T21:25:00.000Z,0.500796855,0.149449363,0.397833779,0.403045792,14838,2389,908
T1196,Sports,2025-01-20T02:32:00.000Z,0.56517601,0.556676591,0.764656122,0.421318462,13006,1694,843
T11961,AI,2025-01-02T21:26:00.000Z,0.418904522,0.879296598,0.999347773,0.278843895,3362,4659,187
T11978,Cloud,2025-01-19T14:51:00.000Z,0.415663586,0.222505051,0.315984586,0.037854502,2530,4037,18
T1199,Sports,2025-01-06T05:20:00.000Z,0.033720575,0.64690792,0.440960577,0.64781397,13386,2687,122
T11996,Cloud,2025-01-05T21:19:00.000Z,0.577542893,0.204868058,0.917653592,0.935424868,10705,4319,155
T1200,AI,2025-01-17T16:17:00.000Z,0.500796855,0.365530298,0.377549197,0.982281848,16630,2376,853
T12000,Sports,2025-01-03T14:50:00.000Z,0.495682704,0.903881853,0.214622811,0.808628434,10130,3412,126
T12005,Sports,2025-01-02T03:07:00.000Z,0.611320076,0.615587178,0.038846495,0.652339087,4936,1727,55
T12006,AI,2025-01-12T15:32:00.000Z,0.303309568,0.021704132,0.429465448,0.203368739,2323,597,137
T12017,Sports,2025-01-20T01:49:00.000Z,0.500796855,0.802698345,0.826704529,0.34877876,14719,1627,736
T1202,Sports,2025-01-18T02:49:00.000Z,0.500796855,0.182907732,0.932050998,0.468037573,413,3836,415
T12023,Sports,2025-01-06T16:18:00.000Z,0.365137749,0.309084278,0.479957601,0.052532623,19181,2754,276
T12036,Sports,2025-01-12T01:35:00.000Z,0.968188387,0.273796645,0.414852632,0.01745036,13075,1995,286
T12037,Cloud,2025-01-03T15:56:00.000Z,0.500796855,0.373761672,0.811843121,0.53329739,8267,722,498
T12047,Sports,2025-01-12T05:08:00.000Z,0.343512785,0.336135789,0.067488521,0.911418047,17060,2938,955
T12049,Finance,2025-01-08T06:50:00.000Z,0.727303377,0.570368005,0.995767495,0.504428297,14418,3064,458
T1206,Sports,2025-01-01T01:10:00.000Z,0.500796855,0.424662948,0.546885771,0.776960059,16501,4279,627
T12061,Finance,2025-01-16T09:33:00.000Z,0.076911139,0.652197158,0.137574984,0.117070382,10523,2038,644
T12065,Finance,2025-01-14T21:48:00.000Z,0.500796855,0.524358002,0.778732888,0.332840402,1242,2235,501
T12083,Cloud,2025-01-05T16:36:00.000Z,0.631588374,0.594158928,0.096220092,0.066810288,5204,4745,835
T12086,AI,2025-01-18T08:01:00.000Z,0.500796855,0.678105427,0.492344545,0.797590228,8346,4546,405
T1209,Cloud,2025-01-19T05:29:00.000Z,0.626806297,0.283738264,0.915476146,0.518351432,6502,4185,487
T12107,AI,2025-01-14T02:09:00.000Z,0.274051083,0.717970729,0.425260649,0.08095127,9269,4677,306
T12112,Sports,2025-01-06T09:41:00.000Z,0.301913815,0.540166981,0.508209236,0.509223065,1165,3300,695
T12141,Finance,2025-01-14T16:07:00.000Z,0.500796855,0.467806786,0.583575489,0.084532218,4927,990,955
T12147,Cloud,2025-01-17T01:09:00.000Z,0.500796855,0.880168345,0.412712957,0.949804289,15426,230,316
T1217,AI,2025-01-05T01:09:00.000Z,0.646973064,0.89162306,0.532003741,0.315013023,3468,3009,390
T12171,Finance,2025-01-09T18:59:00.000Z,0.989435664,0.599546669,0.054347545,0.2407947,108,4133,374
T1218,Sports,2025-01-20T01:19:00.000Z,0.500796855,0.482612325,0.425129046,0.968854342,6804,3175,905
T12184,Finance,2025-01-07T17:13:00.000Z,0.961018702,0.305389648,0.550731126,0.86502279,14747,4657,335
T12187,Cloud,2025-01-21T07:22:00.000Z,0.500796855,0.759714324,0.233680235,0.33578318,630,570,255
T12209,Sports,2025-01-17T11:52:00.000Z,0.996475795,0.041735661,0.546364036,0.659421781,3794,1888,387
T12232,AI,2025-01-19T11:05:00.000Z,0.872420506,0.65434278,0.616841039,0.018522801,11375,2502,200
T12260,Finance,2025-01-09T23:08:00.000Z,0.343044147,0.29668555,0.445218827,0.301954113,11361,1248,573
T12272,Finance,2025-01-07T20:12:00.000Z,0.500796855,0.495665091,0.77252434,0.563138893,1632,4401,340
T12276,Cloud,2025-01-13T22:04:00.000Z,0.500796855,0.760562326,0.358904665,0.172040081,12451,4967,127
T12280,Finance,2025-01-06T11:55:00.000Z,0.492850472,0.779854277,0.695067293,0.476393055,6757,472,951
T12294,Cloud,2025-01-11T09:29:00.000Z,0.262138876,0.864582693,0.770366634,0.667045615,15093,4695,481
T1230,AI,2025-01-06T21:02:00.000Z,0.959947923,0.802386017,0.122652939,0.491294423,15057,3808,815
T12301,Sports,2025-01-21T02:51:00.000Z,0.500796855,0.848498923,0.44064103,0.6013762,14302,17,170
T12302,AI,2025-01-08T04:46:00.000Z,0.500796855,0.604690851,0.79278732,0.870126175,11826,2982,870
T1233,Finance,2025-01-02T17:55:00.000Z,0.500796855,0.387526455,0.902067511,0.88558278,19771,22,69
T1235,Cloud,2025-01-22T17:49:00.000Z,0.500796855,0.667339365,0.492784752,0.759546078,6245,3582,675
T12352,AI,2025-01-06T20:45:00.000Z,0.588684765,0.742054267,0.622497902,0.974560827,18169,3921,432
T12353,AI,2025-01-13T08:16:00.000Z,0.539108373,0.197282068,0.423626422,0.819538761,4747,4144,303
T12354,AI,2025-01-20T19:44:00.000Z,0.500796855,0.945100259,0.646575361,0.557627219,16697,48,590
T12362,AI,2025-01-10T01:06:00.000Z,0.500796855,0.79847165,0.87708706,0.1069858,10130,3950,259
T12390,AI,2025-01-05T08:26:00.000Z,0.642626197,0.490427185,0.335053933,0.700714135,10130,318,527
T12393,Cloud,2025-01-02T11:19:00.000Z,0.413023785,0.291406666,0.686901216,0.027455084,19691,165,877
T12398,Sports,2025-01-10T18:11:00.000Z,0.500796855,0.437542989,0.869560994,0.682941182,10679,2494,749
T12416,Finance,2025-01-16T23:58:00.000Z,0.90769184,0.420198964,0.665760295,0.232185726,14414,1124,359
T1243,Cloud,2025-01-05T18:45:00.000Z,0.597155128,0.534560768,0.080840065,0.679897883,16439,3496,788
T12435,Sports,2025-01-24T02:57:00.000Z,0.500796855,0.662300344,0.951167117,0.008461756,276,4861,21
T12436,AI,2025-01-19T06:04:00.000Z,0.485442755,0.158670039,0.617391954,0.137485712,18097,3002,503
T12444,Finance,2025-01-09T19:36:00.000Z,0.500796855,0.184047373,0.45920041,0.298919328,1828,1498,687
T12453,AI,2025-01-08T10:05:00.000Z,0.500796855,0.583057628,0.362953996,0.246935956,12173,2494,634
T12460,Finance,2025-01-19T15:44:00.000Z,0.710157632,0.241014402,0.215165239,0.379654293,13072,3714,907
T12463,Finance,2025-01-06T14:28:00.000Z,0.500796855,0.687984431,0.362063507,0.759816099,8947,3423,562
T12466,Finance,2025-01-13T04:32:00.000Z,0.031617188,0.323193289,0.865475443,0.776521354,14974,1314,190
T12469,AI,2025-01-22T19:50:00.000Z,0.500796855,0.326751921,0.042409735,0.827781264,15843,2097,501
T12476,Finance,2025-01-21T01:26:00.000Z,0.500796855,0.997335614,0.492344545,0.636827709,16429,4914,426
T12483,Sports,2025-01-09T09:12:00.000Z,0.120672538,0.308681666,0.119793441,0.769926571,16911,3421,844
T12494,Finance,2025-01-03T01:18:00.000Z,0.186846825,0.903717712,0.269642045,0.157615998,3930,228,502
T12495,Cloud,2025-01-14T07:29:00.000Z,0.500796855,0.101333086,0.492344545,0.9727542,15872,2508,214
T1252,Cloud,2025-01-06T17:04:00.000Z,0.788679564,0.594224555,0.548534044,0.168655599,4556,4728,401
T12540,Finance,2025-01-13T11:21:00.000Z,0.500796855,0.506357673,0.927524911,0.932817671,5159,4735,409
T12543,Cloud,2025-01-24T00:44:00.000Z,0.359269319,0.258274486,0.271005382,0.035446337,16402,822,525
T12556,Sports,2025-01-20T16:05:00.000Z,0.500796855,0.264091607,0.111058271,0.430042074,15761,2593,922
T12563,Cloud,2025-01-08T09:08:00.000Z,0.500796855,0.070933154,0.502665245,0.012067499,1365,3320,964
T12572,AI,2025-01-05T14:24:00.000Z,0.350375286,0.267390809,0.734276031,0.481820647,2568,1583,983
T12598,Cloud,2025-01-03T04:44:00.000Z,0.1056228,0.002934028,0.377419748,0.814673844,2545,2648,121
T12603,Sports,2025-01-03T02:35:00.000Z,0.500796855,0.838826337,0.508828552,0.811560625,3144,26,932
T12607,Cloud,2025-01-15T11:28:00.000Z,0.504509436,0.764579753,0.465314883,0.333346407,19591,3752,779
T12624,Cloud,2025-01-18T05:19:00.000Z,0.500796855,0.794445496,0.148499545,0.174881698,5514,976,894
T12628,Cloud,2025-01-03T22:15:00.000Z,0.500796855,0.481840851,0.419103008,0.040668554,15946,3534,342
T12647,Cloud,2025-01-15T22:46:00.000Z,0.500796855,0.328468713,0.507521828,0.746954664,7574,4240,715
T12659,Finance,2025-01-20T00:13:00.000Z,0.500796855,0.952360378,0.362051615,0.576460903,4450,3720,103
T12676,AI,2025-01-08T18:33:00.000Z,0.001231233,0.099706058,0.00176122,0.489569133,6907,607,306
T12718,Finance,2025-01-01T16:49:00.000Z,0.500796855,0.329961458,0.730115088,0.218019329,8948,1816,496
T12739,Sports,2025-01-15T07:05:00.000Z,0.500796855,0.370978747,0.463865724,0.554868715,6654,3388,776
T12751,Sports,2025-01-14T08:21:00.000Z,0.500796855,0.441842254,0.334428734,0.57542314,9014,253,411
T12764,Sports,2025-01-19T09:49:00.000Z,0.500796855,0.042755271,0.051826924,0.920158165,3943,3129,644
T12768,AI,2025-01-10T23:30:00.000Z,0.857695462,0.525309485,0.631755919,0.619957397,1396,2494,725
T12773,Finance,2025-01-16T16:05:00.000Z,0.322303501,0.753106059,0.542944748,0.766957329,405,1623,817
T12777,Cloud,2025-01-24T03:04:00.000Z,0.968998437,0.958951799,0.432043848,0.631271037,7011,2344,468
T12778,Sports,2025-01-20T09:18:00.000Z,0.538170069,0.59080772,0.734415013,0.974137643,4429,2980,555
T1278,Sports,2025-01-16T06:56:00.000Z,0.500796855,0.587855938,0.557268965,0.272308779,13608,645,41
T12796,Cloud,2025-01-12T14:58:00.000Z,0.327181243,0.210193901,0.771454811,0.359740097,17002,2407,691
T12799,Cloud,2025-01-18T17:42:00.000Z,0.326921567,0.011940703,0.863871255,0.500432644,508,4904,624
T12801,Sports,2025-01-17T14:45:00.000Z,0.500796855,0.1907715,0.139733074,0.1460177,10172,228,845
T12810,Sports,2025-01-08T11:40:00.000Z,0.500796855,0.192127182,0.213069294,0.158805843,2593,4218,515
T12824,Cloud,2025-01-20T16:10:00.000Z,0.70076387,0.687240832,0.143045822,0.159310371,1173,3941,763
T12826,Sports,2025-01-22T02:52:00.000Z,0.678897299,0.248233009,0.039228556,0.645479162,13575,3752,267
T12854,AI,2025-01-05T09:05:00.000Z,0.859306596,0.759415494,0.514850313,0.861299954,9359,2494,535
T12856,AI,2025-01-04T04:24:00.000Z,0.500796855,0.100679507,0.234482951,0.232992074,7689,152,769
T12857,Sports,2025-01-06T07:42:00.000Z,0.500796855,0.35832138,0.545058781,0.227772296,14799,3811,537
T12869,AI,2025-01-01T10:00:00.000Z,0.500796855,0.885435072,0.690806746,0.355936828,8783,2494,987
T12880,Cloud,2025-01-02T19:37:00.000Z,0.372659139,0.337232144,0.996498451,0.513379073,18370,2152,607
T12883,Finance,2025-01-16T15:23:00.000Z,0.500796855,0.548395644,0.26555087,0.504428297,13039,3677,660
T12886,Cloud,2025-01-04T17:48:00.000Z,0.500796855,0.146959199,0.711751026,0.966469648,16202,1073,557
T1289,Cloud,2025-01-11T08:37:00.000Z,0.676981856,0.595038879,0.706201815,0.503655541,4217,2972,421
T12897,Cloud,2025-01-23T06:02:00.000Z,0.233862523,0.459734464,0.817259508,0.262154381,11928,339,3
T12901,Cloud,2025-01-01T04:01:00.000Z,0.228644633,0.538750144,0.259604278,0.820730605,10314,832,501
T12903,Finance,2025-01-07T19:01:00.000Z,0.500796855,0.069548875,0.258853143,0.723683085,19087,4052,26
T12905,AI,2025-01-12T00:08:00.000Z,0.338486458,0.887130221,0.875720132,0.883535287,6884,556,101
T12926,Sports,2025-01-09T23:14:00.000Z,0.340314355,0.542399415,0.465572547,0.504428297,8658,990,155
T12927,AI,2025-01-06T10:13:00.000Z,0.500796855,0.724435854,0.158308519,0.930966975,3125,1188,987
T12929,Finance,2025-01-04T15:54:00.000Z,0.899125858,0.221964813,0.990524805,0.890409072,16583,1856,922
T1293,Finance,2025-01-13T01:57:00.000Z,0.130860007,0.246638208,0.657259698,0.879334972,10712,224,224
T12940,AI,2025-01-16T16:30:00.000Z,0.511288561,0.998399991,0.336234076,0.904905784,13023,3576,379
T12954,Cloud,2025-01-07T07:54:00.000Z,0.712124326,0.705615878,0.646289588,0.270762329,17262,4896,842
T12960,Finance,2025-01-10T15:58:00.000Z,0.500796855,0.838992808,0.648498697,0.988124488,16103,4959,646
T12963,Cloud,2025-01-13T00:24:00.000Z,0.500796855,0.584158769,0.434036225,0.127061189,13360,2004,771
T12969,Sports,2025-01-23T09:16:00.000Z,0.500796855,0.388908583,0.006596813,0.091154183,19059,2703,660
T12980,AI,2025-01-12T21:29:00.000Z,0.500796855,0.535502801,0.938887205,0.796627108,5586,331,491
T13000,Cloud,2025-01-20T05:56:00.000Z,0.566582751,0.49738816,0.362705285,0.15468753,11606,218,342
T13003,AI,2025-01-05T18:22:00.000Z,0.548599552,0.853923743,0.881515285,0.941464168,111,3928,785
T13026,Finance,2025-01-03T13:38:00.000Z,0.689472807,0.500960089,0.55567761,0.962927131,6894,354,317
T13046,Finance,2025-01-21T19:38:00.000Z,0.500796855,0.250563063,0.869877033,0.006044338,15623,2648,659
T13048,AI,2025-01-09T10:11:00.000Z,0.737880227,0.312983906,0.988651512,0.719360889,4580,4585,501
T13061,Finance,2025-01-22T23:38:00.000Z,0.500796855,0.067020547,0.093246394,0.327400972,6860,2180,758
T13066,Sports,2025-01-22T13:58:00.000Z,0.673783331,0.49738816,0.969279132,0.200622095,11941,1049,411
T13076,Sports,2025-01-19T14:59:00.000Z,0.500796855,0.869460776,0.285568977,0.10079188,11750,4104,344
T13085,Cloud,2025-01-04T05:20:00.000Z,0.500796855,0.010652352,0.004701067,0.136217603,13107,1413,426
T1309,Finance,2025-01-21T17:29:00.000Z,0.500796855,0.910039932,0.374654256,0.060101723,8877,924,811
T13167,Cloud,2025-01-03T21:54:00.000Z,0.500796855,0.980633872,0.489488546,0.470899661,17632,1590,686
T13172,Sports,2025-01-19T11:47:00.000Z,0.500796855,0.212116781,0.492344545,0.595972625,11920,454,682
T13179,AI,2025-01-02T14:24:00.000Z,0.817456585,0.109774686,0.228676595,0.120347326,15302,4530,423
T1320,Cloud,2025-01-14T18:57:00.000Z,0.500796855,0.979741389,0.610686795,0.486713922,3253,3875,725
T13200,Cloud,2025-01-04T07:21:00.000Z,0.500796855,0.780311268,0.717286677,0.555709641,8314,1276,878
T13209,AI,2025-01-10T13:07:00.000Z,0.500796855,0.490807927,0.146069702,0.369211621,7009,419,547
T13212,AI,2025-01-01T11:15:00.000Z,0.006790413,0.570087169,0.492344545,0.513505897,5384,2494,709
T13215,Finance,2025-01-05T02:36:00.000Z,0.500796855,0.597301371,0.765704373,0.264623757,13756,1359,228
T13220,Cloud,2025-01-09T03:22:00.000Z,0.116989595,0.912435626,0.678298625,0.984171056,8675,4177,731
T13230,Cloud,2025-01-10T19:45:00.000Z,0.515000602,0.216307028,0.22715533,0.659375735,16026,56,65
T13269,Cloud,2025-01-23T00:37:00.000Z,0.500796855,0.984455998,0.445596522,0.532502554,2286,3257,501
T13278,AI,2025-01-13T16:00:00.000Z,0.500796855,0.449023897,0.259719127,0.020552894,17543,388,455
T13279,Finance,2025-01-20T01:44:00.000Z,0.500796855,0.738961402,0.898776239,0.03277147,12353,909,381
T13281,Sports,2025-01-02T16:34:00.000Z,0.500796855,0.703720265,0.767971225,0.938359969,11926,3354,216
T13287,AI,2025-01-22T12:00:00.000Z,0.009197025,0.465386032,0.779928396,0.631448499,17528,742,12
T1329,Sports,2025-01-17T09:02:00.000Z,0.02446817,0.359967045,0.334769565,0.148521666,10130,4402,501
T13294,AI,2025-01-16T06:25:00.000Z,0.763449296,0.473903004,0.179858296,0.25059427,6287,2257,796
T13310,Cloud,2025-01-03T04:38:00.000Z,0.500796855,0.312989682,0.618631257,0.681107876,6112,455,23
T13325,Finance,2025-01-02T05:24:00.000Z,0.500796855,0.74708754,0.316111294,0.829657745,9383,1741,36
T13332,Finance,2025-01-14T00:20:00.000Z,0.500796855,0.49738816,0.440375285,0.738138578,4374,4549,933
T13334,Sports,2025-01-16T16:54:00.000Z,0.868966894,0.617103244,0.374724795,0.531488683,777,2365,501
T13340,AI,2025-01-19T15:10:00.000Z,0.500796855,0.047025954,0.166651436,0.381441758,514,1479,662
T1335,AI,2025-01-10T00:38:00.000Z,0.474122764,0.440383068,0.957519449,0.931007482,7180,3732,40
T13350,Finance,2025-01-03T11:09:00.000Z,0.500796855,0.062143189,0.962149635,0.817158369,10130,1748,493
T13360,Cloud,2025-01-21T23:41:00.000Z,0.500796855,0.635903034,0.279254448,0.009306673,4621,1941,131
T13365,AI,2025-01-11T16:00:00.000Z,0.500796855,0.794304241,0.102698951,0.981060785,14401,2678,826
T13377,Cloud,2025-01-14T01:50:00.000Z,0.500796855,0.924363496,0.659403743,0.117243646,4853,4331,77
T13384,Finance,2025-01-22T21:39:00.000Z,0.500796855,0.445063498,0.154947742,0.282423065,1825,4183,488
T13391,AI,2025-01-02T14:32:00.000Z,0.500796855,0.261518619,0.563063491,0.348541492,19623,3769,603
T13401,Cloud,2025-01-22T20:23:00.000Z,0.500796855,0.350477052,0.096140785,0.40532294,6089,305,6
T13402,Cloud,2025-01-17T10:07:00.000Z,0.735785893,0.308761611,0.321335459,0.721910313,19395,1907,238
T13403,Cloud,2025-01-13T00:44:00.000Z,0.500796855,0.295529183,0.809483048,0.836175171,10511,2739,312
T13409,Finance,2025-01-03T09:15:00.000Z,0.349110331,0.198836165,0.010033903,0.901815726,7709,1919,521
T1341,Cloud,2025-01-17T06:55:00.000Z,0.500796855,0.021000052,0.490675827,0.086901154,14348,2321,990
T13434,Finance,2025-01-22T14:43:00.000Z,0.500796855,0.285437038,0.650365575,0.368334044,12789,3164,961
T1344,Cloud,2025-01-14T14:07:00.000Z,0.500796855,0.35687051,0.477073906,0.4155307,10953,658,22
T13444,AI,2025-01-04T00:02:00.000Z,0.966090202,0.298589637,0.38944272,0.211825299,15270,2619,452
T13445,Sports,2025-01-05T09:10:00.000Z,0.890351129,0.780368878,0.516505392,0.687624803,11950,4241,190
T13446,Finance,2025-01-11T05:08:00.000Z,0.165010161,0.22505558,0.052452188,0.95030036,4989,202,788
T13448,Sports,2025-01-03T10:09:00.000Z,0.500796855,0.38858346,0.017366232,0.331304547,19120,1622,818
T13450,Finance,2025-01-17T21:18:00.000Z,0.869026964,0.268345341,0.038291176,0.499769861,2897,3232,912
T13456,Finance,2025-01-18T19:10:00.000Z,0.43846649,0.661882204,0.251974462,0.380024066,15126,4526,390
T13460,AI,2025-01-17T23:20:00.000Z,0.564478116,7.55E-04,0.661211584,0.504428297,16821,2504,128
T13488,Finance,2025-01-01T22:06:00.000Z,0.467215262,0.605259924,0.107950909,0.223329166,9359,3130,625
T13489,Finance,2025-01-18T03:48:00.000Z,0.778816441,0.047102063,0.690420943,0.301130103,12769,531,162
T13508,Finance,2025-01-12T11:54:00.000Z,0.538318319,0.449866705,0.492344545,0.536509988,8376,3833,784
T1351,Sports,2025-01-07T19:00:00.000Z,0.703130218,0.824650514,0.013988208,0.046094412,11597,1721,232
T13534,Cloud,2025-01-18T15:03:00.000Z,0.500796855,0.007281576,0.049055279,0.612189938,10094,3903,136
T1354,Finance,2025-01-13T05:46:00.000Z,0.500796855,0.473926719,0.301504922,0.649646079,15201,3558,834
T13548,Cloud,2025-01-19T13:25:00.000Z,0.451093119,0.493463814,0.044602721,0.475710249,7645,4183,130
T13552,Finance,2025-01-12T12:34:00.000Z,0.944660937,0.834450401,0.948557636,0.330136953,4963,2494,354
T1356,AI,2025-01-21T20:16:00.000Z,0.062504073,0.247625039,0.900827821,0.021395238,3301,4072,478
T13566,AI,2025-01-23T11:50:00.000Z,0.288284324,0.021164289,0.172009692,0.595897971,19217,3281,545
T13575,Cloud,2025-01-12T15:54:00.000Z,0.07407317,0.366036198,0.853723456,0.840412825,8940,3496,501
T13578,AI,2025-01-14T14:13:00.000Z,0.40034826,0.860995872,0.966145367,0.50324149,544,4951,416
T13583,Finance,2025-01-07T17:33:00.000Z,0.500796855,0.49738816,0.670077203,0.504428297,9437,3570,325
T13594,Sports,2025-01-18T08:42:00.000Z,0.21964773,0.692943079,0.163117867,0.5009218,11652,937,82
T13598,Sports,2025-01-18T21:51:00.000Z,0.405948944,0.017038509,0.191675832,0.849808214,13476,2184,468
T13627,Sports,2025-01-07T15:02:00.000Z,0.500796855,0.538343902,0.6508507,0.352324418,10130,2409,29
T13634,Cloud,2025-01-10T04:46:00.000Z,0.530118702,0.534583547,0.944518189,0.104834948,12160,1267,211
T13644,Cloud,2025-01-01T00:11:00.000Z,0.873785029,0.851783235,0.950256806,0.843552144,5367,1035,501
T13659,Sports,2025-01-18T17:58:00.000Z,0.500796855,0.252163728,0.462600006,0.488715822,10007,2276,2
T1366,AI,2025-01-03T20:17:00.000Z,0.500796855,0.893227979,0.412501107,0.531956538,10004,2260,501
T13674,Cloud,2025-01-09T08:47:00.000Z,0.500796855,0.474960475,0.68802088,0.504428297,11265,4863,396
T13675,Finance,2025-01-17T09:38:00.000Z,0.269275861,0.927692176,0.671253923,0.71579699,2709,3998,235
T13685,AI,2025-01-08T05:40:00.000Z,0.500796855,0.104657524,0.101335032,0.78805658,10801,217,359
T13702,Finance,2025-01-04T18:10:00.000Z,0.500796855,0.906837176,0.618158409,0.417005613,3481,1155,264
T13731,Finance,2025-01-23T10:26:00.000Z,0.320145494,0.49406969,0.994223175,0.957020013,59,3765,85
T13753,Finance,2025-01-19T02:57:00.000Z,0.500796855,0.186412947,0.480911287,0.443566549,19065,4703,100
T13761,AI,2025-01-12T05:07:00.000Z,0.500796855,0.052967382,0.327182746,0.483722329,6028,2796,947
T13762,Cloud,2025-01-11T14:22:00.000Z,0.401573302,0.538886783,0.461282927,0.525401838,14833,2733,418
T13815,Sports,2025-01-19T00:28:00.000Z,0.500796855,0.491004734,0.743404733,0.946451189,10822,3678,638
T13816,Cloud,2025-01-14T03:57:00.000Z,0.6440182,0.740733586,0.922870808,0.024099658,17965,747,158
T13832,Finance,2025-01-22T19:49:00.000Z,0.928736918,0.443791136,0.498137362,0.471520991,952,1421,174
T13837,Sports,2025-01-18T10:05:00.000Z,0.55320921,0.069561254,0.690648061,0.925264127,1246,3472,59
T13847,Finance,2025-01-12T08:34:00.000Z,0.500796855,0.765165693,0.99550989,0.022492673,2585,4054,428
T13848,Sports,2025-01-01T21:41:00.000Z,0.677580596,0.691881909,0.238926763,0.462964989,1161,3606,284
T13866,AI,2025-01-04T18:12:00.000Z,0.650875021,0.829201409,0.588811901,0.162430922,1523,1417,704
T13882,Finance,2025-01-06T00:09:00.000Z,0.500796855,0.897896574,0.254806828,0.864635995,6094,360,579
T13883,Finance,2025-01-03T05:03:00.000Z,0.795144214,0.893073267,0.51575537,0.754784646,12167,3451,310
T13887,AI,2025-01-16T17:30:00.000Z,0.337914397,0.590131483,0.400820921,0.880559249,13241,3190,525
T13889,AI,2025-01-18T09:37:00.000Z,0.500796855,0.344046397,0.304555685,0.810960755,6346,3983,314
T13896,Sports,2025-01-07T21:40:00.000Z,0.500796855,0.728425429,0.492344545,0.301302028,10130,1254,727
T13897,Cloud,2025-01-07T21:15:00.000Z,0.833392519,0.122627269,0.821628791,0.801674844,15547,1722,760
T1390,Sports,2025-01-08T17:35:00.000Z,0.500796855,0.603363019,0.457094595,0.287624867,15371,3263,501
T13910,Finance,2025-01-11T19:05:00.000Z,0.500796855,0.49738816,0.045930535,0.085962679,19970,2201,382
T13926,AI,2025-01-08T23:30:00.000Z,0.500796855,0.724698247,0.340733066,0.211599683,4120,30,220
T13936,AI,2025-01-15T10:31:00.000Z,0.500796855,0.02846183,0.469791927,0.208472279,10130,2071,637
T13937,Finance,2025-01-01T13:46:00.000Z,0.502078514,0.629004684,0.540113912,0.415390503,819,507,619
T13944,Sports,2025-01-09T07:12:00.000Z,0.089771801,0.117271693,0.130511895,0.305595137,18761,4104,170
T1395,Sports,2025-01-15T03:26:00.000Z,0.500796855,0.513459819,0.936857475,0.379924786,715,2402,371
T13951,Cloud,2025-01-08T10:56:00.000Z,0.500796855,0.49738816,0.858211648,0.256859411,11633,4738,246
T13976,Sports,2025-01-15T15:47:00.000Z,0.530648702,0.161114074,0.970699029,0.688922247,10130,3395,501
T13978,Cloud,2025-01-08T11:43:00.000Z,0.500796855,0.725392177,0.957093413,0.660878956,4965,679,95
T13987,Finance,2025-01-21T18:55:00.000Z,0.500796855,0.022663672,0.88329011,0.864542933,4110,2520,181
T13988,Cloud,2025-01-21T21:43:00.000Z,0.500796855,0.364774801,0.594430372,0.288195641,2970,4458,776
T13999,Sports,2025-01-21T13:17:00.000Z,0.508039411,0.244778058,0.916191272,0.081982181,13784,2780,557
T14007,Sports,2025-01-03T14:38:00.000Z,0.201458462,0.252522586,0.492344545,0.525427523,4727,2494,628
T14027,Finance,2025-01-02T08:27:00.000Z,0.500796855,0.201917468,0.311131363,0.434512218,292,4451,444
T14037,Sports,2025-01-06T21:23:00.000Z,0.35866004,0.81468899,0.352923605,0.617056894,5102,2494,48
T14040,AI,2025-01-01T05:47:00.000Z,0.395439297,0.29414407,0.959676834,0.688742824,15759,4306,354
T14041,AI,2025-01-05T12:05:00.000Z,0.285428833,0.115904356,0.251823187,0.047512881,9667,1972,172
T14055,Cloud,2025-01-05T21:43:00.000Z,0.264337657,0.188724418,0.004727573,0.899639652,2562,2934,965
T14058,Cloud,2025-01-05T07:43:00.000Z,0.64070345,0.752754026,0.998479857,0.175700001,707,4863,721
T14061,Sports,2025-01-20T11:40:00.000Z,0.500796855,0.768357595,0.112999848,0.510398523,7262,1091,742
T14062,Cloud,2025-01-15T12:47:00.000Z,0.225101797,0.182403039,0.968517422,0.517750972,8769,2750,26
T14084,Finance,2025-01-04T02:55:00.000Z,0.500796855,0.588541118,0.167490621,0.94972247,7505,4817,313
T14111,Cloud,2025-01-09T05:05:00.000Z,0.468121879,0.122919238,0.639644347,0.305657665,8351,3479,917
T14115,AI,2025-01-08T11:39:00.000Z,0.500796855,0.31578924,0.720777347,0.074674798,2478,2478,606
T14130,Cloud,2025-01-02T10:23:00.000Z,0.2736773,0.218974881,0.071660239,0.04441178,996,2278,35
T14145,Finance,2025-01-10T01:06:00.000Z,0.500796855,0.797322209,0.089526337,0.504428297,8443,4285,165
T14146,AI,2025-01-07T19:48:00.000Z,0.500796855,0.93962853,0.003203122,0.358272363,16373,2022,391
T14165,Cloud,2025-01-08T07:48:00.000Z,0.500796855,0.609460077,0.875998795,0.486414987,12399,1200,835
T14180,Sports,2025-01-20T23:31:00.000Z,0.500796855,0.808636892,0.456987816,0.058764632,10130,2323,757
T14198,Sports,2025-01-06T21:03:00.000Z,0.500796855,0.266571977,0.451843681,0.52521118,7185,1482,755
T14201,Finance,2025-01-12T01:36:00.000Z,0.500796855,0.797960699,0.811038601,0.965486077,13736,109,125
T14205,Cloud,2025-01-05T01:45:00.000Z,0.500796855,0.059992089,0.940256209,0.734531372,19363,3641,253
T14232,Sports,2025-01-02T03:15:00.000Z,0.134525155,0.925774002,0.847234373,0.157351425,5639,2085,737
T14240,Sports,2025-01-03T13:08:00.000Z,0.500796855,0.791141575,0.557443896,0.857144996,5079,46,414
T14248,Cloud,2025-01-06T10:08:00.000Z,0.934597445,0.345038382,0.464768925,0.27193165,12990,2280,195
T14250,Cloud,2025-01-10T23:43:00.000Z,0.500796855,0.746199084,0.97139287,0.431354809,10130,26,533
T14272,Sports,2025-01-09T09:12:00.000Z,0.562344549,0.540945228,0.306933196,0.083528392,4069,3677,234
T14273,AI,2025-01-08T13:26:00.000Z,0.164302453,0.018047997,0.915069339,0.659069354,15735,3550,721
T14275,Finance,2025-01-03T10:47:00.000Z,0.500796855,0.294814386,0.669526312,0.022949322,9334,3694,947
T14282,Sports,2025-01-20T15:34:00.000Z,0.160285849,0.6671901,0.661353946,0.336659225,11022,3108,324
T14286,Cloud,2025-01-08T21:13:00.000Z,0.500796855,0.245784793,0.071076641,0.238240287,17656,157,474
T14293,AI,2025-01-22T11:44:00.000Z,0.500796855,0.336278792,0.231235899,0.939319372,18532,4992,916
T14295,Cloud,2025-01-02T03:58:00.000Z,0.500796855,0.495160758,0.902001518,0.868118974,2061,4208,125
T14303,Sports,2025-01-05T04:22:00.000Z,0.96671172,0.024345663,0.038253564,0.729219268,12624,4906,364
T14304,Finance,2025-01-02T15:52:00.000Z,0.500796855,0.93284064,0.008466664,0.343012915,9238,1858,478
T14305,Finance,2025-01-08T20:49:00.000Z,0.362475311,0.879888553,0.966676733,0.504428297,10130,4895,488
T14306,Sports,2025-01-10T03:09:00.000Z,0.431584799,0.733454081,0.51343296,0.054936027,3743,1823,505
T14316,Sports,2025-01-05T06:33:00.000Z,0.450902109,0.49738816,0.973931342,0.501013963,12748,1294,501
T14319,AI,2025-01-16T00:26:00.000Z,0.520704243,0.454811091,0.492344545,0.116884829,6205,1079,183
T14328,AI,2025-01-10T11:10:00.000Z,0.592424511,0.936013876,0.280506049,0.758437228,3791,1375,170
T14329,Cloud,2025-01-19T12:28:00.000Z,0.316546906,0.030466878,0.346300681,0.504428297,19759,2494,892
T1434,AI,2025-01-03T08:34:00.000Z,0.500796855,0.908829394,0.170925612,7.52E-04,1520,417,307
T14340,AI,2025-01-22T23:09:00.000Z,0.500796855,0.362990994,0.938272267,0.052980254,4119,4150,179
T14361,Finance,2025-01-24T02:40:00.000Z,0.882885283,0.30690526,0.117248352,0.888872015,9180,4570,552
T14378,Sports,2025-01-22T10:15:00.000Z,0.500796855,0.645818895,0.911968377,0.747027469,6368,2611,148
T14380,Finance,2025-01-11T21:16:00.000Z,0.774871025,0.942234343,0.627724897,0.805855673,12645,53,362
T14393,Finance,2025-01-11T06:15:00.000Z,0.500796855,0.125332591,0.760960168,0.504428297,8240,622,977
T14429,AI,2025-01-01T11:50:00.000Z,0.09762251,0.96487701,0.074102177,0.069230316,12738,2610,878
T14431,Finance,2025-01-01T08:38:00.000Z,0.500796855,0.249955101,0.648270265,0.49177785,895,2494,515
T14434,AI,2025-01-13T01:55:00.000Z,0.500796855,0.876924109,0.09298087,0.70281349,1367,4045,955
T14442,Sports,2025-01-10T18:43:00.000Z,0.500796855,0.716357321,0.492344545,0.551345419,12142,4160,459
T14462,Finance,2025-01-02T22:43:00.000Z,0.789957353,0.626980567,0.678734308,0.937819535,17080,3351,541
T1447,AI,2025-01-10T02:26:00.000Z,0.500796855,0.781511082,0.866886107,0.670753513,2773,3387,850
T14472,Sports,2025-01-13T03:51:00.000Z,0.710336583,0.999045687,0.444644503,0.981907525,10130,498,942
T14479,Cloud,2025-01-08T15:38:00.000Z,0.500796855,0.49738816,0.489636256,0.504428297,17006,3611,498
T14491,AI,2025-01-01T13:46:00.000Z,0.549338108,0.083271171,0.598088756,0.907015846,5584,3454,72
T14495,Cloud,2025-01-08T07:30:00.000Z,0.804853306,0.318815749,0.278323384,0.26672448,19079,1487,159
T14498,Cloud,2025-01-20T21:40:00.000Z,0.5462365,0.045670207,0.433781906,0.836800837,4097,2422,521
T14515,Sports,2025-01-08T06:28:00.000Z,0.500796855,0.04614356,0.077754956,0.984041984,13752,3146,82
T14517,AI,2025-01-07T23:28:00.000Z,0.500796855,0.890920891,0.468357781,0.762671635,17198,3870,514
T14524,AI,2025-01-21T15:17:00.000Z,0.500796855,0.49738816,0.444757219,0.660209498,7925,1540,839
T14539,AI,2025-01-01T21:55:00.000Z,0.819095791,0.071622349,0.029722936,0.973753545,13210,4871,423
T1454,Finance,2025-01-03T05:33:00.000Z,0.500796855,0.74964982,0.244798593,0.395641,4499,3876,789
T14540,Sports,2025-01-08T03:45:00.000Z,0.500796855,0.918065412,0.037132628,0.321449012,5747,4164,306
T14549,Sports,2025-01-05T10:51:00.000Z,0.500796855,0.118838937,0.492344545,0.504428297,1441,4243,501
T14552,Finance,2025-01-18T07:59:00.000Z,0.500796855,0.446916187,0.691498292,0.011285536,210,4730,396
T14555,Finance,2025-01-07T03:57:00.000Z,0.300976147,0.305357181,0.232138664,0.669688542,12201,4125,841
T14556,AI,2025-01-15T21:11:00.000Z,0.500796855,0.824293113,0.029077822,0.761761211,10973,4240,165
T14573,Cloud,2025-01-04T02:40:00.000Z,0.781789064,0.348665944,0.958519035,0.304939318,8990,3413,811
T14576,AI,2025-01-21T11:42:00.000Z,0.800054133,0.484336895,0.486511718,0.473881797,19693,4537,661
T14577,AI,2025-01-08T01:27:00.000Z,0.519640912,0.602055166,0.372101698,0.9769238,6909,4331,94
T1458,AI,2025-01-03T19:00:00.000Z,0.500796855,0.90766437,0.525218931,0.440190285,5124,1791,548
T14580,Finance,2025-01-07T22:20:00.000Z,0.202250036,0.137541667,0.670078653,0.158264333,2537,237,159
T14589,Cloud,2025-01-15T12:26:00.000Z,0.500796855,0.731305417,0.730895466,0.88390967,2994,3772,363
T14597,Sports,2025-01-07T04:48:00.000Z,0.500796855,0.208936509,0.112475504,0.252666911,11883,1665,822
T14603,AI,2025-01-08T07:38:00.000Z,0.500796855,0.649035088,0.492344545,0.423617037,19525,2,315
T14605,Cloud,2025-01-01T08:27:00.000Z,0.5601338,0.888801488,0.165883858,0.847112078,17447,303,898
T14610,Finance,2025-01-15T04:14:00.000Z,0.329915988,0.342904328,0.795192823,0.371344288,10963,1586,407
T14612,Sports,2025-01-09T06:59:00.000Z,0.298084836,0.242433639,0.492344545,0.906177008,18805,528,777
T1465,Finance,2025-01-03T05:31:00.000Z,0.500796855,0.135145075,0.63297764,0.192756386,14651,1849,683
T14650,Cloud,2025-01-10T18:56:00.000Z,0.500796855,0.947545683,0.616551954,0.504428297,4605,4928,123
T14660,Cloud,2025-01-14T10:42:00.000Z,0.500796855,0.582882284,0.388688241,0.985658318,6092,3354,812
T14665,Sports,2025-01-15T18:44:00.000Z,0.500796855,0.628819343,0.573581642,0.504428297,13870,4330,168
T14666,AI,2025-01-16T00:54:00.000Z,0.500796855,0.481162388,0.41529583,0.909527234,16315,2851,898
T1467,Finance,2025-01-06T20:12:00.000Z,0.500796855,0.616151866,0.492344545,0.315241508,16568,1545,362
T14676,Sports,2025-01-15T13:28:00.000Z,0.500796855,0.307201494,0.631713978,0.941058618,13591,335,887
T14678,AI,2025-01-20T06:10:00.000Z,0.747213314,0.620394247,0.900500166,0.751429109,16863,2138,995
T14680,AI,2025-01-13T05:33:00.000Z,0.500796855,0.11509351,0.69839177,0.116668424,2371,941,929
T14683,Cloud,2025-01-11T11:32:00.000Z,0.500796855,0.903055362,0.492344545,0.169296571,1680,3498,450
T14685,Finance,2025-01-06T04:14:00.000Z,0.500796855,0.126380498,0.706137185,0.150652668,16389,4845,576
T14715,Finance,2025-01-17T01:16:00.000Z,0.176460155,0.719451222,0.226616542,0.639397099,1719,3347,877
T14725,Finance,2025-01-10T08:52:00.000Z,0.500796855,0.481960463,0.693773033,0.865634594,17388,3833,6
T14727,Cloud,2025-01-05T20:24:00.000Z,0.500796855,0.687721106,0.106600174,0.788284128,11204,3762,500
T1473,Finance,2025-01-01T03:29:00.000Z,0.662145429,0.630651016,0.045206647,0.918883013,10130,2014,393
T14757,Finance,2025-01-15T13:34:00.000Z,0.500796855,0.881120128,0.668994037,0.16359287,7976,4536,632
T14766,Finance,2025-01-05T23:35:00.000Z,0.704650414,0.361752061,0.673452368,0.489545343,16381,4688,540
T14767,Cloud,2025-01-10T04:05:00.000Z,0.851937848,0.900927594,0.295504969,0.855030256,4341,2126,186
T14789,Sports,2025-01-15T17:01:00.000Z,0.500796855,0.054879016,0.400952998,0.671270519,14715,4909,634
T1479,Finance,2025-01-09T18:16:00.000Z,0.274442064,0.757683915,0.027700051,0.197067319,2785,3179,796
T14794,AI,2025-01-19T15:41:00.000Z,0.500796855,0.59026377,0.005760734,0.091091547,9936,672,16
T14801,AI,2025-01-10T07:18:00.000Z,0.500796855,0.955173357,0.173294353,0.328718858,4605,2449,872
T14806,Finance,2025-01-06T01:12:00.000Z,0.931013786,0.54080611,0.402860193,0.301302083,13867,1649,684
T14826,Finance,2025-01-18T07:41:00.000Z,0.899547587,0.389249391,0.171411919,0.155546964,17731,3634,547
T14830,AI,2025-01-22T15:17:00.000Z,0.929444879,0.524359191,0.799668623,0.209836447,8642,3971,374
T1485,Sports,2025-01-01T22:37:00.000Z,0.370924443,0.561389385,0.596085297,0.937387281,10585,1706,454
T14852,Finance,2025-01-17T14:06:00.000Z,0.500796855,0.49738816,0.804425925,0.502964479,10130,1200,573
T14862,Sports,2025-01-03T05:01:00.000Z,0.500796855,0.182909655,0.811552662,0.752701707,13299,2494,536
T14873,Cloud,2025-01-03T20:42:00.000Z,0.891190319,0.959054091,0.727457088,0.88875033,3232,314,910
T14886,Finance,2025-01-18T06:56:00.000Z,0.500796855,0.024370694,0.314988576,0.179725624,5425,3160,501
T14906,AI,2025-01-16T13:48:00.000Z,0.500796855,0.390571383,0.78705867,0.886918444,15397,1492,617
T14916,Finance,2025-01-18T09:02:00.000Z,0.500796855,0.22904502,0.402436866,0.240789983,4518,683,509
T14919,Finance,2025-01-10T22:32:00.000Z,0.500796855,0.888706109,0.598192954,0.971778086,16598,216,22
T1492,Sports,2025-01-11T03:01:00.000Z,0.459420503,0.736341955,0.188149941,0.622950933,3836,2933,336
T14923,Cloud,2025-01-17T14:37:00.000Z,0.500796855,0.133973918,0.315313814,0.771548925,10376,72,942
T14933,Finance,2025-01-14T07:17:00.000Z,0.40722248,0.493494665,0.484995609,0.477105954,4129,3265,938
T14937,Sports,2025-01-02T07:50:00.000Z,0.500796855,0.78063661,0.370357314,0.651845513,13395,2589,312
T14942,AI,2025-01-16T07:41:00.000Z,0.500796855,0.303441056,0.235244595,0.698195848,5168,1440,527
T14960,AI,2025-01-10T06:52:00.000Z,0.772251524,0.371539841,0.108694719,0.504428297,15228,523,639
T14961,Finance,2025-01-16T20:18:00.000Z,0.86516687,0.626268282,0.492344545,0.579362821,9757,3558,136
T14965,AI,2025-01-06T10:19:00.000Z,0.500796855,0.253329091,0.492344545,0.105790643,13965,2224,429
T1499,Sports,2025-01-16T18:17:00.000Z,0.57702495,0.466412213,0.768267722,0.81503991,3742,522,501
T14992,AI,2025-01-14T10:08:00.000Z,0.500796855,0.107654795,0.251689573,0.545132243,3569,2606,828
T15,Cloud,2025-01-01T18:09:00.000Z,0.500796855,0.089231116,0.50924343,0.626267158,12991,582,601
T15000,Sports,2025-01-09T07:56:00.000Z,0.917370734,0.12623102,0.492344545,0.675695545,13492,4513,354
T15004,Sports,2025-01-16T10:20:00.000Z,0.39730136,0.2716825,0.277610419,0.942990251,14322,2187,478
T1501,Sports,2025-01-21T03:28:00.000Z,0.962402609,0.721534178,0.215558439,0.971354074,9720,1035,651
T15013,Cloud,2025-01-10T07:20:00.000Z,0.834722467,0.856306187,0.568517179,0.281978329,5606,2494,907
T15019,Sports,2025-01-16T10:58:00.000Z,0.500796855,0.126419672,0.386218372,0.766863329,6796,1755,906
T15029,Cloud,2025-01-10T14:26:00.000Z,0.500796855,0.49738816,0.726584965,0.988123171,6096,3073,39
T1503,Sports,2025-01-18T19:53:00.000Z,0.812348525,0.858038134,0.48781689,0.37287994,16949,4771,647
T15033,Cloud,2025-01-03T17:45:00.000Z,0.815803962,0.711596119,0.273325019,0.055982333,3619,2403,551
T1505,Cloud,2025-01-21T11:48:00.000Z,0.500796855,0.087211348,0.326761285,0.79170896,11079,4404,501
T15050,AI,2025-01-11T11:15:00.000Z,0.81094839,0.325324015,0.014603824,0.761024049,7968,2494,623
T15052,Sports,2025-01-15T03:25:00.000Z,0.500796855,0.416849763,0.622074658,0.193715842,1664,824,215
T15055,AI,2025-01-20T21:27:00.000Z,0.61871583,0.982306076,0.310126202,0.912954868,10130,822,410
T1509,Cloud,2025-01-02T22:14:00.000Z,0.500796855,0.047710193,0.51047453,0.13463243,3625,2042,951
T15092,Sports,2025-01-03T09:35:00.000Z,0.500796855,0.287170864,0.69994355,0.347253616,4219,4165,785
T15099,Sports,2025-01-06T19:39:00.000Z,0.500796855,0.36903796,0.172727411,0.613844245,14136,1874,915
T15105,Cloud,2025-01-08T00:04:00.000Z,0.500796855,0.174416084,0.942153164,0.951014253,12414,3760,164
T15114,Sports,2025-01-07T10:54:00.000Z,0.198600526,0.314271187,0.181867714,0.504428297,16017,1581,30
T15116,AI,2025-01-22T22:27:00.000Z,0.500796855,0.661479875,0.410807156,0.236783748,8504,842,4
T15122,Cloud,2025-01-11T17:51:00.000Z,0.500796855,0.991446051,0.354922767,0.199787401,10130,1975,979
T15129,Sports,2025-01-16T05:21:00.000Z,0.500796855,0.013311216,0.373236906,0.169274271,5780,372,501
T15134,AI,2025-01-14T03:22:00.000Z,0.500796855,0.218003785,0.160635935,0.442265443,15763,477,873
T15137,AI,2025-01-13T22:56:00.000Z,0.974516145,0.730693948,0.346124837,0.414607046,412,2974,165
T15148,Sports,2025-01-11T15:48:00.000Z,0.500796855,0.88848799,0.552421729,0.660430032,18628,4877,86
T15158,Sports,2025-01-07T04:02:00.000Z,0.500796855,0.179981771,0.776267122,0.460403791,19453,4076,538
T15171,Finance,2025-01-07T00:18:00.000Z,0.500796855,0.066374182,0.271442467,0.069266931,12710,873,501
T15173,Sports,2025-01-16T09:38:00.000Z,0.500796855,0.572202429,0.155053382,0.374428742,14440,940,978
T15179,Finance,2025-01-14T11:03:00.000Z,0.500796855,0.460320876,0.356951588,0.22282313,18356,1425,58
T15180,Sports,2025-01-03T06:35:00.000Z,0.751761344,0.130806132,0.03774215,0.789882523,4351,473,407
T15185,Finance,2025-01-15T01:39:00.000Z,0.218898231,0.73448424,0.21180186,0.10935853,6490,2975,201
T15200,AI,2025-01-21T06:21:00.000Z,0.956425424,0.339910524,0.966345971,0.274243825,18346,1193,211
T15201,Cloud,2025-01-18T08:50:00.000Z,0.438749996,0.244908722,0.080323334,0.536325275,14183,3592,772
T15210,Cloud,2025-01-01T13:23:00.000Z,0.014142462,0.299532167,0.563938929,0.002801537,5702,3115,306
T15253,Sports,2025-01-15T01:45:00.000Z,0.500796855,0.70723615,0.395750449,0.504428297,13889,553,501
T15256,Finance,2025-01-13T10:48:00.000Z,0.379110082,0.382106086,0.492344545,0.809177119,4619,339,708
T15265,Cloud,2025-01-13T10:08:00.000Z,0.571788517,0.430966384,0.127501151,0.986855145,2497,4563,716
T15270,Sports,2025-01-16T04:53:00.000Z,0.774899122,0.160245132,0.078958047,0.603574483,1827,4203,851
T15280,Finance,2025-01-08T23:58:00.000Z,0.390354336,0.445321704,0.36764994,0.715362266,14622,1996,140
T15313,Sports,2025-01-02T20:57:00.000Z,0.527675305,0.63669457,0.826212135,0.75663417,9412,4404,16
T15314,AI,2025-01-01T08:13:00.000Z,0.500796855,0.504531245,0.320501928,0.106254342,10130,17,173
T15317,Cloud,2025-01-15T17:42:00.000Z,0.334811752,0.400961943,0.289282946,0.329996606,1842,3548,148
T15342,Sports,2025-01-10T05:04:00.000Z,0.500796855,0.920103686,0.059720226,0.573406962,3167,3549,117
T15343,AI,2025-01-01T05:22:00.000Z,0.24110189,0.468885816,0.597542165,0.466633652,6158,2534,270
T15345,Finance,2025-01-12T21:43:00.000Z,0.500796855,0.551980803,0.012139312,0.591889132,6584,1020,287
T15347,Cloud,2025-01-10T12:52:00.000Z,0.500796855,0.204907652,0.300671294,0.854576062,14838,1752,364
T15357,Finance,2025-01-13T02:08:00.000Z,0.245869605,0.151605025,0.066525398,0.440911128,10215,3793,171
T15361,Sports,2025-01-14T08:34:00.000Z,0.85787545,0.04031392,0.266167974,0.693278617,16461,2993,379
T15363,Sports,2025-01-10T05:34:00.000Z,0.544746177,0.884700048,0.19438199,0.914640571,14641,1563,560
T15373,AI,2025-01-21T15:52:00.000Z,0.167894922,0.242139867,0.745545381,0.267998554,14439,2294,965
T15378,Finance,2025-01-23T01:22:00.000Z,0.937509077,0.177557878,0.072881009,0.347855974,8660,3078,996
T15383,Cloud,2025-01-05T14:42:00.000Z,0.242509115,0.780390556,0.540830797,0.142607955,19595,1587,810
T15386,Cloud,2025-01-03T04:49:00.000Z,0.439924116,0.934444062,0.281043866,0.504428297,5948,868,444
T154,Sports,2025-01-14T21:52:00.000Z,0.033354896,0.649715757,0.236596452,0.743505038,13559,4777,354
T15417,Finance,2025-01-09T00:23:00.000Z,0.344871888,0.998429888,0.575335724,0.57456586,15618,815,899
T15428,Sports,2025-01-15T13:07:00.000Z,0.189970359,0.201971137,0.279134122,0.382234994,14636,3027,923
T15431,Cloud,2025-01-19T20:31:00.000Z,0.538798375,0.806835037,0.259582269,0.384364089,2653,4087,829
T15435,Finance,2025-01-16T12:51:00.000Z,0.52155068,0.478454642,0.73634932,0.037585821,12445,1585,681
T15440,Cloud,2025-01-19T07:10:00.000Z,0.500796855,0.145305393,0.835163793,0.833935038,17395,1838,501
T1545,Cloud,2025-01-15T15:22:00.000Z,0.500796855,0.653541363,0.215829413,0.083911021,8893,4720,47
T15454,AI,2025-01-03T12:15:00.000Z,0.500796855,0.135311299,0.392762758,0.549077664,18749,4129,382
T15459,Cloud,2025-01-22T16:36:00.000Z,0.500796855,0.085860666,0.371749387,0.18508078,7308,2269,342
T1547,Finance,2025-01-04T04:04:00.000Z,0.500796855,0.603488916,0.07981394,0.34959908,8068,3782,694
T15478,Finance,2025-01-08T04:23:00.000Z,0.319105633,0.932787037,0.738281878,0.655813591,13583,4956,1000
T15523,Cloud,2025-01-09T07:10:00.000Z,0.905331873,0.768145725,0.270279203,0.411294965,10130,2047,312
T15525,Cloud,2025-01-16T09:04:00.000Z,0.500796855,0.919275688,0.410258287,0.132216571,4972,873,895
T15527,AI,2025-01-10T17:27:00.000Z,0.563432359,0.953163913,0.10007028,0.916214079,13414,340,354
T1554,Finance,2025-01-11T09:16:00.000Z,0.500796855,0.353640809,0.140467772,0.250500893,2548,1629,643
T15540,Cloud,2025-01-13T09:13:00.000Z,0.500796855,0.86631563,0.689017063,0.158353183,10900,2648,749
T15546,Cloud,2025-01-05T11:10:00.000Z,0.210238856,0.462532063,9.08E-04,0.525984327,19606,4857,545
T1556,Cloud,2025-01-16T22:39:00.000Z,0.688029687,0.676787854,0.441110195,0.312708752,19527,3626,478
T15561,Cloud,2025-01-10T20:42:00.000Z,0.500796855,0.109089557,0.781993701,0.680738474,10130,3747,709
T15571,Cloud,2025-01-23T22:19:00.000Z,0.036307456,0.128413599,0.348283355,0.373706914,12866,741,525
T15574,AI,2025-01-16T23:55:00.000Z,0.145667842,0.822957,0.002498202,0.808964445,4533,3887,501
T15594,Cloud,2025-01-16T06:27:00.000Z,0.500796855,0.418667352,0.462787233,0.515840074,13321,3950,834
T156,AI,2025-01-18T16:38:00.000Z,0.500796855,0.285500048,0.742114686,0.134560686,9683,3075,948
T15602,Finance,2025-01-05T23:28:00.000Z,0.413941863,0.546355764,0.761570298,0.568842234,10130,1696,367
T15613,AI,2025-01-11T05:31:00.000Z,0.500796855,0.132916205,0.196145116,0.803659074,1170,3865,124
T15614,Sports,2025-01-20T10:18:00.000Z,0.500796855,0.591822384,0.895748584,0.871425247,18992,4920,203
T15616,AI,2025-01-01T19:20:00.000Z,0.037357385,0.948388132,0.731635173,0.504428297,16332,937,501
T15630,Finance,2025-01-01T11:28:00.000Z,0.695196779,0.832313957,0.237264621,0.615097133,15066,4329,764
T15645,Sports,2025-01-06T01:32:00.000Z,0.842887061,0.273802775,0.02563417,0.106851269,8872,3415,382
T15649,AI,2025-01-11T16:48:00.000Z,0.676059188,0.388001068,0.48195663,0.942227647,16485,4180,943
T15650,AI,2025-01-18T09:40:00.000Z,0.500796855,0.835366488,0.753116274,0.020997371,2826,1116,563
T15655,AI,2025-01-09T16:25:00.000Z,0.500796855,0.410551418,0.216445846,0.055599554,15106,1782,596
T15665,Sports,2025-01-04T23:41:00.000Z,0.500796855,0.289511156,0.638452932,0.173610881,13373,2494,169
T15666,AI,2025-01-08T20:12:00.000Z,0.632208268,0.546939746,0.492344545,0.457373946,10130,3925,129
T15667,Cloud,2025-01-08T08:30:00.000Z,0.500796855,0.668981094,0.302295041,0.885264576,19043,446,996
T1567,Sports,2025-01-19T00:53:00.000Z,0.500796855,0.660193266,0.004536869,0.957745457,8251,934,230
T15676,Finance,2025-01-21T06:55:00.000Z,0.198180523,0.789369911,0.397394802,0.954437523,16070,3933,885
T15685,Finance,2025-01-17T06:37:00.000Z,0.449804694,0.507215669,0.546193468,0.827960602,11343,108,534
T15688,AI,2025-01-01T13:38:00.000Z,0.500796855,0.949370686,0.926289948,0.960162007,6926,2996,613
T1569,AI,2025-01-08T15:49:00.000Z,0.500796855,0.874545759,0.054946244,0.034243101,12792,72,419
T1570,Finance,2025-01-09T10:42:00.000Z,0.500796855,0.85703936,0.306489109,0.453143702,3470,4144,859
T15712,Sports,2025-01-04T07:00:00.000Z,0.154734771,0.775293643,0.582424353,0.811176939,17377,2494,123
T15719,AI,2025-01-23T15:36:00.000Z,0.500796855,0.207164521,0.431702345,0.548242463,6109,3563,501
T1573,Cloud,2025-01-08T03:54:00.000Z,0.729174465,0.656110223,0.5042037,0.642562081,6646,1726,854
T15732,AI,2025-01-11T17:17:00.000Z,0.747750299,0.871398216,0.64559249,0.353112787,540,2130,859
T15736,Sports,2025-01-12T02:52:00.000Z,0.500796855,0.602600583,0.312174742,0.356606233,1210,76,471
T15761,Cloud,2025-01-17T17:29:00.000Z,0.500796855,0.311365996,0.912263228,0.39018962,19248,1751,920
T15765,Sports,2025-01-01T11:20:00.000Z,0.500796855,0.140590375,0.983455876,0.068077184,17329,2394,269
T15767,Cloud,2025-01-23T02:14:00.000Z,0.500796855,0.188269857,0.780270311,0.266802527,11127,851,6
T15795,Finance,2025-01-10T23:02:00.000Z,0.874679685,0.476643926,0.199992448,0.417707981,15951,3256,444
T15801,Finance,2025-01-15T02:19:00.000Z,0.114769,0.49738816,0.595960676,0.269393976,5002,4363,534
T15810,Sports,2025-01-20T10:30:00.000Z,0.500796855,0.389501584,0.70987572,0.41426587,12499,3287,314
T15820,Cloud,2025-01-01T17:57:00.000Z,0.894980355,0.538209134,0.242873802,0.504428297,10130,4775,243
T15821,Finance,2025-01-09T20:57:00.000Z,0.500796855,0.426637061,0.470517218,0.206796499,11461,2494,642
T15826,Cloud,2025-01-14T07:02:00.000Z,0.434696303,0.897190664,0.418770041,0.445999085,13721,614,41
T15831,Sports,2025-01-07T01:44:00.000Z,0.500796855,0.114868611,0.995593844,0.09141762,15194,1065,663
T1584,Finance,2025-01-23T11:57:00.000Z,0.102060013,0.256899961,0.834295239,0.344736724,12198,3554,115
T15841,AI,2025-01-08T10:11:00.000Z,0.500796855,0.981452713,0.770716762,0.388700932,16099,3932,295
T15842,AI,2025-01-03T02:40:00.000Z,0.500796855,0.25413971,0.511591829,0.646080391,5664,2494,33
T15849,Cloud,2025-01-03T18:51:00.000Z,0.094042808,0.398832377,0.233490737,0.313357738,5030,4292,452
T15864,Finance,2025-01-03T09:55:00.000Z,0.860087814,0.387851442,0.936287022,0.755042152,3103,2327,748
T15882,AI,2025-01-12T01:12:00.000Z,0.449526894,0.460567407,0.60073128,0.958492919,9914,334,521
T15889,Cloud,2025-01-16T15:17:00.000Z,0.500796855,0.900354441,0.607907213,0.429524152,19388,3218,321
T15891,Cloud,2025-01-14T16:09:00.000Z,0.500796855,0.843080899,0.860952704,0.337701436,8872,849,414
T15896,Cloud,2025-01-23T10:32:00.000Z,0.500796855,0.170090329,0.348259079,0.270136237,19338,2351,251
T15916,Sports,2025-01-10T18:50:00.000Z,0.762087502,0.649471657,0.871394048,0.906375585,17431,2940,830
T15927,Sports,2025-01-10T19:10:00.000Z,0.500796855,0.007149343,0.187361188,0.83188891,13636,4868,425
T1594,Cloud,2025-01-19T18:31:00.000Z,0.500796855,0.601618047,0.871984587,0.972127789,17691,894,501
T15948,Finance,2025-01-18T03:29:00.000Z,0.600810611,0.412352435,0.913735432,0.504428297,10750,2425,505
T15963,Finance,2025-01-13T09:29:00.000Z,0.500796855,0.49738816,0.517488143,0.194181505,13195,3973,511
T16000,Sports,2025-01-05T16:21:00.000Z,0.500796855,0.944920606,0.604737131,0.758912389,133,2494,166
T16035,Finance,2025-01-18T09:52:00.000Z,0.500796855,0.184763469,0.428003725,0.504428297,17001,3219,27
T16046,Finance,2025-01-15T23:58:00.000Z,0.500796855,0.033993255,0.74249202,0.951930145,14523,3250,269
T1605,AI,2025-01-02T02:08:00.000Z,0.416685124,0.522319231,0.018545351,0.264020515,5518,2695,857
T16063,Cloud,2025-01-10T07:46:00.000Z,0.500796855,0.044554359,0.847200831,0.322123415,17171,2494,789
T16064,AI,2025-01-20T22:17:00.000Z,0.500796855,0.354820373,0.68066689,0.832365716,1827,3178,85
T16071,Sports,2025-01-02T08:50:00.000Z,0.500796855,0.652941352,0.434462072,0.507389491,4409,1121,985
T16074,Finance,2025-01-05T10:32:00.000Z,0.500796855,0.595420727,0.943851611,0.707594176,8051,3843,991
T16077,Cloud,2025-01-14T22:53:00.000Z,0.855563042,0.882291953,0.840619722,0.866070292,6363,216,285
T16103,AI,2025-01-04T18:33:00.000Z,0.449672365,0.878034789,0.170730792,0.384531832,13558,2494,616
T16104,Sports,2025-01-22T00:40:00.000Z,0.058915491,0.933204827,0.929419676,0.273162191,17500,2291,538
T16121,Finance,2025-01-06T22:00:00.000Z,0.688897923,0.79062151,0.820072179,0.683963132,881,2599,677
T16136,Cloud,2025-01-17T02:21:00.000Z,0.500796855,0.663209032,0.690661803,0.007404793,14662,246,508
T16144,AI,2025-01-12T09:08:00.000Z,0.979821939,0.097740055,0.626686198,0.352931248,10963,634,674
T16173,Cloud,2025-01-16T17:20:00.000Z,0.500796855,0.584440693,0.492344545,0.979900766,3679,2494,249
T16218,Sports,2025-01-07T02:52:00.000Z,0.500796855,0.101551801,0.966625668,0.85940971,9,2807,453
T16220,Finance,2025-01-11T07:30:00.000Z,0.500796855,0.979897055,0.492344545,0.890943169,1829,3807,240
T16222,Finance,2025-01-21T02:54:00.000Z,0.514423948,0.654193386,0.581070244,0.980702535,15800,1839,745
T16237,Finance,2025-01-21T00:20:00.000Z,0.620524494,0.020664194,0.812152968,0.748277912,14855,4089,536
T1624,AI,2025-01-19T03:43:00.000Z,0.500796855,0.163940193,0.872384205,0.488646969,10130,2004,397
T16244,Finance,2025-01-20T20:55:00.000Z,0.500796855,0.49738816,0.437475544,0.415989148,2167,547,299
T16247,AI,2025-01-23T18:06:00.000Z,0.500796855,0.29956103,0.447771875,0.504428297,18051,3080,528
T16248,AI,2025-01-03T13:15:00.000Z,0.454100449,0.49738816,0.676885898,0.318156049,11854,1618,418
T16255,Cloud,2025-01-19T07:17:00.000Z,0.500796855,0.408592306,0.984941457,0.191587902,2523,1797,852
T16256,Cloud,2025-01-23T02:16:00.000Z,0.147159728,0.343523884,0.292310533,0.339658614,6090,1712,689
T16280,AI,2025-01-21T16:13:00.000Z,0.500796855,0.956781431,0.118931116,0.459873688,2685,1427,671
T16287,Sports,2025-01-12T15:00:00.000Z,0.14945172,0.273570839,0.740240035,0.986004633,5313,2494,567
T16294,Sports,2025-01-20T05:10:00.000Z,0.58769397,0.103994105,0.885246364,0.489464133,9487,3094,914
T1630,Finance,2025-01-03T23:42:00.000Z,0.500796855,0.927827274,0.770626528,0.19413601,2766,4118,140
T16300,AI,2025-01-23T14:15:00.000Z,0.527134551,0.605501438,0.814132203,0.513915882,16767,3279,553
T16324,Sports,2025-01-01T03:37:00.000Z,0.605941294,0.360055228,0.443286399,0.71033228,7733,1800,663
T16338,Sports,2025-01-21T03:12:00.000Z,0.271992753,0.465639559,0.683146216,0.945637214,10130,3911,792
T1634,Cloud,2025-01-06T19:12:00.000Z,0.500796855,0.526692188,0.544759228,0.51357105,18100,2777,239
T1638,AI,2025-01-07T00:30:00.000Z,0.055443571,0.398440792,0.932510619,0.034583162,7487,2494,585
T16390,AI,2025-01-18T15:26:00.000Z,0.439917123,0.284814901,0.057391046,0.500706109,14551,1634,85
T16401,Finance,2025-01-19T14:25:00.000Z,0.500796855,0.565336435,0.9287827,0.22361913,2961,3081,387
T16406,AI,2025-01-01T01:38:00.000Z,0.500796855,0.00704919,0.449000256,0.433388783,10796,307,226
T16415,Finance,2025-01-17T14:53:00.000Z,0.751608086,0.020056045,0.492344545,0.75751646,10130,1642,210
T16421,Sports,2025-01-19T13:29:00.000Z,0.500796855,0.589054075,0.559642528,0.40617964,1521,704,672
T16430,Cloud,2025-01-20T12:57:00.000Z,0.80272423,0.296153982,0.543831046,0.805635771,5467,280,228
T16449,Finance,2025-01-06T13:08:00.000Z,0.610441397,0.899681773,0.836530284,0.555934325,12036,4933,477
T16460,Cloud,2025-01-15T05:12:00.000Z,0.500796855,0.136396042,0.492344545,0.585826456,18528,2010,457
T16480,Cloud,2025-01-12T22:39:00.000Z,0.500796855,0.326563946,0.492344545,0.827060017,13306,3557,480
T16500,AI,2025-01-22T13:25:00.000Z,0.500796855,0.773172526,0.217116867,0.615344074,15418,1782,107
T16513,Finance,2025-01-04T08:28:00.000Z,0.500796855,0.751851441,0.611597064,0.170380107,10130,1122,795
T16533,Sports,2025-01-04T14:28:00.000Z,0.502021059,0.221813341,0.631626832,0.253044303,14398,3325,967
T16538,AI,2025-01-14T23:20:00.000Z,0.500796855,0.09484605,0.819455657,0.317740096,16432,323,345
T16539,Cloud,2025-01-20T17:11:00.000Z,0.970868069,0.037514146,0.437154698,0.570637088,2219,1972,524
T16540,Sports,2025-01-10T08:25:00.000Z,0.500796855,0.288138057,0.12594547,0.306230064,10130,4734,71
T16546,Sports,2025-01-22T19:54:00.000Z,0.981618835,0.798255054,0.719623597,0.823803277,6351,4299,68
T16550,AI,2025-01-22T16:20:00.000Z,0.623935755,0.492964551,0.714988087,0.80114019,11325,3287,19
T16555,Cloud,2025-01-07T17:26:00.000Z,0.500796855,0.803839089,0.955550691,0.568528741,7410,2317,207
T16560,AI,2025-01-05T18:21:00.000Z,0.500796855,0.880648291,0.516436243,0.271681722,13909,4187,145
T16563,Sports,2025-01-02T03:16:00.000Z,0.500796855,0.49738816,0.669339347,0.078932477,19764,2423,543
T16582,Finance,2025-01-22T06:04:00.000Z,0.459110623,0.625709838,0.828730112,0.9519922,8263,1302,105
T16600,Cloud,2025-01-17T11:43:00.000Z,0.500796855,0.970645452,0.068795643,0.18181422,10130,2494,577
T16608,Finance,2025-01-10T09:45:00.000Z,0.892422131,0.676519919,0.756728431,0.557807218,17032,1948,687
T1661,AI,2025-01-02T19:54:00.000Z,0.269856183,0.864699192,0.656942715,0.29816174,8019,3418,704
T16613,AI,2025-01-10T17:43:00.000Z,0.020313722,0.519243184,0.641751052,0.504428297,16409,4916,780
T16625,Finance,2025-01-19T07:13:00.000Z,0.300404675,0.534540815,0.963702845,0.211334188,19826,1070,607
T16628,Sports,2025-01-07T16:56:00.000Z,0.398641321,0.728390478,0.161518133,0.686533135,16010,4722,916
T16629,AI,2025-01-20T23:50:00.000Z,0.773220493,0.472616707,0.42320241,0.59713394,12435,2351,41
T16642,Finance,2025-01-10T18:31:00.000Z,0.634151901,0.816123875,0.246254295,0.978833316,14936,3656,795
T16646,Sports,2025-01-20T17:21:00.000Z,0.500796855,0.637242212,0.649822529,0.709037668,10130,344,54
T16649,Sports,2025-01-15T02:44:00.000Z,0.500796855,0.211138494,0.780736714,0.344744006,18151,3146,434
T16669,Cloud,2025-01-03T02:57:00.000Z,0.167873164,0.141095494,0.838278695,0.167445864,4150,2494,766
T16675,AI,2025-01-04T16:26:00.000Z,0.915563337,0.216725446,0.638564552,0.145518656,11395,924,779
T1668,Finance,2025-01-12T15:34:00.000Z,0.500796855,0.902521176,0.493968918,0.401690666,19055,2111,965
T16680,Sports,2025-01-10T02:37:00.000Z,0.674747849,0.622680519,0.276394284,0.513909106,12471,2736,282
T16681,Finance,2025-01-02T14:06:00.000Z,0.278911662,0.521271776,0.754566151,0.486580521,18548,4243,226
T16686,Sports,2025-01-05T01:50:00.000Z,0.406445049,0.017859099,0.689395195,0.866464847,9120,3077,797
T16692,AI,2025-01-08T11:20:00.000Z,0.500796855,0.697011077,0.25605261,0.917088356,14155,4696,446
T16713,AI,2025-01-18T05:34:00.000Z,0.500796855,0.301389697,0.737930273,0.381462726,10043,3832,837
T16718,Sports,2025-01-07T09:33:00.000Z,0.500796855,0.368329431,0.818604774,0.796803923,14274,2942,667
T16719,Finance,2025-01-05T14:10:00.000Z,0.921548979,0.814821991,0.045195255,0.707446475,16253,4295,289
T1674,Sports,2025-01-08T18:36:00.000Z,0.628998701,0.459854004,0.441905147,0.641795479,7895,3929,49
T16751,AI,2025-01-23T01:04:00.000Z,0.891487714,0.790845707,0.831796572,0.94946112,157,2494,163
T16769,Sports,2025-01-01T14:27:00.000Z,0.500796855,0.54331479,0.784432909,0.083631024,16447,2577,397
T16777,Cloud,2025-01-06T07:17:00.000Z,0.204074999,0.49738816,0.179534835,0.662643954,19912,3367,457
T16780,Finance,2025-01-18T21:16:00.000Z,0.386997515,0.626654157,0.06610053,0.525961531,4141,403,182
T16790,Finance,2025-01-04T15:37:00.000Z,0.188557903,0.331047303,0.492344545,0.240335216,3403,3341,733
T16816,Finance,2025-01-02T15:17:00.000Z,0.330392562,0.151160583,0.741406142,0.038967796,13338,254,705
T1682,Cloud,2025-01-02T13:46:00.000Z,0.500796855,0.738108757,0.515332728,0.800840412,6659,3845,618
T16821,Sports,2025-01-15T13:40:00.000Z,0.500796855,0.956545868,0.450550169,0.669994659,7396,1640,579
T16843,AI,2025-01-15T06:27:00.000Z,0.918648376,0.103919324,0.173958509,0.840553664,19330,1724,239
T16851,Finance,2025-01-19T07:56:00.000Z,0.293183165,0.560140262,0.422169223,0.796812469,12598,482,985
T1686,Sports,2025-01-14T18:37:00.000Z,0.853042425,0.5789147,0.694213719,0.938801425,8664,2530,866
T16867,Finance,2025-01-03T21:04:00.000Z,0.500796855,0.49852064,0.558650013,0.261761546,16746,3697,314
T16868,Cloud,2025-01-15T09:23:00.000Z,0.154740393,0.616930033,0.955569478,0.043591613,15550,3431,653
T1687,AI,2025-01-18T04:33:00.000Z,0.52481059,0.00535348,0.644663584,0.455264545,17954,4077,467
T16885,Sports,2025-01-20T10:14:00.000Z,0.632944599,0.218641639,0.492344545,0.948900833,7548,3602,281
T16889,Cloud,2025-01-23T09:27:00.000Z,0.523558248,0.185611345,0.388560299,0.36441128,11550,249,172
T16893,Cloud,2025-01-05T12:29:00.000Z,0.500796855,0.727864661,0.431720768,0.504428297,613,1160,800
T16897,Cloud,2025-01-08T08:51:00.000Z,0.500796855,0.782463726,0.130653921,0.158539972,11367,4186,188
T16906,Cloud,2025-01-03T15:30:00.000Z,0.163192042,0.603734881,0.638534112,0.897181961,12528,2093,605
T1692,Sports,2025-01-14T23:08:00.000Z,0.718590278,0.271881684,0.492344545,0.504428297,542,4251,6
T16938,Sports,2025-01-21T11:33:00.000Z,0.500796855,0.500920646,0.920527824,0.085593994,11802,2742,895
T1694,Sports,2025-01-23T11:45:00.000Z,0.500796855,0.605970626,0.120273445,0.318430069,7464,2417,217
T16954,Sports,2025-01-22T02:45:00.000Z,0.500796855,0.150505942,0.210445237,0.895516816,9784,4018,784
T16969,Sports,2025-01-11T03:59:00.000Z,0.500796855,0.570449186,0.93330922,0.210527834,7386,2971,341
T16978,Cloud,2025-01-15T06:11:00.000Z,0.100706868,0.0324235,0.958509253,0.174135564,5459,3856,75
T16980,AI,2025-01-09T12:08:00.000Z,0.886104204,0.490068685,0.360566949,0.456931754,5347,4950,751
T16986,Cloud,2025-01-19T11:49:00.000Z,0.500796855,0.156514018,0.400256297,0.589858606,9327,3674,981
T17014,Finance,2025-01-05T06:21:00.000Z,0.500796855,0.507642587,0.871292159,0.411648528,17749,871,501
T17018,Finance,2025-01-01T08:31:00.000Z,0.093647574,0.870716542,0.807777864,0.308745433,11577,2995,589
T17023,Cloud,2025-01-06T17:59:00.000Z,0.426777932,0.729675437,0.53071796,0.153340008,2357,4685,704
T17024,AI,2025-01-22T12:00:00.000Z,0.500796855,0.173315345,0.475428841,0.134276917,18275,2220,972
T17038,Sports,2025-01-04T14:27:00.000Z,0.255746767,0.873578608,0.352728278,0.525927612,1977,4768,336
T1705,Finance,2025-01-06T05:25:00.000Z,0.084637103,0.889440447,0.855748995,0.673142546,14919,3633,669
T17062,Finance,2025-01-01T08:13:00.000Z,0.500796855,0.972842389,0.415470771,0.53460111,13316,2683,74
T17085,Finance,2025-01-11T14:49:00.000Z,0.500796855,0.295771059,0.571590654,0.117892066,4144,649,524
T17089,Sports,2025-01-16T07:33:00.000Z,0.500796855,0.428212686,0.901426834,0.855488059,12994,3450,869
T17092,Cloud,2025-01-22T23:35:00.000Z,0.798844728,0.566788631,0.488691926,0.887301367,19927,3410,488
T17093,Cloud,2025-01-02T16:27:00.000Z,0.062539148,0.672992167,0.067948351,0.211629306,18312,3875,339
T17101,Cloud,2025-01-09T03:07:00.000Z,0.500796855,0.114314216,0.622729196,0.592532867,18694,2494,375
T17111,AI,2025-01-06T14:22:00.000Z,0.353590358,0.095345928,0.039835788,0.670514924,9743,1920,826
T17114,Finance,2025-01-18T11:48:00.000Z,0.675437745,0.479367395,0.131932572,0.374123943,557,629,545
T17117,Finance,2025-01-13T14:50:00.000Z,0.500796855,0.055023159,0.804334324,0.71656195,6049,4529,195
T17132,Finance,2025-01-18T08:36:00.000Z,0.500796855,0.96248626,0.787810089,0.098939407,12234,3088,594
T17134,AI,2025-01-22T17:50:00.000Z,0.500796855,0.097140834,0.670979667,0.122630499,15664,734,288
T17135,Finance,2025-01-05T08:23:00.000Z,0.997254362,0.192399638,0.294275565,0.87037413,14963,4376,345
T17136,AI,2025-01-09T16:41:00.000Z,0.500796855,0.774732054,0.740001881,0.330353589,15471,4993,155
T17138,Cloud,2025-01-04T00:10:00.000Z,0.431094074,0.427259788,0.482630972,0.267720653,19408,827,336
T17141,Sports,2025-01-13T09:50:00.000Z,0.94049673,0.278820221,0.595681149,0.046179049,10879,1540,85
T17144,Finance,2025-01-12T05:41:00.000Z,0.500796855,0.488213193,0.299880094,0.504428297,7202,1006,730
T17155,Finance,2025-01-15T02:54:00.000Z,0.500796855,0.038500645,0.301946041,0.649425692,7553,4943,795
T17167,Sports,2025-01-22T06:07:00.000Z,0.136684513,0.199928088,0.384182039,0.682258511,6989,3917,981
T17169,Sports,2025-01-22T05:05:00.000Z,0.856012937,0.674720811,0.966793752,0.318332024,16708,2298,957
T17187,Finance,2025-01-10T00:24:00.000Z,0.640184955,0.317607504,0.295853071,0.098975436,11439,2494,583
T17202,Cloud,2025-01-09T03:34:00.000Z,0.870711047,0.157486717,0.983506496,0.880105581,15678,1438,984
T17203,AI,2025-01-20T19:56:00.000Z,0.500796855,0.041252749,0.702222267,0.635025762,17366,2600,930
T17209,Finance,2025-01-07T00:23:00.000Z,0.500796855,0.845669975,0.318650987,0.153003643,10069,2962,935
T17210,Sports,2025-01-05T14:11:00.000Z,0.500796855,0.67145486,0.324529237,0.202733546,19080,3883,461
T17218,AI,2025-01-20T14:44:00.000Z,0.030613929,0.070124645,0.625739136,0.533267286,5621,1311,489
T17219,AI,2025-01-22T14:45:00.000Z,0.62483658,0.375698228,0.768657529,0.549480403,17260,3677,843
T17221,Sports,2025-01-21T19:33:00.000Z,0.500796855,0.175589624,0.492344545,0.033104902,1187,2494,212
T17245,Sports,2025-01-20T11:51:00.000Z,0.745718516,0.980680337,0.269172926,0.629096002,10911,2687,511
T17250,AI,2025-01-01T07:08:00.000Z,0.932262468,0.728644935,0.121217063,0.700549396,19321,3872,947
T17258,AI,2025-01-22T20:33:00.000Z,0.500796855,0.423525067,0.96882655,0.504428297,10130,1057,483
T17280,Cloud,2025-01-22T03:49:00.000Z,0.910188797,0.80211727,0.309133794,0.677599456,8999,805,921
T17288,Finance,2025-01-09T00:34:00.000Z,0.260467016,0.470519532,0.245617412,0.504428297,792,4695,596
T17293,Cloud,2025-01-20T08:59:00.000Z,0.093769634,0.875501365,0.282905157,0.065790005,17728,4473,297
T17295,Cloud,2025-01-23T22:36:00.000Z,0.500796855,0.252731963,0.492344545,0.374259271,8448,2781,523
T17298,AI,2025-01-20T04:02:00.000Z,0.500796855,0.983011233,0.633200992,0.264629061,16476,3979,460
T17310,AI,2025-01-23T01:00:00.000Z,0.500796855,0.204334961,0.130959566,0.808442708,2615,523,254
T17323,AI,2025-01-17T19:04:00.000Z,0.527492998,0.240453315,0.701384406,0.490009304,18282,1990,979
T17365,Sports,2025-01-17T14:04:00.000Z,0.500796855,0.610868456,0.928591814,0.347305234,12224,4703,608
T17366,Cloud,2025-01-08T05:29:00.000Z,0.500796855,0.854998513,0.46973916,0.968812598,4594,1187,761
T17375,Sports,2025-01-08T11:47:00.000Z,0.176753236,0.097177504,0.13543032,0.742455929,15480,205,482
T17377,Sports,2025-01-19T07:05:00.000Z,0.46258662,0.116012388,0.389183832,0.695984668,6700,862,595
T17415,Sports,2025-01-09T08:39:00.000Z,0.500796855,0.474273831,0.583896974,0.177143875,7052,4356,6
T17418,Finance,2025-01-14T16:36:00.000Z,0.124445783,0.644387279,0.780085683,0.190861163,370,3741,964
T17426,Sports,2025-01-06T08:29:00.000Z,0.500796855,0.430397879,0.328283936,0.708242189,931,4137,485
T17427,AI,2025-01-12T15:46:00.000Z,0.049437584,0.060388321,0.080385834,0.171641928,1488,2030,306
T1743,Sports,2025-01-03T01:55:00.000Z,0.500796855,0.945304336,0.330010197,0.53940479,18846,843,332
T17432,Sports,2025-01-23T10:32:00.000Z,0.500796855,0.651757529,0.852363913,0.470421979,7746,3715,700
T17460,Sports,2025-01-11T22:21:00.000Z,0.828591209,0.396692473,0.526973197,0.531898135,4923,251,108
T17464,Sports,2025-01-12T22:25:00.000Z,0.500796855,0.382914171,0.410734098,0.903302194,13279,1953,377
T1747,Cloud,2025-01-15T15:25:00.000Z,0.500796855,0.412402316,0.60561781,0.83999322,3719,2761,540
T17472,Cloud,2025-01-04T19:47:00.000Z,0.500796855,0.606493159,0.148281213,0.060266957,17870,3052,300
T17477,Sports,2025-01-05T08:28:00.000Z,0.952584064,0.431188799,0.091787518,0.701305371,10227,118,454
T17483,Sports,2025-01-03T22:53:00.000Z,0.500796855,0.49738816,0.711280097,0.257305191,3655,3180,481
T17496,Sports,2025-01-07T16:34:00.000Z,0.500796855,0.093643311,0.367042937,0.342172521,10296,3497,291
T17504,Finance,2025-01-03T13:35:00.000Z,0.711271931,0.290146636,0.538047269,0.88415554,12499,3070,296
T17505,AI,2025-01-01T17:53:00.000Z,0.867257607,0.831699745,0.109083164,0.84419275,9795,654,930
T17519,Sports,2025-01-05T16:14:00.000Z,0.500796855,0.449351414,0.888096725,0.455211322,9585,3117,820
T17528,Finance,2025-01-15T15:43:00.000Z,0.500796855,0.819548595,0.810506127,0.460399282,17291,457,179
T1755,Cloud,2025-01-13T22:25:00.000Z,0.500796855,0.098220751,0.362754071,0.933247727,18966,2941,535
T17557,Sports,2025-01-09T07:42:00.000Z,0.500796855,0.275577793,0.241676992,0.476033956,2803,2155,377
T17564,Finance,2025-01-19T09:25:00.000Z,0.500796855,0.119191823,0.026229873,0.519097055,5715,2255,55
T17604,Finance,2025-01-11T00:49:00.000Z,0.413390464,0.267514114,0.323061627,0.191209777,14433,3109,569
T17642,Finance,2025-01-07T21:35:00.000Z,0.961941496,0.804134547,0.517827497,0.302546886,7786,1675,630
T17644,Cloud,2025-01-23T20:08:00.000Z,0.500796855,0.65803995,0.909063942,0.862354412,15269,47,734
T17648,Finance,2025-01-20T17:18:00.000Z,0.96247715,0.486286584,0.415812896,0.82210951,6630,858,654
T17650,Cloud,2025-01-13T06:37:00.000Z,0.500796855,0.890158162,0.577687531,0.332944426,17940,1452,24
T17660,Cloud,2025-01-02T01:07:00.000Z,0.500796855,0.644320023,0.121785095,0.569475805,6442,1034,33
T17661,Cloud,2025-01-09T07:19:00.000Z,0.904723056,0.111288689,0.494192135,0.927662017,18424,864,265
T17676,Finance,2025-01-01T01:09:00.000Z,0.404612063,0.563376423,0.941110955,0.293608208,12681,2682,330
T17677,Cloud,2025-01-13T02:33:00.000Z,0.844551637,0.684732344,0.407647192,0.450625696,5393,891,62
T17698,Finance,2025-01-10T21:01:00.000Z,0.734090874,0.637984578,0.577701922,0.242663438,5386,1148,40
T17704,Finance,2025-01-11T03:53:00.000Z,0.697430142,0.257122975,0.275052076,0.784513309,725,2494,687
T17717,Cloud,2025-01-19T22:19:00.000Z,0.045989834,0.435390287,0.555854766,0.72051671,14115,1027,49
T17721,Cloud,2025-01-09T22:38:00.000Z,0.500796855,0.701214008,0.570011272,0.441793204,19403,1544,187
T17726,Cloud,2025-01-04T23:33:00.000Z,0.500796855,0.045050081,0.834234799,0.549117247,9174,2541,497
T1773,Sports,2025-01-06T20:22:00.000Z,0.500796855,0.150238588,0.760065528,0.311816966,19970,1884,809
T1774,Finance,2025-01-01T22:37:00.000Z,0.427006631,0.99456662,0.047054962,0.969547539,15126,568,302
T17740,AI,2025-01-08T09:09:00.000Z,0.657673593,0.890237184,0.568517133,0.504428297,10812,4233,27
T17744,Finance,2025-01-16T03:05:00.000Z,0.470513217,0.49738816,0.955155228,0.504428297,4016,1657,31
T17762,AI,2025-01-10T22:56:00.000Z,0.500796855,0.094842294,0.36211131,0.358026327,2198,2919,163
T1777,Sports,2025-01-17T05:50:00.000Z,0.953599404,0.316040457,0.338588634,0.263291551,10844,1823,27
T17771,Sports,2025-01-18T18:26:00.000Z,0.814963498,0.312594858,0.253527913,0.537994755,11726,4812,789
T17777,AI,2025-01-11T19:44:00.000Z,0.388987675,0.313741297,0.861481659,0.693634627,16901,2879,442
T17778,Cloud,2025-01-24T03:00:00.000Z,0.782661154,0.771215453,0.804896763,0.136266748,992,4971,300
T17784,Sports,2025-01-02T07:41:00.000Z,0.691725528,0.789356082,0.980690336,0.300890289,3739,3185,932
T17785,Sports,2025-01-18T09:13:00.000Z,0.500796855,0.526332933,0.390021042,0.538159387,2983,3901,566
T17789,Finance,2025-01-01T20:31:00.000Z,0.948876129,0.863084776,0.032428396,0.617706337,7682,835,709
T17802,AI,2025-01-08T00:41:00.000Z,0.500796855,0.659328741,0.913235424,0.321348856,8375,2507,97
T17803,Cloud,2025-01-23T20:46:00.000Z,0.500796855,0.928375349,0.810793972,0.658674744,9897,255,8
T17804,Finance,2025-01-14T10:25:00.000Z,0.448487946,0.002437554,0.3634201,0.751034798,7148,4979,43
T17819,AI,2025-01-06T18:27:00.000Z,0.792282598,0.738143451,0.302968379,0.633735291,19396,2286,313
T17824,AI,2025-01-06T11:26:00.000Z,0.55961963,0.459923425,0.41443289,0.168517855,15953,3769,383
T17838,Finance,2025-01-11T07:42:00.000Z,0.500796855,0.244272188,0.291957341,0.955566498,16788,1020,710
T17840,Cloud,2025-01-23T08:06:00.000Z,0.731476918,0.998899667,0.788967762,0.111269442,16107,3587,418
T17863,Finance,2025-01-11T16:19:00.000Z,0.956908076,0.336429211,0.893797425,0.960386854,9631,244,620
T1787,Finance,2025-01-03T11:02:00.000Z,0.500796855,0.289558726,0.492344545,0.258995101,10276,2494,501
T17888,Finance,2025-01-19T06:59:00.000Z,0.500796855,0.484285634,0.753706048,0.684342923,7591,3201,501
T17893,Finance,2025-01-11T04:24:00.000Z,0.500796855,0.499100257,0.006239251,0.504428297,10130,327,782
T17898,AI,2025-01-08T14:52:00.000Z,0.358425671,0.221031453,0.02818686,0.154829492,7731,4182,529
T179,Sports,2025-01-21T21:20:00.000Z,0.080594296,0.536365961,0.640937082,0.278301428,9229,2039,501
T17904,Cloud,2025-01-20T07:33:00.000Z,0.500796855,0.572121064,0.122559131,0.762076407,5132,3566,494
T17913,AI,2025-01-14T02:12:00.000Z,0.500796855,0.815705728,0.413551702,0.123343403,3238,3461,989
T17920,Sports,2025-01-18T15:40:00.000Z,0.500796855,0.905724686,0.383413936,0.011762977,15702,1149,79
T17923,Cloud,2025-01-07T07:58:00.000Z,0.500796855,0.084221661,0.127788252,0.157775135,18188,287,704
T17925,Cloud,2025-01-19T11:29:00.000Z,0.500796855,0.592780909,0.521211603,0.38450999,11355,4945,8
T17934,Finance,2025-01-15T22:45:00.000Z,0.500796855,0.42489735,0.947569722,0.193755725,5600,3126,328
T17936,Sports,2025-01-18T14:15:00.000Z,0.010363252,0.772966195,0.195661538,0.304960191,5473,738,136
T1794,Sports,2025-01-11T15:29:00.000Z,0.500796855,0.42166149,0.231842657,0.861901582,15673,1284,970
T17970,Finance,2025-01-20T08:28:00.000Z,0.288325434,0.753431113,0.888356073,0.408121037,16257,1334,688
T17979,Finance,2025-01-15T06:45:00.000Z,0.500796855,0.49738816,0.416045276,0.138557674,6884,682,526
T17991,AI,2025-01-13T07:25:00.000Z,0.212206284,0.274824603,0.233729387,0.624684009,4225,3988,425
T18021,Finance,2025-01-22T04:24:00.000Z,0.500796855,0.40083902,0.82910736,0.971732109,7626,883,839
T18045,Sports,2025-01-05T06:02:00.000Z,0.762207986,0.374145953,0.550796783,0.093937553,8966,2297,430
T18058,Finance,2025-01-13T16:32:00.000Z,0.500796855,0.961171278,0.139006639,0.623894993,8560,2148,826
T1806,Finance,2025-01-19T14:16:00.000Z,0.500796855,0.622452512,0.224875314,0.549861258,10130,112,489
T18065,Finance,2025-01-02T17:43:00.000Z,0.305879099,0.063789884,0.785892947,0.043666408,14016,1308,774
T18075,Finance,2025-01-18T19:47:00.000Z,0.500796855,0.060638814,0.492344545,0.875003966,6178,3210,81
T1808,Sports,2025-01-23T23:33:00.000Z,0.228420618,0.504243619,0.492344545,0.614016943,13693,4907,430
T18093,AI,2025-01-05T07:55:00.000Z,0.178918484,0.361272618,0.978563045,0.807307042,14810,3274,423
T18097,Cloud,2025-01-03T09:51:00.000Z,0.500796855,0.935388788,0.092849334,0.411603059,2244,370,895
T1811,Sports,2025-01-18T17:53:00.000Z,0.214366925,0.49738816,0.236203999,0.33131418,9530,108,501
T18115,Sports,2025-01-21T21:39:00.000Z,0.169287062,0.013042232,0.230275561,0.027193278,5719,2494,231
T18119,Sports,2025-01-04T11:22:00.000Z,0.500796855,0.933996205,0.428238991,0.833493252,16862,3146,282
T18121,Sports,2025-01-21T16:28:00.000Z,0.500796855,0.747837722,0.070902719,0.169808795,11426,3218,834
T18122,Sports,2025-01-04T15:37:00.000Z,0.500796855,0.637681981,0.139681941,0.619235951,9824,4692,800
T18137,AI,2025-01-17T22:44:00.000Z,0.500796855,0.076567539,0.491720707,0.656141266,5261,1701,974
T18139,Finance,2025-01-12T06:55:00.000Z,0.500796855,0.271129264,0.906663713,0.706777633,18623,969,172
T18141,Sports,2025-01-13T13:58:00.000Z,0.500796855,0.516250533,0.073992566,0.140410205,18281,464,838
T18152,Finance,2025-01-12T17:45:00.000Z,0.500796855,0.172788982,0.701310392,0.507596265,10130,913,839
T1816,Sports,2025-01-02T06:54:00.000Z,0.925176031,0.846667793,0.664972346,0.658938985,11938,4607,630
T18163,AI,2025-01-06T00:42:00.000Z,0.500796855,0.237584184,0.288934831,0.38553181,8262,3276,764
T18164,AI,2025-01-14T04:57:00.000Z,0.608467289,0.3842775,0.299455964,0.504428297,5859,614,933
T18171,Sports,2025-01-16T20:03:00.000Z,0.259490052,0.925781972,0.098685661,0.791012957,10130,4388,513
T18188,Sports,2025-01-03T20:00:00.000Z,0.500796855,0.396164884,0.91407373,0.917420618,18399,4441,60
T18203,Sports,2025-01-20T17:48:00.000Z,0.500796855,0.060190908,0.267554393,0.504428297,13144,2494,59
T18235,Sports,2025-01-08T20:24:00.000Z,0.897478897,0.477017828,0.957886269,0.389074729,7716,1913,230
T18245,Sports,2025-01-20T00:36:00.000Z,0.071613541,0.427174454,0.494865753,0.83078605,10426,1693,320
T18250,AI,2025-01-12T21:26:00.000Z,0.500796855,0.955008003,0.015740478,0.95576343,9451,4023,525
T18252,Finance,2025-01-17T16:14:00.000Z,0.687180633,0.198474449,0.13738222,0.913862416,14048,3639,26
T18259,Cloud,2025-01-22T20:20:00.000Z,0.500796855,0.918261112,0.185826227,0.985416007,15506,4593,420
T18260,Sports,2025-01-14T05:59:00.000Z,0.664451084,0.894005704,0.33702788,0.874833343,14832,4112,593
T18261,Sports,2025-01-16T13:09:00.000Z,0.500796855,0.662053019,0.227079705,0.504428297,19131,1396,877
T18266,Cloud,2025-01-10T08:25:00.000Z,0.251883494,0.539512535,0.12791797,0.458179478,2291,4158,227
T18269,Cloud,2025-01-04T08:48:00.000Z,0.051535099,0.125818018,0.076295864,0.176126835,7930,287,11
T18276,Sports,2025-01-20T14:05:00.000Z,0.500796855,0.49738816,0.74933064,0.823198326,10399,754,707
T18282,Finance,2025-01-19T23:08:00.000Z,0.216967952,0.004674918,0.980100722,0.844146241,18016,3353,209
T18286,Cloud,2025-01-02T11:37:00.000Z,0.500796855,0.339373174,0.800697918,0.052552139,11023,3859,501
T18287,Cloud,2025-01-16T01:23:00.000Z,0.120518532,0.456554771,0.546932711,0.989678841,5543,1607,501
T18307,Cloud,2025-01-04T14:03:00.000Z,0.989043331,0.184482263,0.073825296,0.797953719,11020,3659,790
T18314,Cloud,2025-01-18T23:07:00.000Z,0.500796855,0.090260768,0.912174767,0.096494741,10130,1083,33
T18321,Sports,2025-01-05T09:17:00.000Z,0.726684706,0.044038318,0.645460697,0.212303365,16378,2229,366
T18339,Cloud,2025-01-21T08:46:00.000Z,0.500796855,0.154469018,0.750536581,0.711965596,10364,3328,608
T18373,Cloud,2025-01-11T10:59:00.000Z,0.963398153,0.016599367,0.492344545,0.46244598,18281,327,178
T18386,Sports,2025-01-14T12:42:00.000Z,0.2035957,0.108092804,0.771476569,0.504428297,16610,1739,577
T1839,Finance,2025-01-12T22:27:00.000Z,0.45901172,0.140266173,0.492344545,0.066488161,3885,2506,830
T18396,Sports,2025-01-19T09:13:00.000Z,0.500796855,0.610664935,0.529981311,0.329990011,8645,1053,851
T18405,Cloud,2025-01-12T16:51:00.000Z,0.500796855,0.49738816,0.757166672,0.16679449,13921,624,453
T18421,Cloud,2025-01-13T04:03:00.000Z,0.791578511,0.853357591,0.259597242,0.705933571,7541,4476,111
T18448,AI,2025-01-09T15:29:00.000Z,0.41568906,0.491260715,0.492344545,0.42746919,3218,2864,835
T18450,Finance,2025-01-14T02:08:00.000Z,0.082430521,0.49738816,0.915494168,0.085977367,9018,798,461
T18457,Finance,2025-01-06T19:35:00.000Z,0.500796855,0.571716078,0.261883026,0.889820297,9061,1987,425
T1846,Finance,2025-01-01T11:33:00.000Z,0.379807317,0.102607223,0.003366521,0.853873847,7114,1813,585
T18460,Finance,2025-01-14T20:08:00.000Z,0.725557758,0.076818109,0.00764598,0.804132765,17094,2199,971
T18481,Sports,2025-01-14T01:37:00.000Z,0.198298643,0.863136322,0.007828382,0.797653865,2330,3706,180
T18493,Cloud,2025-01-07T15:28:00.000Z,0.500796855,0.504359883,0.116488708,0.099173579,13602,3460,31
T185,Sports,2025-01-09T11:41:00.000Z,0.500796855,0.426073179,0.465974983,0.705464065,13869,1095,294
T18503,Sports,2025-01-12T22:36:00.000Z,0.537899314,0.268974901,0.223055765,0.491178943,7879,1388,238
T18528,Cloud,2025-01-12T22:37:00.000Z,0.142641085,0.445611771,0.699338459,0.424167111,9152,1150,954
T1853,Cloud,2025-01-19T22:47:00.000Z,0.500796855,0.759972651,0.328910388,0.039460664,18570,1708,193
T18547,Cloud,2025-01-05T02:02:00.000Z,0.273149346,0.232438874,0.009597829,0.504428297,12464,3603,946
T18558,Cloud,2025-01-14T01:26:00.000Z,0.500796855,0.57868402,0.78241915,0.722279489,11192,2156,299
T18567,AI,2025-01-10T03:38:00.000Z,0.978625067,0.49738816,0.184575016,0.569125003,14464,4302,206
T18569,AI,2025-01-13T05:11:00.000Z,0.500796855,0.49738816,0.703629724,0.815201879,15768,2601,97
T18584,Sports,2025-01-07T03:14:00.000Z,0.069207988,0.182857819,0.019294883,0.075071165,8909,3857,276
T18585,AI,2025-01-08T23:46:00.000Z,0.696705512,0.49738816,0.603136777,0.625113141,10801,4226,815
T18586,AI,2025-01-12T04:23:00.000Z,0.026594487,0.496820056,0.492344545,0.517441702,17261,954,711
T18588,Sports,2025-01-17T19:04:00.000Z,0.500796855,0.668212049,0.989368811,0.648458605,2806,664,616
T18601,Finance,2025-01-22T19:52:00.000Z,0.935337011,0.842292335,0.244585829,0.669105352,6272,2620,665
T18602,Cloud,2025-01-05T19:48:00.000Z,0.500796855,0.729228151,0.859165234,0.584256168,17405,4530,880
T18611,Finance,2025-01-22T02:14:00.000Z,0.500796855,0.231974842,0.224924318,0.351373548,7505,4079,959
T18620,Sports,2025-01-09T09:07:00.000Z,0.76943307,0.257006259,0.694587503,0.888934743,5214,2494,527
T1863,Cloud,2025-01-19T08:52:00.000Z,0.500796855,0.073437175,0.126019833,0.504428297,18581,3671,686
T18643,Sports,2025-01-05T13:19:00.000Z,0.367603776,0.963903376,0.458731249,0.923735605,4512,970,30
T18657,Finance,2025-01-09T12:57:00.000Z,0.039288324,0.964235096,0.360265948,0.611073399,10603,4842,396
T18659,Finance,2025-01-15T19:34:00.000Z,0.699802944,0.839598046,0.492344545,0.040802636,10130,1307,421
T18664,AI,2025-01-15T10:15:00.000Z,0.819841694,0.481496666,0.933696701,0.584843552,10130,1255,526
T18681,AI,2025-01-09T08:45:00.000Z,0.829509699,0.49738816,0.889400493,0.192469478,936,1061,88
T18683,Sports,2025-01-08T18:56:00.000Z,0.654439688,0.209965926,0.904034256,0.404513358,6978,2494,611
T18687,AI,2025-01-02T19:13:00.000Z,0.500796855,0.116567273,0.401059963,0.272464035,12785,3982,781
T18710,Finance,2025-01-16T00:32:00.000Z,0.500796855,0.567220362,0.24332141,0.759872168,50,3589,49
T18717,AI,2025-01-08T14:31:00.000Z,0.500796855,0.109115603,0.857038011,0.927963233,9724,2867,924
T18722,Cloud,2025-01-20T23:54:00.000Z,0.940568713,0.093773427,0.661607038,0.25441995,10130,3225,100
T18740,Sports,2025-01-14T15:16:00.000Z,0.615704954,0.964660281,0.120117786,0.257953966,2286,2494,306
T18741,AI,2025-01-03T08:56:00.000Z,0.500796855,0.044543515,0.587648773,0.013181998,5752,557,154
T18750,AI,2025-01-20T08:11:00.000Z,0.500796855,0.041459473,0.810476038,0.666605164,218,2774,571
T18751,Sports,2025-01-23T19:53:00.000Z,0.589413206,0.756845778,0.205667857,0.309601312,17359,2143,956
T18759,Cloud,2025-01-13T02:49:00.000Z,0.500796855,0.781824433,0.099493477,0.238944144,3550,1112,661
T18768,AI,2025-01-10T16:26:00.000Z,0.475735845,0.017196493,0.81320205,0.607657198,15247,472,151
T18778,Sports,2025-01-04T21:28:00.000Z,0.500796855,0.49738816,0.420959567,0.808121651,4691,1781,611
T18793,AI,2025-01-19T06:04:00.000Z,0.588417838,0.933750057,0.99836177,0.034883802,15462,1079,23
T18799,Cloud,2025-01-01T12:48:00.000Z,0.500796855,0.49738816,0.872554776,0.504428297,12551,2472,45
T18804,Sports,2025-01-16T04:50:00.000Z,0.887832597,0.345428599,0.150346896,0.385521271,10130,748,127
T18809,Sports,2025-01-10T20:25:00.000Z,0.862272327,0.59110205,0.111128295,0.492999335,16215,4602,707
T18819,Cloud,2025-01-06T07:20:00.000Z,0.819407884,0.2857172,0.878010156,0.697621703,1456,845,365
T18820,AI,2025-01-14T07:47:00.000Z,0.500796855,0.239057002,0.574862826,0.262374838,5175,2494,869
T18827,AI,2025-01-13T21:21:00.000Z,0.500796855,0.729398594,0.287921478,0.119556608,9339,2775,685
T18848,Sports,2025-01-21T00:06:00.000Z,0.667408663,0.145918293,0.761764349,0.761989711,13207,3548,285
T18867,AI,2025-01-10T17:04:00.000Z,0.500796855,0.153335877,0.15439433,0.398374569,3412,2034,501
T18868,Finance,2025-01-23T19:59:00.000Z,0.500796855,0.410634889,0.551196348,0.516559536,18574,3998,684
T18872,Cloud,2025-01-02T19:54:00.000Z,0.427554255,0.235416382,0.7742392,0.934249858,14540,487,267
T18886,AI,2025-01-03T18:09:00.000Z,0.9597182,0.735573202,0.793688566,0.504165564,19691,3540,476
T18888,Sports,2025-01-15T12:11:00.000Z,0.713704144,0.488863401,0.447718974,0.847487315,5850,1693,874
T18892,Cloud,2025-01-01T21:12:00.000Z,0.038341225,0.322949723,0.122146096,0.630721943,17505,2421,178
T18896,Finance,2025-01-07T03:29:00.000Z,0.976066398,0.2422233,0.715786555,0.261054267,8445,357,756
T189,AI,2025-01-06T18:25:00.000Z,0.231081703,0.49738816,0.05302689,0.797700154,17365,589,649
T18913,Sports,2025-01-20T20:19:00.000Z,0.13795056,0.609629105,0.328335451,0.74485225,0,3289,117
T18918,Cloud,2025-01-01T06:57:00.000Z,0.500796855,0.193951257,0.267007347,0.552107819,17437,4464,423
T18932,AI,2025-01-15T20:09:00.000Z,0.500796855,0.688923079,0.740627337,0.411534927,4865,330,693
T18941,Finance,2025-01-21T07:28:00.000Z,0.552963847,0.193937301,0.096130993,0.768843797,17820,759,202
T18950,AI,2025-01-15T06:44:00.000Z,0.500796855,0.075506825,0.273117186,0.313651477,13505,4860,381
T1896,Finance,2025-01-12T10:24:00.000Z,0.500796855,0.49738816,0.212936025,0.97358281,481,2777,988
T18969,Finance,2025-01-23T03:54:00.000Z,0.472728383,0.668565303,0.133603031,0.611491808,15883,4319,468
T18973,Finance,2025-01-19T13:25:00.000Z,0.53285665,0.49738816,0.824691635,0.056938215,16719,1536,50
T18987,Cloud,2025-01-20T08:58:00.000Z,0.500796855,0.49738816,0.582046874,0.849580921,4508,3640,809
T1900,Sports,2025-01-01T12:39:00.000Z,0.500796855,0.141942527,0.7810427,0.333657746,13538,860,373
T19002,Sports,2025-01-23T20:09:00.000Z,0.500796855,0.489870478,0.066042978,0.269324748,10542,2494,988
T19014,Sports,2025-01-15T01:23:00.000Z,0.210983712,0.49738816,0.845840054,0.266278189,9509,4164,929
T19035,AI,2025-01-19T00:07:00.000Z,0.631000391,0.608338853,0.463425371,0.777676288,3500,687,77
T19039,Sports,2025-01-13T04:24:00.000Z,0.500796855,0.416136952,0.450043164,0.537565693,13470,4430,98
T1905,Cloud,2025-01-06T13:32:00.000Z,0.803106284,0.071373532,0.470104291,0.338206872,14449,1009,30
T19056,Finance,2025-01-11T00:36:00.000Z,0.500796855,0.585193667,0.697648266,0.488428131,7879,3266,868
T19076,Cloud,2025-01-17T13:59:00.000Z,0.502513925,0.129054521,0.488317961,0.837803398,15776,4449,892
T19077,Cloud,2025-01-08T06:33:00.000Z,0.687935469,0.198779411,0.186493121,0.788387156,8676,319,651
T19078,Cloud,2025-01-20T20:33:00.000Z,0.366920026,0.141288517,0.3326663,0.892984522,2458,1741,449
T19090,Cloud,2025-01-16T04:29:00.000Z,0.500796855,0.527359407,0.378586059,0.570379623,12976,3232,860
T19092,AI,2025-01-05T07:07:00.000Z,0.500796855,0.467850334,0.100334972,0.521299204,16923,3416,636
T191,Cloud,2025-01-17T06:27:00.000Z,0.571836743,0.276046896,0.235109409,0.630016349,6452,2384,237
T1910,Cloud,2025-01-21T05:40:00.000Z,0.811683803,0.627885794,0.382183958,0.806631233,10130,3290,516
T19105,Cloud,2025-01-21T22:29:00.000Z,0.822982098,0.545315734,0.91307777,0.464595766,15369,3503,439
T19111,Sports,2025-01-08T14:00:00.000Z,0.970972933,0.163896429,0.197069579,0.455323719,16329,1267,256
T19125,Finance,2025-01-18T02:31:00.000Z,0.14256633,0.829038862,0.80321169,0.983667872,4306,2290,347
T1914,AI,2025-01-07T16:33:00.000Z,0.156665552,0.997574332,0.579081895,0.371284667,16047,994,900
T19142,AI,2025-01-12T05:45:00.000Z,0.6517293,0.485329631,0.733430249,0.524821095,10130,952,16
T19156,Finance,2025-01-22T19:07:00.000Z,0.500796855,0.605397351,0.492344545,0.625873155,12919,2953,549
T19158,Cloud,2025-01-10T21:32:00.000Z,0.500796855,0.846057155,0.399004681,0.535361463,9049,4670,37
T19179,Sports,2025-01-19T20:23:00.000Z,0.500796855,0.531248674,0.139432114,0.848550276,451,4494,52
T19186,Finance,2025-01-12T22:20:00.000Z,0.500796855,0.815560426,0.809930306,0.781535641,3312,244,668
T19187,Sports,2025-01-05T19:36:00.000Z,0.127749862,0.12821438,0.100681169,0.707982188,11406,311,990
T19189,Finance,2025-01-07T16:31:00.000Z,0.500796855,0.313590351,0.939274165,0.704397,13734,773,147
T19209,Cloud,2025-01-01T10:51:00.000Z,0.500796855,0.784087565,0.533068824,0.598833714,1127,3548,141
T1921,Finance,2025-01-09T17:28:00.000Z,0.500796855,0.936390529,0.979609947,0.050535552,5884,404,301
T19248,Cloud,2025-01-03T11:13:00.000Z,0.273509905,0.626968654,0.473167783,0.698299891,14654,681,742
T19251,AI,2025-01-13T10:35:00.000Z,0.500796855,0.490429509,0.661762711,0.389894927,6983,4147,709
T1926,Finance,2025-01-03T19:57:00.000Z,0.443442897,0.894257497,0.427425595,0.224754199,9667,4353,58
T19267,Sports,2025-01-06T02:47:00.000Z,0.281865728,0.058065161,0.834409425,0.21518242,16616,2569,751
T19280,Finance,2025-01-13T23:30:00.000Z,0.500796855,0.602238964,0.471794804,0.761627235,14505,2494,336
T19302,Cloud,2025-01-15T11:00:00.000Z,0.500796855,0.573378238,0.155744848,0.425207927,920,660,723
T19309,Finance,2025-01-03T15:28:00.000Z,0.500796855,0.06776292,0.4659326,0.917449842,17285,631,835
T19316,Cloud,2025-01-01T12:14:00.000Z,0.793042011,0.635506238,0.559380302,0.589226189,3649,3997,501
T19354,Cloud,2025-01-23T09:06:00.000Z,0.94312891,0.734793727,0.397723035,0.110233146,3869,2470,147
T19359,Finance,2025-01-22T00:46:00.000Z,0.924362325,0.453820547,0.579079733,0.350517576,17910,2682,814
T19362,AI,2025-01-23T06:49:00.000Z,0.500796855,0.541700408,0.47953776,0.020004099,15317,2877,737
T19381,Sports,2025-01-20T10:17:00.000Z,0.500796855,0.846838189,0.472978631,0.928788579,14322,260,895
T19382,AI,2025-01-01T03:00:00.000Z,0.500796855,0.875104395,0.864400214,0.655593651,6743,3918,501
T19386,Sports,2025-01-20T21:50:00.000Z,0.942145696,0.557134355,0.169616895,0.092870076,11041,3466,952
T19388,Cloud,2025-01-13T03:22:00.000Z,0.5766259,0.662519465,0.915887101,0.130927916,13247,2426,767
T19395,Sports,2025-01-06T06:21:00.000Z,0.495339223,0.933314116,0.325299114,0.027443313,3407,1629,975
T1940,Cloud,2025-01-15T06:30:00.000Z,0.500796855,0.464138793,0.674342219,0.253342603,11117,3328,504
T19416,AI,2025-01-07T04:03:00.000Z,0.335300689,0.187266138,0.691488275,0.675011806,2057,329,448
T19417,Sports,2025-01-16T06:40:00.000Z,0.176636321,0.98863787,0.454965816,0.861457137,7390,2584,361
T19419,Sports,2025-01-18T15:36:00.000Z,0.500796855,0.649382538,0.810988629,0.403299562,764,552,323
T19428,Cloud,2025-01-23T16:41:00.000Z,0.144450978,0.144399528,0.319056003,0.420959056,775,3175,405
T1943,Cloud,2025-01-08T15:10:00.000Z,0.500796855,0.702232055,0.519198293,0.800018041,14238,2229,699
T19438,Finance,2025-01-18T13:24:00.000Z,0.810425289,0.102821743,0.341135074,0.391013104,1338,1292,62
T19444,Finance,2025-01-23T23:34:00.000Z,0.500796855,0.185643178,0.606215318,0.201004285,8572,651,911
T19453,Sports,2025-01-24T02:02:00.000Z,0.500796855,0.431572138,0.883807667,0.263379921,14865,906,224
T19454,Sports,2025-01-23T11:31:00.000Z,0.915499019,0.49738816,0.298710963,0.574085395,3079,2494,501
T19458,AI,2025-01-19T20:15:00.000Z,0.500796855,0.478199911,0.878198645,0.68596091,3623,3123,600
T19464,Cloud,2025-01-23T16:30:00.000Z,0.178167905,0.323671021,0.394563886,0.860020297,557,4003,297
T19466,Cloud,2025-01-18T23:44:00.000Z,0.030270632,0.501580953,0.315678465,0.465033015,12564,1631,71
T19475,Cloud,2025-01-07T16:13:00.000Z,0.289367099,0.465268925,0.83736777,0.545051719,19496,2360,501
T19476,Sports,2025-01-15T22:08:00.000Z,0.224631392,0.924875091,0.752083643,0.112623339,16783,2905,92
T19481,Sports,2025-01-12T02:09:00.000Z,0.500796855,0.397772362,0.16331344,0.07021075,19483,4334,324
T19507,Finance,2025-01-08T10:31:00.000Z,0.41635023,0.291003162,0.562641583,0.690608856,11448,3603,992
T19523,Sports,2025-01-10T15:22:00.000Z,0.500796855,0.622427438,0.061634905,0.776942186,18787,102,407
T19528,Finance,2025-01-12T18:32:00.000Z,0.446630703,0.665895469,0.469380421,0.243843278,10655,2454,970
T19532,AI,2025-01-15T18:24:00.000Z,0.178677293,0.332277573,0.300318643,0.691409518,4124,189,140
T19535,Cloud,2025-01-02T14:34:00.000Z,0.500796855,0.452111184,0.562880772,0.603198895,12485,3659,474
T19537,Cloud,2025-01-08T03:01:00.000Z,0.500796855,0.657152194,0.468523777,0.86912179,7066,42,618
T19546,AI,2025-01-13T07:59:00.000Z,0.325561818,0.735493026,0.389936222,0.122773672,14808,170,763
T19557,Sports,2025-01-23T16:27:00.000Z,0.500796855,0.14363486,0.295298851,0.504428297,10130,4166,408
T19561,Finance,2025-01-18T03:36:00.000Z,0.660158931,0.662821573,0.397867611,0.210764844,10130,622,458
T19574,Sports,2025-01-12T17:20:00.000Z,0.464336022,0.540298733,0.492344545,0.769500034,12044,311,565
T19575,Cloud,2025-01-02T05:04:00.000Z,0.500796855,0.1833681,0.580272311,0.961859413,8310,81,618
T19581,Finance,2025-01-18T23:19:00.000Z,0.500796855,0.49738816,0.093067485,0.076574235,10187,4204,337
T19584,AI,2025-01-10T09:40:00.000Z,0.500796855,0.412884723,0.118389945,0.612430702,10130,4884,708
T19593,Sports,2025-01-16T09:26:00.000Z,0.51916384,0.917530311,0.800503182,0.504428297,9102,4449,501
T19611,Sports,2025-01-19T12:12:00.000Z,0.820570972,0.089689348,0.654243635,0.291992631,8256,2864,222
T19619,Finance,2025-01-10T01:36:00.000Z,0.500796855,0.815283568,0.148489239,0.509015193,2370,4075,922
T19621,Cloud,2025-01-21T14:01:00.000Z,0.066615434,0.282954171,0.847173756,0.504428297,10415,3778,372
T19644,Sports,2025-01-06T10:49:00.000Z,0.500796855,0.560602544,0.23736164,0.091522487,834,2271,141
T19646,Cloud,2025-01-09T04:04:00.000Z,0.500796855,0.632744874,0.067018187,0.029453303,15636,2432,595
T19647,Cloud,2025-01-17T04:11:00.000Z,0.500796855,0.562728693,0.710636014,0.404044758,982,3690,762
T19656,AI,2025-01-22T23:52:00.000Z,0.500796855,0.523930167,0.492344545,0.950782798,2948,4049,501
T19658,Sports,2025-01-11T11:02:00.000Z,0.424966625,0.898916622,0.804686566,0.442240852,9608,578,283
T19683,Sports,2025-01-14T04:36:00.000Z,0.746690599,0.486345685,0.078802646,0.052781069,5785,511,98
T19692,Cloud,2025-01-09T09:39:00.000Z,0.38412322,0.862728932,0.971106498,0.437744611,8448,4117,415
T19698,Finance,2025-01-20T12:41:00.000Z,0.500796855,0.656505252,0.75436258,0.44353479,16509,1634,399
T19710,Cloud,2025-01-11T16:19:00.000Z,0.725289007,0.812079266,0.492344545,0.77329053,15869,1919,943
T19716,Finance,2025-01-12T08:58:00.000Z,0.236080679,0.228499277,0.716028084,0.311491042,4499,2107,255
T19735,Cloud,2025-01-10T17:02:00.000Z,0.500796855,0.118739286,0.035212882,0.077412276,1989,3165,956
T19742,AI,2025-01-09T23:30:00.000Z,0.500796855,0.09159755,0.300276526,0.288739898,9833,1366,89
T19752,Finance,2025-01-11T05:00:00.000Z,0.888683657,0.490478596,0.058195813,0.931978424,10130,3766,741
T19753,AI,2025-01-18T19:48:00.000Z,0.530826796,0.849732393,0.467439238,0.421308215,11372,3266,766
T19757,AI,2025-01-04T17:10:00.000Z,0.500796855,0.317152428,0.63421399,0.67535141,6013,445,894
T19767,AI,2025-01-14T20:09:00.000Z,0.500796855,0.49738816,0.091556678,0.4278924,546,3766,184
T19777,AI,2025-01-07T17:42:00.000Z,0.500796855,0.290304651,0.213273776,0.323424469,9343,3068,345
T19798,Cloud,2025-01-02T03:14:00.000Z,0.027261053,0.955681258,0.244806825,0.376726639,11941,3207,363
T1982,AI,2025-01-09T03:48:00.000Z,0.500796855,0.931833345,0.981306922,0.84927202,16385,1345,805
T19821,Sports,2025-01-17T12:47:00.000Z,0.338431621,0.580254377,0.074330383,0.47994775,3178,3918,226
T19823,Sports,2025-01-15T12:43:00.000Z,0.500796855,0.731637476,0.189184876,0.49871414,9275,1886,870
T1983,Finance,2025-01-04T07:02:00.000Z,0.500796855,0.586696805,0.981491404,0.580214864,18491,4674,296
T19844,Finance,2025-01-01T10:39:00.000Z,0.288168213,0.780243166,0.581806575,0.711377239,9920,4203,660
T19850,Finance,2025-01-22T17:05:00.000Z,0.081970521,0.274309693,0.979582575,0.064742702,1279,1233,189
T19855,Cloud,2025-01-20T16:52:00.000Z,0.500796855,0.549384624,0.653714593,0.308952944,11297,4524,188
T19863,Finance,2025-01-12T06:09:00.000Z,0.745427241,0.60912375,0.331210422,0.64881384,359,2608,689
T19871,AI,2025-01-15T21:46:00.000Z,0.500796855,0.75223774,0.103753063,0.45498032,13347,756,150
T19889,Sports,2025-01-13T08:05:00.000Z,0.500796855,0.054059894,0.658522742,0.535958648,17092,2494,96
T19890,AI,2025-01-02T09:36:00.000Z,0.500796855,0.275738109,0.841815647,0.825567203,7131,1075,201
T19891,Cloud,2025-01-13T10:10:00.000Z,0.500796855,0.276570641,0.573575233,0.522503265,4478,1243,400
T19908,AI,2025-01-12T01:20:00.000Z,0.500796855,0.540966014,0.606122176,0.015480792,13301,1281,153
T19910,AI,2025-01-04T13:57:00.000Z,0.690685605,0.322972482,0.789420014,0.367620146,7896,4829,867
T19913,Sports,2025-01-11T14:29:00.000Z,0.7907384,0.583551107,0.385150698,0.180759835,14993,4766,501
T1992,Cloud,2025-01-04T17:59:00.000Z,0.016669058,0.622828315,0.19701334,0.598160374,15524,1598,748
T19933,Sports,2025-01-22T22:44:00.000Z,0.610483269,0.453487774,0.690921057,0.059171727,10130,2185,329
T19935,Cloud,2025-01-22T10:19:00.000Z,0.901452602,0.124697646,0.411510838,0.532057442,1235,4663,501
T19944,Finance,2025-01-16T11:18:00.000Z,0.500796855,0.594583768,0.330197777,0.773899312,13403,2010,893
T19950,Cloud,2025-01-18T03:37:00.000Z,0.072299569,0.223160603,0.129788756,0.924931375,1713,2964,289
T19953,Sports,2025-01-17T04:13:00.000Z,0.500796855,0.840073791,0.202178059,0.504428297,15019,2276,239
T19961,Finance,2025-01-22T18:43:00.000Z,0.380115858,0.440327951,0.232077245,0.903084395,9438,4057,501
T19967,Finance,2025-01-23T23:06:00.000Z,0.244588325,0.49738816,0.993385346,0.811832917,17583,4485,356
T1999,Sports,2025-01-06T13:46:00.000Z,0.500796855,0.294202589,0.01694486,0.589267027,19298,2779,679
T19991,Finance,2025-01-08T22:55:00.000Z,0.500796855,0.598459955,0.224793572,0.448187475,14161,1055,578
T19996,Finance,2025-01-14T20:28:00.000Z,0.538947013,0.170579347,0.184970621,0.211379899,7886,2494,557
T20006,Finance,2025-01-17T17:30:00.000Z,0.78293791,0.30931522,0.397984534,0.162050434,16504,272,644
T2004,Finance,2025-01-09T23:27:00.000Z,0.500796855,0.88883781,0.683095052,0.954591127,18228,1527,533
T20041,Cloud,2025-01-16T21:15:00.000Z,0.525967116,0.984206813,0.297120064,0.149063921,1656,4447,501
T20047,Cloud,2025-01-18T23:10:00.000Z,0.232415361,0.910648572,0.095417449,0.484919633,10130,1722,202
T20056,AI,2025-01-11T12:45:00.000Z,0.684110385,0.848068765,0.246302482,0.62133899,13256,3647,501
T20065,Finance,2025-01-22T14:59:00.000Z,0.665982474,0.930395683,0.701176872,0.630905116,229,2166,547
T20068,AI,2025-01-03T15:36:00.000Z,0.182128271,0.693387125,0.879140556,0.241456326,8317,4013,256
T20069,Finance,2025-01-07T13:01:00.000Z,0.925190376,0.927615758,0.357646443,0.438962798,6221,1593,501
T20075,Finance,2025-01-20T21:27:00.000Z,0.500796855,0.49738816,0.502732191,0.93383512,7031,4594,915
T20078,Finance,2025-01-19T23:17:00.000Z,0.500796855,0.153138201,0.492344545,0.939213495,17389,1679,995
T20095,Finance,2025-01-08T12:19:00.000Z,0.500796855,0.694199362,0.855100181,0.926448977,10359,2653,933
T20122,Sports,2025-01-14T03:20:00.000Z,0.607766309,0.49738816,0.744604001,0.205647482,542,3142,198
T20125,Cloud,2025-01-23T20:23:00.000Z,0.61671397,0.649017879,0.242409716,0.399872993,4370,2008,262
T2015,Sports,2025-01-02T03:19:00.000Z,0.775124337,0.151928422,0.492344545,0.980346965,13169,1384,196
T20178,Finance,2025-01-19T06:16:00.000Z,0.995440108,0.193833242,0.467931608,0.42036021,3351,2093,637
T20182,Cloud,2025-01-15T02:08:00.000Z,0.532606393,0.49738816,0.119753787,0.70154026,11346,2494,574
T20206,Finance,2025-01-15T20:19:00.000Z,0.498402345,0.582962867,0.411645915,0.504428297,18304,2206,729
T20214,AI,2025-01-11T15:30:00.000Z,0.076014376,0.854341452,0.049327173,0.674348728,2777,4901,281
T20218,AI,2025-01-18T05:15:00.000Z,0.044744402,0.588029803,0.48316007,0.485954882,12975,2256,918
T20232,AI,2025-01-15T09:32:00.000Z,0.746191378,0.224507327,0.137444479,0.504428297,6717,29,767
T20237,AI,2025-01-09T17:15:00.000Z,0.748475616,0.39435971,0.093893799,0.253199782,9731,4853,224
T20240,Finance,2025-01-14T18:55:00.000Z,0.500796855,0.128140308,0.58587164,0.705255588,12764,82,826
T20241,Finance,2025-01-02T01:48:00.000Z,0.499702964,0.175656258,0.394390742,0.168492113,6636,4426,321
T20258,AI,2025-01-06T01:15:00.000Z,0.500796855,0.993428188,0.084985014,0.739475105,1527,3847,881
T20259,Cloud,2025-01-06T01:19:00.000Z,0.500796855,0.104670508,0.412566245,0.671818093,11615,1247,647
T20265,Sports,2025-01-01T02:09:00.000Z,0.255595972,0.895642558,0.074046911,0.504428297,4215,4120,501
T20269,Finance,2025-01-20T19:22:00.000Z,0.500796855,0.251207022,0.799734727,0.360583493,1651,3993,644
T20284,Finance,2025-01-10T03:27:00.000Z,0.500796855,0.192969719,0.812655206,0.740440399,15181,2521,743
T20288,Finance,2025-01-02T12:13:00.000Z,0.073158942,0.408865196,0.837477015,0.34463489,14808,4679,238
T20297,Cloud,2025-01-13T13:04:00.000Z,0.259157127,0.788327349,0.146049424,0.80731831,3940,409,556
T20300,Cloud,2025-01-15T14:20:00.000Z,0.500796855,0.454456847,0.459901018,0.732354696,10130,3769,544
T20315,Cloud,2025-01-09T19:45:00.000Z,0.974472066,0.841780177,0.492344545,0.265354924,7087,2056,88
T20316,Sports,2025-01-20T01:52:00.000Z,0.613297839,0.49738816,0.498944892,0.868088494,7193,3300,710
T20317,AI,2025-01-09T11:37:00.000Z,0.500796855,0.28380582,0.07303402,0.432737584,14453,3480,688
T20331,Cloud,2025-01-17T10:13:00.000Z,0.347737349,0.180589942,0.747682807,0.84472465,721,2494,235
T20335,Cloud,2025-01-15T22:30:00.000Z,0.662462863,0.484116991,0.192667335,0.772517301,13711,1399,232
T20337,Sports,2025-01-11T08:01:00.000Z,0.500796855,0.613845289,0.7149669,0.504428297,10079,3802,816
T20344,Sports,2025-01-10T12:11:00.000Z,0.500796855,0.698914354,0.349967176,0.287338909,2479,1235,501
T2035,Sports,2025-01-07T14:15:00.000Z,0.821025765,0.429292472,0.921169548,0.65096188,3206,4315,603
T20359,Finance,2025-01-19T09:53:00.000Z,0.280527386,0.957477025,0.884355369,0.894364983,9079,928,437
T20361,Sports,2025-01-13T14:33:00.000Z,0.979846148,0.129695364,0.572199576,0.762561195,17514,2494,501
T20371,Cloud,2025-01-04T12:59:00.000Z,0.500796855,0.903942554,0.955549035,0.692817096,10399,2134,478
T20383,Sports,2025-01-18T20:29:00.000Z,0.500796855,0.49738816,0.333197655,0.337960318,1219,540,884
T20387,Sports,2025-01-03T17:33:00.000Z,0.500796855,0.850132246,0.119292238,0.429119472,10951,645,341
T204,AI,2025-01-14T07:20:00.000Z,0.500796855,0.911527844,0.455397845,0.331314899,7177,4589,177
T20416,Finance,2025-01-12T20:11:00.000Z,0.131933513,0.58303894,0.048514239,0.901471177,3524,2021,642
T20425,Sports,2025-01-07T09:43:00.000Z,0.500796855,0.282534389,0.414585936,0.796232203,12491,2436,250
T20428,Sports,2025-01-21T17:17:00.000Z,0.168668515,0.528125053,0.293856623,0.696961547,894,2816,871
T2043,Sports,2025-01-17T01:44:00.000Z,0.500796855,0.379505728,0.78521251,0.015427226,19024,1025,315
T20431,Finance,2025-01-07T01:57:00.000Z,0.699830602,0.145977218,0.327865242,0.53529,4317,480,968
T20453,Cloud,2025-01-22T07:24:00.000Z,0.429769296,0.349866871,0.748491984,0.566538397,3113,2563,359
T20462,Cloud,2025-01-02T11:07:00.000Z,0.500796855,0.14045725,0.492344545,0.643641829,17558,529,553
T20505,Finance,2025-01-17T06:28:00.000Z,0.009549699,0.306191033,0.105714375,0.722731182,13596,624,895
T20530,Sports,2025-01-17T00:16:00.000Z,0.500796855,0.721267572,0.771825382,0.504428297,13161,3031,763
T20533,Finance,2025-01-09T16:15:00.000Z,0.500796855,0.603317385,0.702560719,0.57445666,9038,2060,683
T20554,Sports,2025-01-03T13:18:00.000Z,0.500796855,0.49738816,0.013264853,0.513877414,3679,1349,10
T20565,AI,2025-01-12T14:32:00.000Z,0.500796855,0.151654161,0.396453366,0.034430507,1335,3056,138
T20569,Sports,2025-01-23T08:08:00.000Z,0.922759242,0.662869155,0.642314253,0.504428297,4660,4682,950
T2057,AI,2025-01-11T17:15:00.000Z,0.837175654,0.49738816,0.942301956,0.701314191,18985,1954,341
T20571,Finance,2025-01-01T09:17:00.000Z,0.504822793,0.928648223,0.629480941,0.407601611,17141,3384,687
T20584,Sports,2025-01-09T10:02:00.000Z,0.500796855,0.667706948,0.643532922,0.79210906,5551,2045,170
T20593,Sports,2025-01-22T15:46:00.000Z,0.127311565,0.017544,0.725382929,0.106242611,9093,1902,995
T20603,Cloud,2025-01-06T18:21:00.000Z,0.500796855,0.893768992,0.888618548,0.094376197,10130,3721,823
T20622,Sports,2025-01-06T08:14:00.000Z,0.124357994,0.184170976,0.456605937,0.404418054,1861,678,37
T20628,Cloud,2025-01-19T02:15:00.000Z,0.500796855,0.823650566,0.828408439,0.796179672,7089,3726,979
T20637,Sports,2025-01-22T12:54:00.000Z,0.500796855,0.75385278,0.492344545,0.59670537,9942,4216,71
T20640,Cloud,2025-01-01T21:51:00.000Z,0.500796855,0.965231429,0.385901604,0.254452682,827,2140,285
T20641,Sports,2025-01-10T00:15:00.000Z,0.500796855,0.497504033,0.573821824,0.451197093,3995,4043,35
T20645,AI,2025-01-02T21:14:00.000Z,0.500796855,0.316283895,0.072214866,0.631898372,18284,4592,998
T20650,Cloud,2025-01-07T22:55:00.000Z,0.749108879,0.30754753,0.386262049,0.636862071,19009,4270,776
T20657,Sports,2025-01-08T03:22:00.000Z,0.500796855,0.18123187,0.503147465,0.903230056,16428,2720,448
T20660,Finance,2025-01-04T20:09:00.000Z,0.544979425,0.9732986,0.964271439,0.316868327,978,2020,858
T20683,Sports,2025-01-06T21:05:00.000Z,0.500796855,0.755809195,0.412034938,0.447537376,13257,4754,383
T20684,Sports,2025-01-04T21:34:00.000Z,0.950501267,0.312186288,0.708946328,0.791679809,5407,3527,501
T20695,Cloud,2025-01-03T17:52:00.000Z,0.127296112,0.585773346,0.941200148,0.763457976,16549,2064,689
T20699,Cloud,2025-01-20T19:57:00.000Z,0.345005755,0.575815164,0.186879578,0.566757223,2667,1105,440
T20703,Sports,2025-01-06T09:24:00.000Z,0.991870563,0.175322367,0.858486931,0.609475595,17450,2711,991
T20714,Cloud,2025-01-07T07:56:00.000Z,0.457147461,0.256278819,0.492344545,0.156649084,13166,2802,176
T20742,Cloud,2025-01-09T10:18:00.000Z,0.500796855,0.140842454,0.585714269,0.025487769,2437,279,393
T20756,AI,2025-01-19T10:23:00.000Z,0.500796855,0.293952603,0.932278065,0.734573538,5245,4996,907
T20764,Finance,2025-01-20T20:43:00.000Z,0.500796855,0.278209338,0.222616214,0.585450918,7545,2494,959
T20765,Finance,2025-01-23T10:25:00.000Z,0.500796855,0.517056526,0.831562441,0.936816814,17878,2979,23
T20773,Finance,2025-01-11T11:30:00.000Z,0.500796855,0.729308776,0.022064171,0.872837698,3976,3207,715
T20776,AI,2025-01-10T05:37:00.000Z,0.689341974,0.148276013,0.738817355,0.108538278,1968,708,104
T20779,Finance,2025-01-06T02:55:00.000Z,0.500796855,0.667718135,0.116748145,0.664759089,4801,1578,733
T20797,AI,2025-01-20T09:25:00.000Z,0.454425278,0.49738816,0.511844946,0.594820617,4142,87,580
T20803,AI,2025-01-20T02:02:00.000Z,0.489226828,0.440033945,0.373100031,0.669010936,814,4322,155
T20804,Cloud,2025-01-20T15:44:00.000Z,0.500796855,0.49738816,0.972316325,0.417092686,4069,582,853
T20807,Finance,2025-01-20T02:14:00.000Z,0.500796855,0.072706051,0.814454419,0.722016277,10130,3799,24
T2081,Sports,2025-01-04T14:33:00.000Z,0.500796855,0.570225395,0.451584401,0.852578752,17064,4464,491
T20836,Cloud,2025-01-14T12:06:00.000Z,0.89789628,0.433564589,0.991113566,0.028844735,19605,2978,17
T20842,Sports,2025-01-18T13:55:00.000Z,0.500796855,0.240687477,0.002523269,0.196754386,8851,3996,375
T20861,Cloud,2025-01-01T20:58:00.000Z,0.599181325,0.956055177,0.902201178,0.01888898,16816,1803,607
T20866,Sports,2025-01-12T14:08:00.000Z,0.961939514,0.589053481,0.645464994,0.335952554,14746,1959,749
T20880,Finance,2025-01-15T22:36:00.000Z,0.468702926,0.783202007,0.039210447,0.530276357,10445,624,270
T20886,Sports,2025-01-08T05:29:00.000Z,0.500796855,0.223244212,0.321644975,0.872731388,2625,2494,552
T2090,AI,2025-01-14T15:43:00.000Z,0.168685296,0.48984805,0.480707496,0.504428297,10130,1793,580
T2091,Sports,2025-01-17T08:31:00.000Z,0.500796855,0.756374468,0.181013686,0.369338621,4742,3260,794
T20929,Sports,2025-01-03T07:45:00.000Z,0.968554803,0.208502639,0.492344545,0.78420551,14696,4649,15
T20936,Finance,2025-01-10T20:28:00.000Z,0.500796855,0.911285406,0.088554941,0.485727479,5380,3870,611
T20942,AI,2025-01-12T00:05:00.000Z,0.396702435,0.066467861,0.897743699,0.504428297,811,678,664
T20951,AI,2025-01-20T18:41:00.000Z,0.500796855,0.156962087,0.326707865,0.476779747,1829,3486,991
T20959,Sports,2025-01-08T20:38:00.000Z,0.500796855,0.099678965,0.544491242,0.603293652,16276,2494,847
T20965,Cloud,2025-01-01T02:06:00.000Z,0.788888338,0.569212069,0.385990846,0.647022875,17492,4102,501
T20967,Sports,2025-01-13T16:50:00.000Z,0.868960688,0.349477435,0.903838423,0.397838444,17937,3694,365
T20972,Sports,2025-01-13T02:33:00.000Z,0.500796855,0.12870913,0.820324337,0.707748735,3209,3139,714
T20981,Sports,2025-01-22T04:26:00.000Z,0.775091148,0.90638447,0.374030997,0.649750466,6930,1693,627
T20982,Cloud,2025-01-07T19:18:00.000Z,0.500796855,0.138494892,0.412007944,0.204876258,1154,1493,382
T20983,Sports,2025-01-13T17:44:00.000Z,0.500796855,0.711617677,0.013500924,0.504428297,17203,1462,281
T20985,AI,2025-01-09T21:26:00.000Z,0.549648337,0.49738816,0.647874949,0.883368769,11419,3263,30
T20990,Sports,2025-01-10T09:07:00.000Z,0.500796855,0.120799502,0.500922351,0.376659488,10044,2213,302
T20996,Finance,2025-01-17T02:51:00.000Z,0.500796855,0.160055352,0.370670087,0.174331352,15927,1453,722
T21010,Finance,2025-01-07T00:14:00.000Z,0.840263352,0.642269954,0.942097276,0.709553475,11814,1588,484
T21018,AI,2025-01-06T03:05:00.000Z,0.500796855,0.391386755,0.879313928,0.775703815,3560,1921,758
T21020,Finance,2025-01-01T04:51:00.000Z,0.16784913,0.145077389,0.615595746,0.772781466,15156,2494,516
T21022,Finance,2025-01-04T05:37:00.000Z,0.236107547,0.88655468,0.165719014,0.924916434,6263,1324,501
T21026,Sports,2025-01-06T03:27:00.000Z,0.263789228,0.097224388,0.492344545,0.358678538,2307,4560,297
T21028,Finance,2025-01-14T16:36:00.000Z,0.009632261,0.566507862,0.170062253,0.272199791,11249,1169,289
T21044,Cloud,2025-01-22T12:49:00.000Z,0.724828258,0.788079887,0.2887034,0.230761207,12567,4017,398
T2105,Finance,2025-01-03T15:55:00.000Z,0.547795754,0.725621266,0.76627331,0.632742478,19139,292,498
T21056,AI,2025-01-05T11:14:00.000Z,0.007789676,0.546758589,0.107669205,0.535968348,8166,1193,428
T21066,AI,2025-01-16T23:05:00.000Z,0.500796855,0.329299372,0.307750182,0.504428297,3230,795,548
T21068,Finance,2025-01-06T21:27:00.000Z,0.174913574,0.211896838,0.916462031,0.504428297,4356,665,278
T21087,Finance,2025-01-22T07:58:00.000Z,0.213758235,0.605685007,2.86E-04,0.559409322,1219,759,736
T21091,Cloud,2025-01-16T01:42:00.000Z,0.500796855,0.361652982,0.073071935,0.955881711,19075,212,730
T21097,Finance,2025-01-18T18:24:00.000Z,0.929567689,0.394113734,0.486474849,0.568351855,1229,4759,277
T21099,Sports,2025-01-16T19:59:00.000Z,0.294513808,0.002103307,0.186570594,0.457330593,1449,4911,801
T21124,Finance,2025-01-07T19:41:00.000Z,0.18340342,0.894921047,0.653498512,0.917612171,10516,3641,323
T21163,AI,2025-01-21T13:02:00.000Z,0.920412245,0.997197401,0.792442006,0.482729884,15289,3298,145
T21169,Sports,2025-01-08T10:32:00.000Z,0.500796855,0.318940044,0.558568174,0.117912717,15372,1455,879
T2117,AI,2025-01-18T22:43:00.000Z,0.500796855,0.204263746,0.471950969,0.531198302,9457,1187,767
T21192,AI,2025-01-10T00:01:00.000Z,0.434522303,0.49738816,0.041865667,0.713445596,19124,4546,294
T21211,AI,2025-01-15T06:47:00.000Z,0.500796855,0.56565891,0.737219177,0.421123911,12580,3677,781
T21214,Cloud,2025-01-12T01:12:00.000Z,0.500796855,0.917419687,0.100530525,0.934307628,14454,3875,201
T21225,Cloud,2025-01-10T16:03:00.000Z,0.500796855,0.529289707,0.679198387,0.095258642,4513,1172,731
T21229,AI,2025-01-22T03:06:00.000Z,0.09605522,0.280651257,0.492344545,0.217575472,1854,1798,643
T21236,AI,2025-01-17T16:07:00.000Z,0.276838374,0.609231621,0.579046966,0.375787844,3796,79,433
T21237,Finance,2025-01-23T06:40:00.000Z,0.597881264,0.804190465,0.492344545,0.826356545,10870,1213,564
T21269,Cloud,2025-01-12T12:25:00.000Z,0.971929713,0.163449575,0.55911071,0.584900298,16865,2499,189
T2127,Finance,2025-01-12T00:35:00.000Z,0.500796855,0.190791016,0.132422809,0.070370432,13438,4471,223
T21271,Sports,2025-01-09T03:09:00.000Z,0.595820761,0.155425937,0.518130917,0.715914559,11657,2494,565
T21274,Finance,2025-01-04T05:11:00.000Z,0.731741281,0.151821088,0.249169876,0.87271131,10932,4172,997
T21279,Finance,2025-01-04T05:37:00.000Z,0.500796855,0.263185321,0.453516718,0.186870491,9263,2553,622
T21303,Sports,2025-01-23T01:37:00.000Z,0.753068814,0.214825731,0.170119354,0.893412166,15190,347,266
T21310,Finance,2025-01-08T20:42:00.000Z,0.500796855,0.457986457,0.983602097,0.467717804,8317,2494,375
T21318,Sports,2025-01-06T05:50:00.000Z,0.500796855,0.704678785,0.77816769,0.773569904,13579,95,28
T21327,Cloud,2025-01-17T20:18:00.000Z,0.500796855,0.655409366,0.202976715,0.138058596,10135,3876,114
T21330,Sports,2025-01-12T06:49:00.000Z,0.500796855,0.960880392,0.33930764,0.306107169,1469,69,501
T2134,Cloud,2025-01-06T16:19:00.000Z,0.500796855,0.540121192,0.724241574,0.717506966,10509,1536,764
T21372,Finance,2025-01-12T11:29:00.000Z,0.95138013,0.961959207,0.51420464,0.205906192,9656,4907,378
T21375,AI,2025-01-04T20:39:00.000Z,0.548874166,0.27419935,0.963346083,0.280540438,18003,1359,975
T21377,Cloud,2025-01-12T00:42:00.000Z,0.500796855,0.827795175,0.451623179,0.08226549,43,2494,1
T2138,Sports,2025-01-22T20:42:00.000Z,0.828060229,0.259593469,0.274655998,0.712245943,8650,389,795
T21385,Sports,2025-01-12T11:50:00.000Z,0.500796855,0.00236362,0.492344545,0.300443469,15639,3991,310
T21389,Sports,2025-01-18T09:25:00.000Z,0.500796855,0.151329607,0.868027129,0.688590343,6654,1588,481
T21424,Finance,2025-01-21T04:18:00.000Z,0.500796855,0.268819658,0.309134583,0.38692427,17344,1557,700
T21428,Sports,2025-01-23T05:00:00.000Z,0.373453126,0.227637693,0.470216208,0.121965607,15176,2695,436
T21435,Finance,2025-01-07T10:40:00.000Z,0.500796855,0.168728996,0.536140254,0.369483786,3308,3744,817
T21446,AI,2025-01-16T02:31:00.000Z,0.500796855,0.838277347,0.003450663,0.729811377,12369,2494,920
T21460,Sports,2025-01-23T14:12:00.000Z,0.500796855,0.49738816,0.920957956,0.10519879,11062,4673,428
T21474,Finance,2025-01-08T23:56:00.000Z,0.924090776,0.38803251,0.492344545,0.582601086,14783,502,656
T21475,Finance,2025-01-03T20:52:00.000Z,0.500796855,0.535482422,0.045905562,0.504428297,6561,1526,76
T21480,AI,2025-01-22T19:38:00.000Z,0.590487168,0.601047185,0.967714173,0.952569704,8960,341,866
T21483,Cloud,2025-01-19T03:51:00.000Z,0.30625814,0.200610032,0.346592613,0.996546907,7042,4881,380
T21495,Finance,2025-01-08T20:27:00.000Z,0.440990249,0.944987518,0.541170821,0.549027785,16232,4551,517
T21508,Finance,2025-01-13T14:55:00.000Z,0.799757226,0.695765079,0.616547112,0.736946144,10130,1261,242
T21511,Sports,2025-01-23T03:34:00.000Z,0.500796855,0.243221868,0.052237502,0.551612705,19834,420,254
T21530,AI,2025-01-17T18:01:00.000Z,0.568337542,0.49738816,0.298363782,0.734402723,6666,1021,691
T21554,Sports,2025-01-23T03:23:00.000Z,0.500796855,0.156349851,0.470302487,0.178426025,6584,1855,91
T21555,Finance,2025-01-23T23:04:00.000Z,0.124276431,0.971903196,0.445143188,0.322367989,6639,4433,630
T21559,Sports,2025-01-16T16:21:00.000Z,0.610055234,0.20180914,0.677906155,0.62253314,14779,44,501
T21567,AI,2025-01-09T01:03:00.000Z,0.655380737,0.282765534,0.329936852,0.200108473,2696,410,766
T21572,Finance,2025-01-01T16:00:00.000Z,0.500796855,0.084048638,0.199286734,0.772745937,1110,3703,156
T21578,Finance,2025-01-09T23:44:00.000Z,0.789171083,0.859845954,0.738895353,0.908067737,7152,3075,501
T21580,Sports,2025-01-13T19:17:00.000Z,0.500796855,0.630339802,0.610302505,0.903307018,11770,1289,85
T21585,Cloud,2025-01-05T03:23:00.000Z,0.700733371,0.925570401,0.436044569,0.054960748,4583,1583,565
T21586,AI,2025-01-20T07:20:00.000Z,0.500796855,0.315074917,0.492344545,0.986294456,125,577,745
T21590,Sports,2025-01-10T21:19:00.000Z,0.127347852,0.105164788,0.612383361,0.404001145,3484,4806,932
T2161,AI,2025-01-05T05:29:00.000Z,0.500796855,0.519820983,0.492344545,0.345078477,10130,2494,615
T21615,Sports,2025-01-08T19:41:00.000Z,0.499082727,0.66081832,0.271006025,0.082940234,16930,3363,764
T21621,Cloud,2025-01-19T04:59:00.000Z,0.672063915,0.786493639,0.671207582,0.895199974,1045,1353,37
T21624,Sports,2025-01-06T03:38:00.000Z,0.500796855,0.394891813,0.329559382,0.799974134,18365,4538,501
T21634,Finance,2025-01-17T18:37:00.000Z,0.500796855,0.141656673,0.194773241,0.05677972,4830,1474,285
T21637,Cloud,2025-01-18T03:05:00.000Z,0.500796855,0.607055937,0.489394132,0.504428297,8855,3075,923
T21640,Cloud,2025-01-07T13:38:00.000Z,0.500796855,0.57710826,0.350816315,0.658347185,8693,2720,410
T21649,Cloud,2025-01-06T13:38:00.000Z,0.28318145,0.488161506,0.607572531,0.728052342,14209,2913,814
T21656,Finance,2025-01-20T04:57:00.000Z,0.500796855,0.707756607,0.492344545,0.504428297,8033,2787,960
T21681,Cloud,2025-01-13T20:03:00.000Z,0.983420723,0.208311619,0.712278128,0.40122248,14309,3435,578
T21683,Cloud,2025-01-12T13:13:00.000Z,0.500796855,0.283791402,0.469410583,0.935374867,14985,1111,111
T21693,Sports,2025-01-18T01:56:00.000Z,0.500796855,0.531368558,0.959515672,0.739560322,9477,3013,651
T21703,Sports,2025-01-01T23:18:00.000Z,0.838276361,0.844783682,0.051089354,0.503853108,2416,83,672
T21729,Finance,2025-01-04T17:58:00.000Z,0.500796855,0.591856333,0.474001007,0.515712901,13271,1232,977
T21732,AI,2025-01-02T13:56:00.000Z,0.500796855,0.433578267,0.869602541,0.156417989,17338,4317,420
T2174,Finance,2025-01-23T07:17:00.000Z,0.452023276,0.123047386,0.81344398,0.074230969,15514,2149,835
T21779,Finance,2025-01-03T05:19:00.000Z,0.500796855,0.159239676,0.315716597,0.637105318,9583,3395,455
T2179,Sports,2025-01-15T06:10:00.000Z,0.500796855,0.230677093,0.525317457,0.16704112,18995,2302,195
T21793,AI,2025-01-10T10:40:00.000Z,0.500796855,0.49738816,0.388205479,0.900689972,5713,2738,166
T21799,AI,2025-01-12T04:05:00.000Z,0.500796855,0.485487423,0.671898977,0.426324577,12656,3213,958
T21804,AI,2025-01-23T18:52:00.000Z,0.500796855,0.965673979,0.492344545,0.197877968,17228,728,717
T2182,Cloud,2025-01-15T17:03:00.000Z,0.894184018,0.690152798,0.690464325,0.434435209,13874,2915,542
T21827,Cloud,2025-01-01T16:43:00.000Z,0.500796855,0.12098781,0.176349522,0.207852632,13024,2101,421
T21829,AI,2025-01-20T21:29:00.000Z,0.929018524,0.695568369,0.492344545,0.224639906,14337,3087,984
T21843,Sports,2025-01-13T14:43:00.000Z,0.500796855,0.051174057,0.159543418,0.671276216,12968,1045,861
T21846,Finance,2025-01-11T10:25:00.000Z,0.500796855,0.846566711,0.297229378,0.341147505,3999,1733,123
T21848,Finance,2025-01-03T23:42:00.000Z,0.500796855,0.389652027,0.464399711,0.018363778,12882,3799,535
T21864,Cloud,2025-01-01T08:39:00.000Z,0.500796855,0.572169339,0.283163854,0.271334662,12805,2459,957
T21867,AI,2025-01-12T07:07:00.000Z,0.500796855,0.206224747,0.443062695,0.597271556,9111,3093,914
T21869,AI,2025-01-01T11:57:00.000Z,0.463441173,0.592644922,0.358112828,0.071083236,3802,1298,332
T2188,AI,2025-01-22T19:06:00.000Z,0.458484802,0.210527619,0.429145021,0.504428297,18089,3208,98
T21897,AI,2025-01-17T02:21:00.000Z,0.500796855,0.479246833,0.174680948,0.369692443,10557,2367,127
T21910,AI,2025-01-19T20:18:00.000Z,0.500796855,0.365609755,0.860321936,0.94834786,8508,3125,700
T21938,Finance,2025-01-03T17:08:00.000Z,0.718120106,0.482102518,0.130948775,0.33428884,1200,2197,935
T21942,AI,2025-01-05T22:25:00.000Z,0.500796855,0.13708514,0.077938375,0.275173375,17451,4722,884
T21960,Finance,2025-01-04T11:01:00.000Z,0.500796855,0.639565433,0.068392593,0.895861722,7875,1131,401
T21978,Sports,2025-01-15T20:53:00.000Z,0.500796855,0.065745414,0.867075047,0.681083861,16399,3269,870
T21979,Sports,2025-01-20T23:00:00.000Z,0.458264892,0.028177925,0.507839589,0.531636896,10286,54,501
T21999,Sports,2025-01-07T12:01:00.000Z,0.500796855,0.616846955,0.407025549,0.117110352,12531,1956,334
T22000,Finance,2025-01-08T15:27:00.000Z,0.500796855,0.360181559,0.492344545,0.557001421,11527,4897,329
T22009,Finance,2025-01-02T15:34:00.000Z,0.500796855,0.13809968,0.52626401,0.875643826,3247,1280,538
T22022,AI,2025-01-11T16:09:00.000Z,0.859349444,0.820941318,0.007252008,0.504428297,9290,3101,698
T22030,Finance,2025-01-19T16:52:00.000Z,0.500796855,0.748171237,0.679262362,0.522192122,3943,4456,346
T22043,AI,2025-01-22T00:20:00.000Z,0.664665761,0.542503419,0.347993627,0.346066043,12354,2494,742
T22044,Sports,2025-01-01T12:18:00.000Z,0.500796855,0.669710381,0.272845101,0.358331534,10625,4540,858
T22055,Finance,2025-01-12T23:11:00.000Z,0.02825492,0.496583521,0.89929602,0.675976094,10208,2494,378
T22063,Finance,2025-01-05T14:36:00.000Z,0.500796855,0.20886739,0.625543411,0.660699849,16549,1820,968
T22065,Finance,2025-01-21T01:41:00.000Z,0.500796855,0.919783883,0.727485933,0.21157525,8474,789,536
T22078,AI,2025-01-15T08:35:00.000Z,0.500796855,0.269393367,0.071947503,0.137697543,1801,1072,609
T22087,Cloud,2025-01-19T04:37:00.000Z,0.023353779,0.753152852,0.237424302,0.449443958,15090,2346,558
T22098,AI,2025-01-16T12:11:00.000Z,0.850406798,0.68412806,0.346208222,0.007442225,7730,4094,422
T22133,Finance,2025-01-14T02:58:00.000Z,0.500796855,0.780437653,0.509290186,0.679429521,9305,2077,435
T22143,Cloud,2025-01-13T20:51:00.000Z,0.500796855,0.440462771,0.529416162,0.554841959,15541,994,849
T2215,Sports,2025-01-02T23:34:00.000Z,0.551670149,0.405335591,0.169833607,0.906375966,9200,4920,476
T22161,Finance,2025-01-21T13:35:00.000Z,0.500796855,0.046292786,0.995455482,0.82854298,17239,599,737
T22164,Finance,2025-01-08T02:23:00.000Z,0.781203788,0.241706139,0.137179636,0.119068546,3101,3088,51
T22165,Finance,2025-01-15T22:58:00.000Z,0.414477068,0.823106562,0.5019792,0.478376059,8487,2614,688
T22173,AI,2025-01-14T00:44:00.000Z,0.500796855,0.528734497,0.242629283,0.610978498,1053,4562,204
T222,Finance,2025-01-05T06:35:00.000Z,0.445215183,0.936325748,0.492344545,0.836952995,13139,3758,251
T22205,Cloud,2025-01-23T11:59:00.000Z,0.500796855,0.427713466,0.553349171,0.984961199,7815,363,688
T22214,Sports,2025-01-09T04:43:00.000Z,0.500796855,0.240455117,0.346348524,0.158996267,11882,3357,754
T22219,AI,2025-01-08T21:31:00.000Z,0.61616873,0.865246346,0.718028906,0.89805526,15774,2494,255
T2222,Cloud,2025-01-10T00:11:00.000Z,0.500796855,0.330895564,0.492344545,0.126586521,19216,1145,969
T22228,Sports,2025-01-06T22:58:00.000Z,0.365157624,0.851069588,0.269807503,0.806237028,9238,223,17
T2223,AI,2025-01-04T23:51:00.000Z,0.078786782,0.79131651,0.249985013,0.735147721,14496,3459,471
T22232,Cloud,2025-01-23T11:18:00.000Z,0.500796855,0.184504645,0.55754428,0.421053933,11761,3613,602
T22251,Cloud,2025-01-09T23:27:00.000Z,0.890378738,0.262586507,0.765872912,0.659822707,13230,1133,716
T22267,Finance,2025-01-21T22:02:00.000Z,0.500796855,0.718647297,0.950993653,0.513014558,18765,1975,152
T22275,Sports,2025-01-11T06:18:00.000Z,0.500796855,0.925997245,0.915156962,0.024463843,14203,3302,536
T22289,AI,2025-01-18T22:50:00.000Z,0.500796855,0.263256433,0.599910938,0.859277891,5559,2379,602
T22298,AI,2025-01-13T16:57:00.000Z,0.313699599,0.49738816,0.037579817,0.748807117,11643,2494,563
T22318,Finance,2025-01-01T08:35:00.000Z,0.069297849,0.474992998,0.73770496,0.586871798,14554,2574,802
T2233,Sports,2025-01-03T18:02:00.000Z,0.125257945,0.276371698,0.456371164,0.504428297,2196,4898,720
T22332,Cloud,2025-01-03T13:44:00.000Z,0.464703767,0.654998671,0.90149396,0.689569397,238,3319,966
T22344,Sports,2025-01-18T20:52:00.000Z,0.500796855,0.817661723,0.096589955,0.01394296,3006,3752,707
T22364,Sports,2025-01-22T12:21:00.000Z,0.500796855,0.18115492,0.773438174,0.504428297,10130,4419,230
T22366,Cloud,2025-01-12T22:47:00.000Z,0.500796855,0.090647048,0.231933357,0.095582489,16860,3208,68
T22377,Finance,2025-01-13T21:50:00.000Z,0.621332998,0.5560466,0.966699005,0.30481666,19725,3598,531
T22380,Sports,2025-01-15T05:27:00.000Z,0.500796855,0.812840698,0.29804276,0.964636953,3135,3035,519
T22391,AI,2025-01-16T22:30:00.000Z,0.500796855,0.451736183,0.9070267,0.588486915,5465,2456,339
T22395,Finance,2025-01-07T17:56:00.000Z,0.65630426,0.328487572,0.769863903,0.788579145,4399,1292,262
T22398,Cloud,2025-01-01T06:45:00.000Z,0.500796855,0.405394641,0.843702421,0.281318565,3994,3014,618
T22399,AI,2025-01-15T03:33:00.000Z,0.500796855,0.042353306,0.176215022,0.450306629,11285,3951,387
T224,AI,2025-01-07T12:10:00.000Z,0.500796855,0.730523775,0.615097509,0.733031175,13469,2129,964
T22404,AI,2025-01-03T06:00:00.000Z,0.072156536,0.912136597,0.653032219,0.676211496,6881,1550,79
T22419,AI,2025-01-01T20:12:00.000Z,0.491344314,0.118170597,0.001174961,0.943714454,10883,997,940
T22433,Sports,2025-01-19T06:20:00.000Z,0.500796855,0.405726053,0.101904341,0.126229603,7492,4981,190
T22445,AI,2025-01-11T14:48:00.000Z,0.500796855,0.682437051,0.122240066,0.691556243,9134,722,431
T22452,Finance,2025-01-05T22:48:00.000Z,0.500796855,0.325178183,0.473942778,0.522399939,5434,1008,898
T22454,Cloud,2025-01-02T00:49:00.000Z,0.346628218,0.254253945,0.337900939,0.190591736,19834,4557,712
T22458,Finance,2025-01-22T17:35:00.000Z,0.500796855,0.630992828,0.211797814,0.054469371,18863,2002,867
T22478,Cloud,2025-01-04T03:05:00.000Z,0.331775612,0.593422298,0.944816753,0.697639655,1159,938,557
T22491,Cloud,2025-01-07T21:06:00.000Z,0.500796855,0.859676441,0.102442182,0.408930722,3602,673,501
T22508,Sports,2025-01-11T03:42:00.000Z,0.229540159,0.189725515,0.202750251,0.354894939,18564,2105,61
T2252,Sports,2025-01-01T12:43:00.000Z,0.78338612,0.253098141,0.596094551,0.645592949,5231,2494,175
T22526,Finance,2025-01-20T02:05:00.000Z,0.500796855,0.776406124,0.211858137,0.156278336,5065,2628,898
T22534,AI,2025-01-04T15:21:00.000Z,0.500796855,0.183468125,0.663422149,0.020582363,9886,1944,500
T22565,AI,2025-01-06T16:18:00.000Z,0.500796855,0.193590001,0.698730099,0.428159009,17169,2370,904
T2259,AI,2025-01-08T18:13:00.000Z,0.500796855,0.574918152,0.800067967,0.159132578,5650,4628,156
T22591,Cloud,2025-01-16T00:48:00.000Z,0.500796855,0.818358337,0.624588529,0.041039266,8022,1556,363
T22620,AI,2025-01-08T12:18:00.000Z,0.235211427,0.872381681,0.682332738,0.593682327,14526,2494,245
T22640,Cloud,2025-01-06T05:29:00.000Z,0.746616396,0.139066554,0.611563614,0.488006254,17896,1996,151
T22645,Cloud,2025-01-18T17:11:00.000Z,0.506985409,0.107865098,0.139745751,0.537414829,9095,3437,579
T22647,Sports,2025-01-15T06:34:00.000Z,0.500796855,0.773725827,0.082552543,0.127504785,11445,1222,978
T22650,Finance,2025-01-07T09:16:00.000Z,0.500796855,0.263195701,0.817641231,0.078550677,5613,2494,487
T22661,AI,2025-01-13T18:00:00.000Z,0.844329093,0.943846743,0.098540138,0.58921406,19276,2718,672
T22666,AI,2025-01-21T18:15:00.000Z,0.500796855,0.164968051,0.855794953,0.654821905,15036,4261,880
T22674,Finance,2025-01-23T10:00:00.000Z,0.541957781,0.383323731,0.354134492,0.302317337,94,1387,342
T22679,Sports,2025-01-14T12:38:00.000Z,0.069198467,0.479552494,0.296688855,0.896775622,12689,3300,447
T22694,Cloud,2025-01-02T12:40:00.000Z,0.729395756,0.841847672,0.564913785,0.051799514,16128,4460,324
T2270,Finance,2025-01-14T09:48:00.000Z,0.500796855,0.523675832,0.960303168,0.749806123,16559,2364,458
T22707,AI,2025-01-09T14:17:00.000Z,0.500796855,0.966024023,0.266996963,0.016837862,5422,3127,19
T22726,Sports,2025-01-03T04:51:00.000Z,0.614048981,0.715916005,0.328977465,0.366288052,12025,2974,815
T22731,AI,2025-01-03T07:50:00.000Z,0.500796855,0.204435241,0.799478455,0.404705933,17143,1456,72
T22737,Cloud,2025-01-18T10:32:00.000Z,0.500796855,0.726561173,0.287606186,0.082586888,11055,4210,20
T22745,Sports,2025-01-22T20:18:00.000Z,0.267322245,0.49738816,0.710809381,0.321141762,5528,1764,243
T22748,Finance,2025-01-02T00:26:00.000Z,0.479859778,0.267858433,0.151555806,0.403664343,11465,1531,35
T22752,Finance,2025-01-10T08:26:00.000Z,0.500796855,0.724181049,0.492344545,0.048546647,19306,2401,88
T22756,Finance,2025-01-21T19:39:00.000Z,0.890559358,0.49738816,0.534273472,0.968058266,96,3538,785
T22763,Sports,2025-01-20T23:09:00.000Z,0.184465359,0.190631404,0.271504922,0.212537131,2985,4804,157
T22764,Finance,2025-01-01T17:39:00.000Z,0.500796855,0.737245211,0.235560425,0.499542401,11609,1281,247
T22775,Sports,2025-01-15T10:14:00.000Z,0.500796855,0.49738816,0.104561923,0.699484351,9637,2734,572
T22780,Finance,2025-01-17T08:03:00.000Z,0.500796855,0.548729151,0.492344545,0.326692384,1021,947,649
T22782,AI,2025-01-01T17:21:00.000Z,0.07552813,0.317650927,0.151786062,0.300503869,19898,1792,217
T22785,Cloud,2025-01-04T02:10:00.000Z,0.500796855,0.964311997,0.882933228,0.932257206,9529,4500,92
T22802,Cloud,2025-01-18T07:12:00.000Z,0.500796855,0.171134543,0.213124868,0.241703284,16610,3296,731
T22837,Sports,2025-01-14T06:52:00.000Z,0.736566059,0.908199198,0.967801373,0.121320628,4365,2419,138
T22848,Finance,2025-01-22T23:41:00.000Z,0.650369095,0.323311505,0.581939213,0.268515351,2772,2846,6
T22856,Finance,2025-01-05T09:00:00.000Z,0.500796855,0.964380007,0.553401194,0.369410603,11723,2158,551
T22863,Cloud,2025-01-21T03:57:00.000Z,0.860764159,0.622839503,0.138965689,0.113896515,10130,1768,501
T22874,AI,2025-01-07T18:56:00.000Z,0.500796855,0.88892153,0.677358359,0.675964556,9233,2904,910
T22889,Cloud,2025-01-09T04:13:00.000Z,0.464094756,0.806145348,0.015778296,0.440909198,14644,339,418
T22891,AI,2025-01-19T12:20:00.000Z,0.340491289,0.196819012,0.580640938,0.950354208,4351,4589,543
T22904,Cloud,2025-01-19T11:28:00.000Z,0.9659303,0.450907106,0.955127845,0.458032565,3525,1259,662
T22906,AI,2025-01-04T03:10:00.000Z,0.937480954,0.016534613,0.290033752,0.840692606,16883,2683,383
T22908,Sports,2025-01-22T21:56:00.000Z,0.015865391,0.766458406,0.279064521,0.90723613,10556,4950,873
T22922,Sports,2025-01-09T07:16:00.000Z,0.305088675,0.93804462,0.052531035,0.518615929,10130,4475,797
T22925,Sports,2025-01-07T14:30:00.000Z,0.500796855,0.033559304,0.046496366,0.002500076,746,1875,660
T22928,Finance,2025-01-12T06:28:00.000Z,0.500796855,0.822840071,0.708929659,0.139989167,1833,2794,480
T22931,Cloud,2025-01-13T22:04:00.000Z,0.057293276,0.434970568,0.898857223,0.323312234,11714,3184,154
T22935,Cloud,2025-01-15T12:19:00.000Z,0.500796855,0.935978542,0.612764306,0.617208318,597,2494,769
T22936,Finance,2025-01-22T07:07:00.000Z,0.500796855,0.359726618,0.492344545,0.872224749,15369,4177,908
T22940,Sports,2025-01-09T22:37:00.000Z,0.500796855,0.217003256,0.143554943,0.470136059,16921,2926,586
T22946,Sports,2025-01-03T10:53:00.000Z,0.102465708,0.698683747,0.60462242,0.325247158,2956,4376,534
T22950,Sports,2025-01-20T11:06:00.000Z,0.500796855,0.961866685,0.217299164,0.729501767,681,1462,272
T22952,Finance,2025-01-16T03:41:00.000Z,0.388890666,0.721072984,0.521851964,0.34212311,4314,2884,826
T22953,Finance,2025-01-08T22:14:00.000Z,0.959591211,0.360529632,0.665233849,0.528809224,10120,2966,764
T22957,Sports,2025-01-01T14:46:00.000Z,0.712987268,0.136592839,0.175012063,0.359541876,1279,785,548
T2296,AI,2025-01-03T09:15:00.000Z,0.500796855,0.478865127,0.358405377,0.504428297,19075,2952,340
T22966,Finance,2025-01-06T17:25:00.000Z,0.892726906,0.031305174,0.036866496,0.504428297,10130,3071,155
T23005,Finance,2025-01-07T01:51:00.000Z,0.534231569,0.286105354,0.985348896,0.952552024,16164,2974,501
T23027,AI,2025-01-10T21:08:00.000Z,0.500796855,0.072868343,0.694228392,0.504428297,10130,1425,628
T2303,AI,2025-01-09T15:27:00.000Z,0.406843962,0.761247659,0.236772705,0.82380677,18655,1824,12
T23031,AI,2025-01-09T13:50:00.000Z,0.500796855,0.72886908,0.168089845,0.153279179,1278,1717,695
T23037,AI,2025-01-16T16:56:00.000Z,0.500796855,0.321220786,0.792535537,0.963149727,15387,4177,213
T23038,Cloud,2025-01-23T12:22:00.000Z,0.500796855,0.559056619,0.890276527,0.946242667,7492,455,744
T2305,Sports,2025-01-11T10:59:00.000Z,0.325604859,0.006906373,0.79986426,0.067060955,9468,3453,887
T23058,Finance,2025-01-09T19:58:00.000Z,0.528625521,0.916625152,0.734918714,0.727009533,896,91,751
T23070,Finance,2025-01-23T20:25:00.000Z,0.500796855,0.334729841,0.120470416,0.444758465,16850,2059,675
T23072,Sports,2025-01-18T00:50:00.000Z,0.500796855,0.36835413,0.182288488,0.48487858,1159,2342,487
T23094,Sports,2025-01-20T12:43:00.000Z,0.500796855,0.17663435,0.465709718,0.11443275,459,2494,983
T23105,Finance,2025-01-02T15:43:00.000Z,0.379266844,0.948760374,0.044347307,0.504428297,16078,1761,501
T23106,Sports,2025-01-08T19:39:00.000Z,0.390140816,0.411210691,0.713400458,0.43165219,19141,4651,501
T2311,Sports,2025-01-23T19:28:00.000Z,0.500796855,0.442111628,0.345827617,0.231419453,4613,2827,482
T23135,Finance,2025-01-01T08:31:00.000Z,0.343414551,0.49738816,0.582738675,0.565995634,1216,1025,900
T23141,Cloud,2025-01-03T15:59:00.000Z,0.261577919,0.544481836,0.752689908,0.457755106,5036,1379,349
T23144,Cloud,2025-01-01T21:24:00.000Z,0.500796855,0.219945628,0.332870123,0.187233901,18845,1992,587
T23148,Cloud,2025-01-10T20:42:00.000Z,0.34395693,0.472044985,0.671706656,0.479773613,17362,2342,414
T2316,Sports,2025-01-09T12:49:00.000Z,0.033104899,0.49738816,0.625445484,0.504428297,14267,2879,204
T23173,Sports,2025-01-02T16:19:00.000Z,0.724084695,0.446937962,0.508569268,0.03216705,6693,1700,77
T23181,Sports,2025-01-08T18:41:00.000Z,0.500796855,0.046625085,0.571449344,0.546860097,10260,2861,676
T23187,AI,2025-01-22T06:40:00.000Z,0.482868243,0.818691594,0.169019761,0.803151978,10130,4314,16
T232,Finance,2025-01-03T15:53:00.000Z,0.500796855,0.638574676,0.452038855,0.303980212,7168,4785,103
T23201,Cloud,2025-01-18T08:43:00.000Z,0.500796855,0.415264427,0.026253668,0.73444275,10143,2146,308
T23226,AI,2025-01-13T06:18:00.000Z,0.500796855,0.084087134,0.760267061,0.739539504,1287,764,272
T23249,AI,2025-01-13T07:13:00.000Z,0.500796855,0.492761211,0.370762337,0.620700462,12185,2011,41
T23251,Cloud,2025-01-22T22:48:00.000Z,0.323087686,0.779252655,0.999910313,0.049416446,4307,1809,764
T23253,AI,2025-01-05T08:11:00.000Z,0.500796855,0.955359807,0.51373687,0.758140138,19895,1501,29
T23255,Cloud,2025-01-10T07:26:00.000Z,0.692138755,0.587685376,0.492344545,0.774460475,15459,3243,639
T2328,Sports,2025-01-16T22:55:00.000Z,0.500796855,0.610265406,0.67544645,0.821911913,15259,2151,970
T23281,Finance,2025-01-19T04:03:00.000Z,0.700028082,0.380130688,0.373523799,0.637746951,18985,3966,33
T23282,Cloud,2025-01-02T21:19:00.000Z,0.500796855,0.436622866,0.028280692,0.462991246,14009,1202,235
T23293,AI,2025-01-18T09:17:00.000Z,0.187299784,0.109497587,0.512189093,0.504428297,14893,760,582
T23313,Sports,2025-01-08T09:13:00.000Z,0.500796855,0.311128475,0.24104965,0.295046002,321,4938,142
T23316,Cloud,2025-01-11T01:16:00.000Z,0.500796855,0.163023088,0.875567143,0.905316694,3502,116,500
T23320,Sports,2025-01-04T14:24:00.000Z,0.500796855,0.125939012,0.702597233,0.962488952,16562,2318,778
T23346,AI,2025-01-07T12:51:00.000Z,0.055422731,0.990862795,0.492344545,0.259133807,16868,801,183
T23356,Sports,2025-01-21T16:06:00.000Z,0.066786106,0.983778912,0.570172932,0.05931542,9784,3486,826
T23364,Finance,2025-01-19T12:48:00.000Z,0.500796855,0.051277283,0.007829516,0.852608018,14138,387,501
T23372,AI,2025-01-21T03:16:00.000Z,0.500796855,0.564253667,0.341067706,0.123695529,326,2155,51
T2338,AI,2025-01-05T08:43:00.000Z,0.500796855,0.206190922,0.904218325,0.753742608,10911,1720,801
T23425,AI,2025-01-21T16:23:00.000Z,0.500796855,0.047199234,0.516407068,0.225820297,5244,1407,499
T23430,Cloud,2025-01-14T09:16:00.000Z,0.500796855,0.104424042,0.07809029,0.504428297,12822,3315,76
T23434,Finance,2025-01-04T08:05:00.000Z,0.05581843,0.945621487,0.91953218,0.175593672,4135,1183,310
T23440,AI,2025-01-16T09:42:00.000Z,0.500796855,0.726642835,0.842250949,0.926758868,18905,2105,501
T23452,Cloud,2025-01-10T05:58:00.000Z,0.500796855,0.902484208,0.25285909,0.108789933,4281,4721,929
T23455,Finance,2025-01-13T18:21:00.000Z,0.709601477,0.093804584,0.678142728,0.154752999,13833,3353,324
T2346,AI,2025-01-21T00:40:00.000Z,0.471230402,0.394415327,0.54320441,0.544741632,8902,3162,854
T23464,Cloud,2025-01-15T10:44:00.000Z,0.012708541,0.685408833,0.710082088,0.504428297,16733,3954,781
T23479,Cloud,2025-01-03T13:10:00.000Z,0.500796855,0.682876596,0.301234658,0.968479922,936,1416,147
T23480,Cloud,2025-01-19T18:01:00.000Z,0.500796855,0.605118945,0.405271912,0.767347862,1099,4093,501
T23509,Finance,2025-01-22T04:14:00.000Z,0.787732141,0.786084365,0.492344545,0.040245602,7930,1306,892
T23513,Finance,2025-01-05T08:39:00.000Z,0.500796855,0.849569099,0.418282319,0.910226433,14441,2815,483
T23528,AI,2025-01-15T14:25:00.000Z,0.719189861,0.947574765,0.934020144,0.572201448,1918,2459,41
T23534,AI,2025-01-09T13:36:00.000Z,0.500796855,0.217993616,0.558671884,0.565076083,11584,3549,228
T23538,Finance,2025-01-05T19:09:00.000Z,0.500796855,0.277662214,0.95781817,0.571500337,14402,4362,949
T23539,Cloud,2025-01-08T00:09:00.000Z,0.500796855,0.292605247,0.32033673,0.005767088,261,4093,386
T2354,Sports,2025-01-22T01:18:00.000Z,0.255257147,0.707207408,0.820990602,0.444879475,10368,2210,749
T23540,Cloud,2025-01-21T18:32:00.000Z,0.500796855,0.186887105,0.86835497,0.529011474,1383,2624,794
T23550,Finance,2025-01-15T11:59:00.000Z,0.500796855,0.408085572,0.081713539,0.01229896,1809,2494,461
T23560,Finance,2025-01-19T03:57:00.000Z,0.781780048,0.811347487,0.716521973,0.713753911,10130,414,746
T23563,Finance,2025-01-11T20:51:00.000Z,0.500796855,0.49738816,0.582357227,0.050870234,14678,1416,810
T23565,Finance,2025-01-12T05:07:00.000Z,0.500796855,0.70469043,0.745491978,0.573222428,1226,3694,237
T2357,AI,2025-01-02T16:56:00.000Z,0.500796855,0.527717958,0.600476104,0.394890609,14240,3170,35
T23574,Cloud,2025-01-04T11:02:00.000Z,0.413965134,0.107308856,0.905996509,0.771404803,4458,4331,774
T23588,AI,2025-01-09T15:24:00.000Z,0.500796855,0.257815605,0.921298283,0.471748486,7481,3233,467
T23603,Sports,2025-01-06T17:47:00.000Z,0.548325738,0.150744123,0.653218172,0.277091992,8884,2494,774
T2361,Cloud,2025-01-10T18:44:00.000Z,0.519433505,0.2764764,0.711616452,0.410494128,8627,3520,780
T23612,Finance,2025-01-15T10:08:00.000Z,0.255006966,0.898333024,0.253320841,0.658661609,19692,1137,514
T23631,AI,2025-01-11T03:26:00.000Z,0.550178702,0.259991429,0.353495266,0.366175379,9703,1119,364
T23632,Cloud,2025-01-07T16:49:00.000Z,0.500796855,0.346084375,0.795042788,0.687645278,19800,218,987
T23635,Sports,2025-01-16T08:39:00.000Z,0.500796855,0.69589796,0.74319469,0.141673946,15089,629,277
T2364,AI,2025-01-03T06:15:00.000Z,0.500796855,0.809254368,0.943422518,0.816304866,12168,806,487
T23649,Sports,2025-01-07T21:17:00.000Z,0.500796855,0.987626785,0.504213483,0.168449235,14081,3992,822
T2365,Cloud,2025-01-08T17:36:00.000Z,0.126127702,0.589700612,0.797161405,0.31162683,2723,260,897
T2367,AI,2025-01-10T03:04:00.000Z,0.500796855,0.069091894,0.754023155,0.310548817,15234,1369,501
T23690,AI,2025-01-15T22:16:00.000Z,0.859189198,0.28276611,0.115671684,0.107875102,19637,2659,316
T23692,AI,2025-01-07T06:13:00.000Z,0.500796855,0.130402234,0.720634619,0.75766051,4328,4379,569
T23707,Finance,2025-01-21T17:54:00.000Z,0.126989887,0.034641443,0.310453369,0.653534361,7202,930,497
T2371,Cloud,2025-01-22T08:15:00.000Z,0.872718578,0.804266104,0.129394853,0.730605656,9062,2209,907
T23720,Sports,2025-01-04T00:38:00.000Z,0.500796855,0.949835447,0.592792182,0.885131514,16863,623,556
T2373,AI,2025-01-09T01:08:00.000Z,0.102306874,0.485756419,0.766413167,0.224181544,17428,4255,441
T23746,Finance,2025-01-10T08:08:00.000Z,0.142884315,0.830386954,0.461263398,0.22594525,3305,620,74
T23750,AI,2025-01-16T12:03:00.000Z,0.500796855,0.49738816,0.554137121,0.842774329,15861,4799,590
T23755,Cloud,2025-01-21T05:43:00.000Z,0.813422102,0.49738816,0.834186892,0.709168885,13765,2494,770
T23758,AI,2025-01-12T18:42:00.000Z,0.787106189,0.616234128,0.948466789,0.007399386,2331,2659,210
T23767,Cloud,2025-01-17T13:20:00.000Z,0.500796855,0.49738816,0.936479524,0.159970711,16983,485,290
T23775,Cloud,2025-01-11T07:13:00.000Z,0.780715518,0.319850734,0.230846925,0.504428297,9319,4503,433
T23786,Sports,2025-01-09T07:08:00.000Z,0.416262281,0.49738816,0.549749737,0.922265458,4957,3599,501
T23788,Sports,2025-01-10T18:47:00.000Z,0.500796855,0.54194428,0.493712475,0.267723952,10130,1178,148
T23793,Sports,2025-01-17T20:17:00.000Z,0.672567337,0.599175488,0.581101355,0.67509328,9919,1759,876
T23800,Finance,2025-01-14T23:37:00.000Z,0.80304385,0.165384781,0.256539634,0.711291263,11237,3695,231
T23817,Finance,2025-01-21T23:44:00.000Z,0.500796855,0.49738816,0.207867482,0.773876839,12914,2494,644
T23828,Sports,2025-01-04T12:06:00.000Z,0.500796855,0.097762049,0.079835562,0.714223199,18816,636,566
T23829,Cloud,2025-01-02T08:43:00.000Z,0.394040845,0.69423976,0.896653622,0.149158422,18147,364,127
T23831,Finance,2025-01-11T02:05:00.000Z,0.916898569,0.71706242,0.076316721,0.110555285,14398,2494,287
T23837,Finance,2025-01-08T21:28:00.000Z,0.500796855,0.453374926,0.879197215,0.774954266,9351,2494,30
T2384,Finance,2025-01-18T19:01:00.000Z,0.500796855,0.418107052,0.705271664,0.431642391,7795,4499,340
T23841,Sports,2025-01-12T05:33:00.000Z,0.342789617,0.923454941,0.28681798,0.364237931,19102,2983,610
T23843,AI,2025-01-11T14:47:00.000Z,0.500796855,0.900528606,0.261941851,0.199097356,5469,1121,606
T23847,Sports,2025-01-01T08:27:00.000Z,0.500796855,0.439412536,0.492344545,0.044759538,16941,4650,82
T23855,Sports,2025-01-01T08:54:00.000Z,0.786616079,0.560850615,0.972909637,0.112924805,3029,1727,520
T2387,AI,2025-01-16T11:44:00.000Z,0.500796855,0.014383046,0.541927274,0.35177659,9494,4124,231
T23876,Cloud,2025-01-14T23:09:00.000Z,0.500796855,0.236862581,0.913588049,0.796094784,6198,4712,733
T23878,Cloud,2025-01-13T06:03:00.000Z,0.964961415,0.205097774,0.539657629,0.816054142,4787,3109,501
T23884,Finance,2025-01-15T03:15:00.000Z,0.467214638,0.773185043,0.48341629,0.029910404,9973,1411,481
T23887,Finance,2025-01-15T20:27:00.000Z,0.158290678,0.157249773,0.26445254,0.504428297,10055,2494,807
T23897,Sports,2025-01-04T00:06:00.000Z,0.500796855,0.025961466,0.753788511,0.118849115,16873,2944,501
T23901,Sports,2025-01-23T09:34:00.000Z,0.500796855,0.045429062,0.640576424,0.62621033,19330,2787,925
T23910,Finance,2025-01-05T22:39:00.000Z,0.500796855,0.311893633,0.317733796,0.224796809,10298,2670,91
T23911,Sports,2025-01-07T13:48:00.000Z,0.500796855,0.354451806,0.381026505,0.736953371,13017,2494,902
T23915,Finance,2025-01-04T21:29:00.000Z,0.500796855,0.968895308,0.492344545,0.153066473,6776,3544,334
T23926,Sports,2025-01-01T01:22:00.000Z,0.635365496,0.510196664,0.25138619,0.490631876,19025,323,802
T23927,AI,2025-01-17T12:18:00.000Z,0.642372121,0.275141466,0.387799911,0.603920448,16778,1431,975
T23947,Cloud,2025-01-01T04:31:00.000Z,0.359185196,0.01439473,0.107799723,0.196508562,737,2347,477
T23951,Sports,2025-01-18T19:57:00.000Z,0.500796855,0.174960923,0.39214893,0.113131768,17897,270,272
T2396,AI,2025-01-09T21:53:00.000Z,0.6188557,0.339219761,0.134668935,0.215972085,3214,617,804
T23961,Cloud,2025-01-22T19:02:00.000Z,0.500796855,0.912981788,0.946349382,0.309992847,12936,4821,500
T23963,Cloud,2025-01-10T09:13:00.000Z,0.721732791,0.078122301,0.125318241,0.375461115,19237,2494,501
T23966,AI,2025-01-16T12:51:00.000Z,0.500796855,0.574993027,0.566853267,0.552157363,2758,786,501
T23975,Finance,2025-01-16T07:53:00.000Z,0.523364265,0.717270369,0.129870243,0.603364681,7722,4237,273
T23979,AI,2025-01-15T13:12:00.000Z,0.500796855,0.421873674,0.928519869,0.036944931,13054,4410,501
T23980,Cloud,2025-01-09T04:34:00.000Z,0.500796855,0.192786594,0.410427367,0.614475778,4626,4712,564
T23985,Cloud,2025-01-10T06:00:00.000Z,0.817347297,0.189161481,0.878240016,0.985001118,12873,2316,286
T240,Sports,2025-01-03T08:21:00.000Z,0.500796855,0.699386199,0.835768519,0.11407844,4978,4877,789
T24001,AI,2025-01-04T16:00:00.000Z,0.14709153,0.745593186,0.492344545,0.485679106,11832,2638,40
T2403,AI,2025-01-13T18:59:00.000Z,0.500796855,0.135257921,0.377503632,0.435459975,4568,2473,289
T24030,Sports,2025-01-13T03:47:00.000Z,0.89320966,0.215270888,0.907653679,0.746967372,14780,4230,592
T24034,Cloud,2025-01-04T04:31:00.000Z,0.500796855,0.570719009,0.022546386,0.468847108,10146,1526,161
T24045,Finance,2025-01-23T03:53:00.000Z,0.500796855,0.307399893,0.884940755,0.999192995,11313,2397,619
T24053,Sports,2025-01-16T02:11:00.000Z,0.500796855,0.66329401,0.114589442,0.50171503,13046,4129,111
T24055,Sports,2025-01-17T10:07:00.000Z,0.500796855,0.79648881,0.437340517,0.994786268,18552,3600,350
T24077,Finance,2025-01-10T14:07:00.000Z,0.572549009,0.49738816,0.04608076,0.491306635,16414,3387,770
T24085,Sports,2025-01-05T15:14:00.000Z,0.894725002,0.605333614,0.060822746,0.570342667,6180,1294,564
T24111,AI,2025-01-21T04:50:00.000Z,0.500796855,0.49738816,0.233777229,0.417223225,10130,4626,567
T24116,Finance,2025-01-18T15:46:00.000Z,0.500796855,0.665658057,0.265493971,0.584255939,13982,816,501
T24119,Sports,2025-01-17T15:34:00.000Z,0.500796855,0.085315443,0.402504627,0.708741429,12953,3636,374
T24128,AI,2025-01-22T00:45:00.000Z,0.688475256,0.642680936,0.058133325,0.012477664,12922,1926,220
T24165,Cloud,2025-01-17T08:08:00.000Z,0.500796855,0.102983108,0.519614742,0.091760394,16859,2864,244
T24172,Cloud,2025-01-03T20:57:00.000Z,0.500796855,0.288350707,0.423657441,0.959529552,18152,1834,13
T24186,Sports,2025-01-12T22:36:00.000Z,0.500796855,0.619553004,0.249131209,0.452929112,12274,3573,272
T24189,Sports,2025-01-19T21:57:00.000Z,0.500796855,0.886014898,0.052460177,0.301071612,16702,635,961
T24191,AI,2025-01-23T15:47:00.000Z,0.500796855,0.740154236,0.689170942,0.648660892,10130,682,351
T24211,AI,2025-01-17T05:30:00.000Z,0.500796855,0.188194613,0.829416694,0.558539694,1698,3725,645
T24212,Sports,2025-01-21T01:02:00.000Z,0.500796855,0.076848779,0.83971268,0.142696894,12725,4788,720
T24215,Cloud,2025-01-20T13:34:00.000Z,0.500796855,0.267911885,0.597386828,0.420380083,12829,1390,883
T24226,Cloud,2025-01-01T22:28:00.000Z,0.590841429,0.314806731,0.209232488,0.504428297,17996,1157,651
T24238,AI,2025-01-05T02:51:00.000Z,0.500796855,0.461618355,0.602230433,0.492669211,10479,4566,91
T24241,Finance,2025-01-01T07:25:00.000Z,0.500796855,0.557323029,0.685876923,0.759380607,11460,2246,691
T24248,Finance,2025-01-06T23:03:00.000Z,0.587670709,0.878891588,0.220519875,0.706620214,3513,3478,114
T24253,Cloud,2025-01-07T04:40:00.000Z,0.526692055,0.034767558,0.189980484,0.286294795,6350,3039,679
T24255,Cloud,2025-01-04T17:41:00.000Z,0.500796855,0.476252002,0.908421776,0.12154873,3064,3411,501
T24261,AI,2025-01-02T02:08:00.000Z,0.113365436,0.909218652,0.648868107,0.836038367,3905,1150,877
T24274,AI,2025-01-12T03:36:00.000Z,0.122945041,0.342604646,0.034473123,0.787229546,8261,830,187
T24275,Cloud,2025-01-02T02:45:00.000Z,0.4344212,0.397075345,0.862726881,0.809205677,9127,336,472
T24280,AI,2025-01-16T15:18:00.000Z,0.126211168,0.59381163,0.119718296,0.70098279,14134,4064,463
T24288,AI,2025-01-23T13:32:00.000Z,0.761929167,0.634393935,0.469875882,0.959456429,11806,2839,747
T2429,Sports,2025-01-09T05:57:00.000Z,0.714039405,0.154034441,0.158380773,0.574344439,18656,2047,600
T24291,Sports,2025-01-17T05:54:00.000Z,0.6026359,0.84998958,0.268278317,0.372836978,1158,4677,199
T2430,Cloud,2025-01-22T08:21:00.000Z,0.500796855,0.916152731,0.780892182,0.467738416,9977,2954,759
T24356,Sports,2025-01-21T13:33:00.000Z,0.456623578,0.181686261,0.028055027,0.797332402,400,2494,434
T2437,AI,2025-01-22T06:06:00.000Z,0.389391382,0.911600504,0.957805513,0.931838626,5609,4721,334
T24373,Cloud,2025-01-09T16:09:00.000Z,0.500796855,0.414975507,0.212620279,0.405215521,817,2374,39
T24381,Cloud,2025-01-23T12:20:00.000Z,0.500796855,0.411661026,0.941744345,0.966822818,4769,2313,367
T24383,Cloud,2025-01-05T10:09:00.000Z,0.500796855,0.765298582,0.652722976,0.604691986,10130,3234,606
T24391,Sports,2025-01-11T18:23:00.000Z,0.837743681,0.540333797,0.0936631,0.928206652,3905,785,421
T24401,Finance,2025-01-04T13:49:00.000Z,0.500796855,0.663995359,0.988480363,0.696436435,12705,3842,928
T24415,Cloud,2025-01-23T14:33:00.000Z,0.500796855,0.15869217,0.217735594,0.820797413,17565,1161,440
T24420,Sports,2025-01-01T05:49:00.000Z,0.500796855,0.251852876,0.526264714,0.261304865,3924,1884,233
T24445,Finance,2025-01-10T17:22:00.000Z,0.563153085,0.652181639,0.400473443,0.573751704,18190,3161,722
T24463,Cloud,2025-01-01T09:31:00.000Z,0.607624815,0.53754677,0.857142167,0.779008381,856,1013,22
T24475,Finance,2025-01-15T20:11:00.000Z,0.500796855,0.06978435,0.590983815,0.368910038,12126,2494,827
T24476,Cloud,2025-01-23T10:14:00.000Z,0.500796855,0.064943676,0.423459352,0.727293104,6187,457,301
T24478,Cloud,2025-01-23T11:38:00.000Z,0.73384901,0.573080184,0.403012558,0.299982877,17837,1366,38
T24481,Sports,2025-01-11T05:48:00.000Z,0.500796855,0.205983179,0.508934762,0.468893457,1620,4122,35
T24483,AI,2025-01-03T01:30:00.000Z,0.500796855,0.349536591,0.833284036,0.82520326,15706,1922,372
T24535,AI,2025-01-01T05:10:00.000Z,0.500796855,0.738893722,0.709747529,0.49199494,11956,3942,731
T24553,Cloud,2025-01-06T15:36:00.000Z,0.500796855,0.026793931,0.804702845,0.504428297,15374,1254,194
T24554,AI,2025-01-11T09:39:00.000Z,0.776991472,0.322506105,0.654317069,0.222357767,19507,2494,454
T24566,Sports,2025-01-07T17:17:00.000Z,0.500796855,0.818028763,0.110305223,0.872170589,8038,1172,859
T24573,Sports,2025-01-03T08:50:00.000Z,0.500796855,0.156097939,0.364495889,0.640443959,18870,43,735
T24576,AI,2025-01-23T11:10:00.000Z,0.500796855,0.508326329,0.414527893,0.661231982,12140,4670,593
T24579,Cloud,2025-01-07T18:09:00.000Z,0.500796855,0.786417772,0.899006769,0.980881114,17508,4664,493
T2458,Cloud,2025-01-16T14:40:00.000Z,0.715442898,0.042203423,0.99491639,0.105625298,16162,4369,477
T24582,Cloud,2025-01-04T18:18:00.000Z,0.830003939,0.694710502,0.296361871,0.444076031,10130,311,934
T24587,AI,2025-01-20T10:43:00.000Z,0.212483335,0.11467394,0.026258521,0.770959981,18418,1475,950
T24599,Sports,2025-01-10T19:11:00.000Z,0.500796855,0.510128844,0.939969161,0.335275446,13125,382,777
T2460,Cloud,2025-01-09T22:16:00.000Z,0.500796855,0.917217519,0.370318246,0.314597932,15073,2316,501
T24603,Finance,2025-01-02T11:29:00.000Z,0.500796855,0.009695625,0.981138084,0.2955502,18699,4961,83
T24609,AI,2025-01-18T00:25:00.000Z,0.500796855,0.391905905,0.418754314,0.71228608,5824,1685,796
T24618,Cloud,2025-01-16T02:24:00.000Z,0.500796855,0.159387493,0.180498667,0.103263442,16508,732,965
T24623,Cloud,2025-01-11T07:08:00.000Z,0.500796855,0.345209472,0.192282698,0.085942236,17245,3140,330
T24640,Sports,2025-01-10T19:51:00.000Z,0.500796855,0.49738816,0.492344545,0.422963502,865,3470,437
T24649,AI,2025-01-12T00:19:00.000Z,0.135113381,0.810341345,0.079792249,0.669469835,16511,2856,171
T24659,Sports,2025-01-13T15:42:00.000Z,0.500796855,0.668842529,0.201235052,0.554027208,8056,2730,54
T24660,Sports,2025-01-15T02:55:00.000Z,0.500796855,0.838073505,0.548097214,0.859742443,6219,2127,297
T24670,AI,2025-01-13T03:48:00.000Z,0.190322428,0.668953598,0.675869609,0.692053435,10130,4278,554
T24681,Cloud,2025-01-06T05:00:00.000Z,0.500796855,0.49738816,0.845177687,0.808247247,4720,3696,219
T24688,Cloud,2025-01-02T10:33:00.000Z,0.760280829,0.420346539,0.474496002,0.647870542,15577,766,13
T24699,AI,2025-01-13T05:39:00.000Z,0.755875187,0.106001902,0.492344545,0.583695275,19898,2494,118
T24741,Cloud,2025-01-23T14:45:00.000Z,0.316557234,0.275179917,0.002776175,0.00561063,16399,1895,400
T24745,Cloud,2025-01-01T10:48:00.000Z,0.136973879,0.999490486,0.312837365,0.51460353,3656,2646,52
T24748,Sports,2025-01-03T15:02:00.000Z,0.500796855,0.76672138,0.697701504,0.504428297,18237,4456,441
T2475,AI,2025-01-18T07:58:00.000Z,0.358342306,0.961244673,0.719712926,0.156493401,18455,288,262
T24758,AI,2025-01-18T00:53:00.000Z,0.500796855,0.75900644,0.210349607,0.022236283,9787,4779,527
T2477,Cloud,2025-01-11T14:27:00.000Z,0.500796855,0.156037851,0.198069711,0.905233014,4436,3069,90
T24777,AI,2025-01-15T15:58:00.000Z,0.500796855,0.060840328,0.914029036,0.579374578,7165,3954,630
T24799,Cloud,2025-01-19T18:44:00.000Z,0.641711365,0.062289482,0.763753745,0.124630779,10847,2863,605
T24801,AI,2025-01-14T02:54:00.000Z,0.694214485,0.686806888,0.611715246,0.023702775,17391,2494,554
T24819,Sports,2025-01-18T12:17:00.000Z,0.500796855,0.254303217,0.846924645,0.504428297,10879,720,85
T24823,Cloud,2025-01-01T13:26:00.000Z,0.46763181,0.960558385,0.492344545,0.832732505,10130,3544,480
T24826,Cloud,2025-01-08T10:25:00.000Z,0.500796855,0.106116148,0.340980732,0.237492919,11711,4533,931
T24832,AI,2025-01-17T02:57:00.000Z,0.46124672,0.020663803,0.118722288,0.831755274,10130,4534,502
T24840,Finance,2025-01-06T03:13:00.000Z,0.500796855,0.010628705,0.950513065,0.127194637,469,4609,937
T24856,Finance,2025-01-03T09:35:00.000Z,0.500796855,0.045669241,0.045456848,0.868274291,14219,1813,402
T24865,Finance,2025-01-05T23:38:00.000Z,0.500796855,0.956116679,0.585579534,0.811526326,243,2989,294
T24878,AI,2025-01-09T10:21:00.000Z,0.500796855,0.528419076,0.372368463,0.013418805,13973,2379,917
T24884,Sports,2025-01-16T19:20:00.000Z,0.163360116,0.773375955,0.907065972,0.299277375,821,2943,432
T24888,Finance,2025-01-05T00:02:00.000Z,0.500796855,0.120325775,0.624958097,0.709024967,12936,4874,58
T24896,Cloud,2025-01-13T15:04:00.000Z,0.500796855,0.191769218,0.589171745,0.81510323,10259,602,939
T24914,Finance,2025-01-15T02:28:00.000Z,0.242356164,0.568609602,0.075150105,0.098319838,8935,2059,109
T24925,AI,2025-01-05T09:59:00.000Z,0.500796855,0.930470652,0.32614596,0.728518299,1990,3975,525
T24939,Sports,2025-01-19T09:35:00.000Z,0.500796855,0.909516942,0.371828089,0.848989906,19592,1249,153
T24941,Cloud,2025-01-13T18:46:00.000Z,0.491552201,0.49738816,0.652296948,0.718389876,18512,4954,175
T24976,Cloud,2025-01-14T00:09:00.000Z,0.454534052,0.609399688,0.861694489,0.157884025,1255,2083,250
T2499,Cloud,2025-01-20T08:45:00.000Z,0.500796855,0.703214055,0.411002029,0.123559327,4684,4655,501
T24993,Cloud,2025-01-03T06:35:00.000Z,0.466994509,0.93456085,0.375177114,0.496792771,16669,2289,179
T24994,AI,2025-01-02T08:33:00.000Z,0.998211413,0.106237984,0.448706584,0.763957589,2788,2479,247
T24995,AI,2025-01-02T01:02:00.000Z,0.041603916,0.73444434,0.492344545,0.233187734,16442,3682,476
T25011,Sports,2025-01-09T07:09:00.000Z,0.156568687,0.785377451,0.492344545,0.319193935,6287,4742,277
T25020,Sports,2025-01-11T08:49:00.000Z,0.821746111,0.699464205,0.741488907,0.504428297,13601,4599,913
T25032,Sports,2025-01-11T07:09:00.000Z,0.500796855,0.249321944,0.384909036,0.116838424,17546,447,303
T25041,Finance,2025-01-14T09:43:00.000Z,0.500796855,0.782522941,0.403563346,0.0245535,6034,104,218
T25045,Finance,2025-01-21T17:29:00.000Z,0.212012701,0.271392996,0.901582727,0.736571221,2440,634,281
T25063,AI,2025-01-03T06:57:00.000Z,0.500796855,0.205777668,0.0928259,0.720720024,7328,2580,968
T25069,AI,2025-01-10T06:55:00.000Z,0.535490881,0.863371688,0.589469718,0.943841495,12325,1319,470
T25077,AI,2025-01-15T17:45:00.000Z,0.825776998,0.39225062,0.275155631,0.98638798,4364,878,396
T25082,Finance,2025-01-08T00:01:00.000Z,0.197895167,0.49738816,0.55097145,0.452693744,5850,529,255
T25085,AI,2025-01-18T21:46:00.000Z,0.133806958,0.66064848,0.304636402,0.731645439,10130,4751,294
T25111,Finance,2025-01-21T11:57:00.000Z,0.741518242,0.439841686,9.91E-04,0.676841278,13833,4613,647
T2512,AI,2025-01-06T04:01:00.000Z,0.56571417,0.730697137,0.912547017,0.591357613,19046,2311,671
T25133,Cloud,2025-01-09T11:28:00.000Z,0.141828013,0.486820765,0.009080511,0.208875907,4198,4720,948
T25138,Finance,2025-01-23T04:36:00.000Z,0.500796855,0.047720144,0.28169644,0.448890314,15450,101,280
T25144,Sports,2025-01-14T16:04:00.000Z,0.500796855,0.49738816,0.693642606,0.429381773,6211,3072,686
T25146,Sports,2025-01-13T15:01:00.000Z,0.638285134,0.317333184,0.568523643,0.411694626,7248,4474,71
T25186,Sports,2025-01-10T23:37:00.000Z,0.500796855,0.254806076,0.630555282,0.504428297,16278,4962,281
T25200,Finance,2025-01-20T02:13:00.000Z,0.500796855,0.088871911,0.357794819,0.793899771,704,1244,606
T25202,Cloud,2025-01-20T23:55:00.000Z,0.500796855,0.607671215,0.27422372,0.259368799,458,3958,282
T25225,AI,2025-01-15T18:57:00.000Z,0.250540078,0.362818689,0.995099966,0.570025617,2156,3699,233
T25228,Sports,2025-01-15T17:57:00.000Z,0.500796855,0.976365043,0.290925257,0.012856719,2420,3853,871
T2523,AI,2025-01-11T22:30:00.000Z,0.500796855,0.12825535,0.138000781,0.191025417,7228,2241,38
T25241,Cloud,2025-01-16T00:38:00.000Z,0.864625414,0.256896089,0.708814618,0.24771075,15625,506,268
T25248,AI,2025-01-07T04:58:00.000Z,0.500796855,0.96279315,0.819327242,0.969787461,8127,747,989
T2525,AI,2025-01-10T09:11:00.000Z,0.500796855,0.144842865,0.142528103,0.906404685,2834,1680,464
T25253,Finance,2025-01-23T02:56:00.000Z,0.177243358,0.036580038,0.524436937,0.060798841,13131,1439,501
T25254,Sports,2025-01-19T00:43:00.000Z,0.500796855,0.924510438,0.492344545,0.363222494,15443,1577,240
T2529,AI,2025-01-19T14:02:00.000Z,0.500796855,0.371646091,0.782933102,0.05042183,2108,3176,543
T25300,Cloud,2025-01-21T03:13:00.000Z,0.500796855,0.744647513,0.029997221,0.622130175,7973,3013,692
T2535,Cloud,2025-01-19T21:17:00.000Z,0.500796855,0.309390025,0.417132483,0.504428297,17635,1134,154
T25363,Cloud,2025-01-19T19:10:00.000Z,0.476519981,0.7632982,0.531624949,0.742025437,9500,1448,833
T25369,Sports,2025-01-18T10:42:00.000Z,0.500796855,0.783361252,0.75390915,0.550088329,3307,1899,614
T25373,Finance,2025-01-05T23:11:00.000Z,0.500796855,0.028020857,0.664612386,0.910487747,6642,4133,569
T25382,Sports,2025-01-21T00:10:00.000Z,0.456844562,0.592567906,0.935459661,0.341633355,1951,253,698
T25383,Sports,2025-01-10T20:07:00.000Z,0.085048727,0.564709694,0.232664071,0.990962845,5423,124,390
T25397,Cloud,2025-01-17T11:28:00.000Z,0.799162928,0.235652364,0.320843518,0.173463036,2893,3073,996
T254,AI,2025-01-10T09:58:00.000Z,0.500796855,0.20269136,0.344890453,0.51543166,8994,1880,14
T25401,Cloud,2025-01-23T14:32:00.000Z,0.500796855,0.041580062,0.41825448,0.198927714,3594,2563,501
T25424,Cloud,2025-01-18T19:58:00.000Z,0.500796855,0.707483462,0.316451601,0.317937325,16718,1849,745
T25431,Sports,2025-01-23T08:14:00.000Z,0.500796855,0.18464981,0.492344545,0.816313112,8629,4376,400
T25437,AI,2025-01-01T12:46:00.000Z,0.500796855,0.756558195,0.121911205,0.888802713,9853,3361,501
T25461,AI,2025-01-03T23:00:00.000Z,0.040441374,0.89124884,0.064926077,0.31805258,17055,656,725
T25465,Cloud,2025-01-19T04:34:00.000Z,0.500796855,0.89041606,0.773156913,0.3665709,17278,3257,259
T25483,Cloud,2025-01-01T10:39:00.000Z,0.887587234,0.066574594,0.134095142,0.012547033,16417,2494,429
T25485,Cloud,2025-01-09T09:50:00.000Z,0.345206943,0.992688268,0.942267766,0.7566953,7238,4804,318
T25501,Sports,2025-01-20T04:52:00.000Z,0.500796855,0.49738816,0.300430684,0.751189625,7138,4480,880
T25508,Cloud,2025-01-05T18:26:00.000Z,0.25758958,0.934811077,0.188271702,0.232489942,4963,279,832
T25513,Finance,2025-01-03T21:19:00.000Z,0.500796855,0.331583604,0.338406127,0.01687212,1944,3797,984
T25528,Finance,2025-01-20T12:35:00.000Z,0.538367209,0.010175479,0.185284089,0.379347606,5261,1925,85
T25529,AI,2025-01-12T17:23:00.000Z,0.204135828,0.231063306,0.346975728,0.35930797,17237,2494,78
T25531,Cloud,2025-01-02T01:26:00.000Z,0.500796855,0.077160004,0.927783624,0.187464322,17683,2076,886
T25542,Cloud,2025-01-18T21:14:00.000Z,0.375286405,0.542190471,0.070002843,0.746368635,19358,1149,685
T25545,Sports,2025-01-15T22:50:00.000Z,0.500796855,0.585979721,0.118543407,0.975535891,10443,2661,501
T2555,Finance,2025-01-15T02:14:00.000Z,0.014939269,0.804168748,0.757677506,0.077793035,18660,2359,941
T25550,Sports,2025-01-04T14:24:00.000Z,0.402116255,0.769022952,0.004143392,0.328081607,3175,970,153
T25567,AI,2025-01-14T12:55:00.000Z,0.500796855,0.614599046,0.150714196,0.912440538,17609,3795,691
T2557,Finance,2025-01-19T12:04:00.000Z,0.500796855,0.044249281,0.466163908,0.265995913,65,3413,602
T25580,Sports,2025-01-09T03:13:00.000Z,0.120020902,0.488466387,0.729156489,0.66738785,13854,4243,715
T25582,Cloud,2025-01-14T19:09:00.000Z,0.500796855,0.299561654,0.347283135,0.040569109,4140,3476,187
T25610,Finance,2025-01-02T11:41:00.000Z,0.500796855,0.483242968,0.652341201,0.708581072,14508,1173,738
T25618,Finance,2025-01-17T23:22:00.000Z,0.763512147,0.815220001,0.058697523,0.29448942,16729,2654,806
T25623,Sports,2025-01-12T03:28:00.000Z,0.500796855,0.198922275,0.695444624,0.939913309,8178,3716,895
T25627,Cloud,2025-01-04T05:56:00.000Z,0.500796855,0.49738816,0.966398019,0.703300101,6294,249,501
T25629,Sports,2025-01-19T17:00:00.000Z,0.395362146,0.644665006,0.879953115,0.031134899,10018,4501,633
T2563,AI,2025-01-16T20:16:00.000Z,0.500796855,0.676997713,0.31298302,0.27010412,2589,3225,740
T25632,Finance,2025-01-17T18:11:00.000Z,0.500796855,0.132349448,0.14329898,0.37380047,7817,885,560
T25635,Sports,2025-01-05T12:01:00.000Z,0.500796855,0.037911855,0.185951384,0.21671936,10252,3479,501
T25645,Sports,2025-01-05T07:09:00.000Z,0.500796855,0.549794792,0.639034935,0.312549919,15485,1363,146
T25646,Cloud,2025-01-09T01:42:00.000Z,0.073268282,0.625655253,0.657653314,0.088946027,6502,3278,600
T25648,AI,2025-01-21T16:50:00.000Z,0.500796855,0.241502812,0.539659145,0.559375747,10130,2494,923
T25668,Finance,2025-01-10T05:54:00.000Z,0.689136848,0.585691462,0.532216919,0.016746121,9064,2473,923
T25677,Cloud,2025-01-21T03:20:00.000Z,0.085373745,0.89885424,0.867371257,0.855616968,2398,2355,247
T25687,Sports,2025-01-07T02:51:00.000Z,0.590156343,0.696905082,0.385442046,0.705367302,12167,1911,13
T25693,Finance,2025-01-17T15:47:00.000Z,0.500796855,0.946107053,0.700991991,0.243064534,749,1799,891
T25694,AI,2025-01-21T12:56:00.000Z,0.500796855,0.49738816,0.272825497,0.63514429,9793,2789,380
T25712,AI,2025-01-06T07:09:00.000Z,0.617232655,0.884070919,0.721468051,0.878855091,10433,2494,534
T25716,AI,2025-01-13T10:10:00.000Z,0.500796855,0.397662632,0.956050662,0.566423941,19520,4158,902
T25718,Finance,2025-01-23T18:11:00.000Z,0.500796855,0.778876311,0.357395777,0.158661351,10130,2494,124
T25721,Cloud,2025-01-04T13:19:00.000Z,0.613612416,0.356939831,0.182679182,0.271008044,5417,2098,328
T25722,Finance,2025-01-11T00:22:00.000Z,0.346703723,0.685764275,0.432726875,0.616115927,2222,1728,742
T25726,Sports,2025-01-01T21:22:00.000Z,0.164718387,0.325183762,0.380161744,0.381836377,9709,5,948
T25736,AI,2025-01-02T02:48:00.000Z,0.500796855,0.628886076,0.427363626,0.504428297,10130,4201,821
T25740,Finance,2025-01-09T17:59:00.000Z,0.094987789,0.694196347,0.937012934,0.122518128,10130,1265,792
T25742,Finance,2025-01-05T18:54:00.000Z,0.51864419,0.551446992,0.109473372,0.506727066,7501,4418,854
T2575,AI,2025-01-01T16:08:00.000Z,0.500796855,0.733628177,0.477710167,0.748028607,7876,3152,232
T25768,Finance,2025-01-04T08:09:00.000Z,0.500796855,0.1026742,0.875102712,0.290606115,1656,2517,752
T25770,Finance,2025-01-01T04:21:00.000Z,0.500796855,0.398479328,0.828200391,0.453063907,14865,1622,395
T25776,Finance,2025-01-19T07:17:00.000Z,0.500796855,0.22530403,0.709051969,0.153477336,13585,3872,229
T25778,AI,2025-01-20T20:38:00.000Z,0.500796855,0.731114072,0.338151385,0.717920333,9047,4872,899
T2578,AI,2025-01-05T20:55:00.000Z,0.364307422,0.649036009,0.492344545,0.547281069,12506,3067,732
T2579,AI,2025-01-14T11:53:00.000Z,0.500796855,0.170074211,0.492344545,0.92437666,16830,3522,961
T2580,Cloud,2025-01-07T04:02:00.000Z,0.500796855,0.844292326,0.456328355,0.072132136,19708,4529,404
T25823,Sports,2025-01-09T22:30:00.000Z,0.500796855,0.954158737,0.547294032,0.983774982,9154,2197,501
T2583,Sports,2025-01-03T23:33:00.000Z,0.500796855,0.841318049,0.593638531,0.623876651,18945,3002,483
T25831,Cloud,2025-01-10T21:59:00.000Z,0.011213795,0.261255818,0.603354531,0.607823915,19703,3441,5
T25841,AI,2025-01-10T07:16:00.000Z,0.186876349,0.232955073,0.511069615,0.423775778,2294,532,843
T25844,Cloud,2025-01-15T01:16:00.000Z,0.500796855,0.201878481,0.751790071,0.16626596,19891,2556,428
T25882,Finance,2025-01-20T11:45:00.000Z,0.102235262,0.659659674,0.174370846,0.711381713,15403,4271,419
T25887,Cloud,2025-01-20T13:07:00.000Z,0.904808689,0.672638299,0.590285172,0.684782221,9237,1682,522
T25892,Finance,2025-01-22T14:51:00.000Z,0.500796855,0.058430445,0.174789255,0.450601482,9910,1740,616
T25896,Finance,2025-01-12T01:53:00.000Z,0.500796855,0.145244583,0.027830477,0.082971382,7101,2496,501
T2590,Sports,2025-01-09T01:01:00.000Z,0.512967487,0.806995043,0.492344545,0.903445946,2087,2215,173
T25903,AI,2025-01-09T07:00:00.000Z,0.500796855,0.390008655,0.452354265,0.781491551,12920,1013,831
T25908,Sports,2025-01-15T15:32:00.000Z,0.292924977,0.485996894,0.172263769,0.041710682,19939,3981,227
T25917,Sports,2025-01-03T12:47:00.000Z,0.500796855,0.498106255,0.211944352,0.954125608,13811,4999,501
T25921,Finance,2025-01-01T13:52:00.000Z,0.775731402,0.04781057,0.088782342,0.277069804,15505,4860,871
T2595,Sports,2025-01-13T17:19:00.000Z,0.500796855,0.844138609,0.721891435,0.742935304,5469,1633,41
T25965,Cloud,2025-01-15T02:15:00.000Z,0.500796855,0.7883827,0.320968361,0.002592432,18454,970,955
T25967,Finance,2025-01-13T15:39:00.000Z,0.299594157,0.845657536,0.984053913,0.771791789,348,3930,473
T25972,AI,2025-01-01T03:27:00.000Z,0.500796855,0.550470698,0.309668842,0.729623947,19223,2494,936
T25973,Finance,2025-01-03T19:35:00.000Z,0.500796855,0.49738816,0.185772298,0.524000496,9587,514,32
T25976,Finance,2025-01-07T13:59:00.000Z,0.500796855,0.64873036,0.561363004,0.194217264,4281,1963,348
T25977,Cloud,2025-01-22T03:13:00.000Z,0.02838524,0.349750275,0.946680126,0.923238159,1231,4866,571
T25978,Sports,2025-01-18T15:54:00.000Z,0.500796855,0.212619309,0.235651754,0.978264503,19843,2347,501
T2598,Finance,2025-01-09T20:40:00.000Z,0.813464684,0.029280924,0.230655835,0.099064426,9486,1373,113
T25982,Sports,2025-01-04T01:01:00.000Z,0.832727257,0.993945238,0.794001838,0.504092744,1019,451,9
T26000,Cloud,2025-01-08T23:10:00.000Z,0.500796855,0.522455226,0.21693654,0.797423986,5632,4771,159
T26007,AI,2025-01-12T04:04:00.000Z,0.410745529,0.402980001,0.567069842,0.499813361,10130,3139,410
T26018,AI,2025-01-12T15:15:00.000Z,0.500796855,0.256130228,0.274291456,0.591829715,2812,863,669
T26050,Cloud,2025-01-21T02:43:00.000Z,0.500796855,0.858350862,0.240027417,0.088617086,13884,4515,991
T26056,Sports,2025-01-17T07:13:00.000Z,0.500796855,0.452896247,0.927109291,0.278417194,12837,3785,501
T26067,Finance,2025-01-22T19:23:00.000Z,0.500796855,0.213061544,0.540688143,0.683531467,8794,3647,792
T26068,Cloud,2025-01-21T06:48:00.000Z,0.500796855,0.416303832,0.239665452,0.159384959,4819,2303,501
T26074,Finance,2025-01-20T11:25:00.000Z,0.813428117,0.175583233,0.956071598,0.969479964,1582,3738,486
T26076,Cloud,2025-01-08T08:26:00.000Z,0.470188905,0.109235601,0.778482138,0.284034798,3778,4823,501
T26082,Finance,2025-01-18T03:36:00.000Z,0.500796855,0.032691734,0.095449321,0.835451843,17695,1758,468
T26098,AI,2025-01-23T14:41:00.000Z,0.500796855,0.971849068,0.152696328,0.716814801,18045,410,249
T26103,Cloud,2025-01-23T09:42:00.000Z,0.156936926,0.482951404,0.479009179,0.251537234,17972,3904,773
T26104,AI,2025-01-14T14:07:00.000Z,0.847558352,0.820603444,0.492344545,0.684283983,2356,4714,368
T26119,AI,2025-01-14T14:24:00.000Z,0.317412861,0.49738816,0.783446007,0.645942378,161,4483,152
T26122,Cloud,2025-01-22T09:50:00.000Z,0.500796855,0.746164754,0.47418233,0.080541461,629,2962,336
T26130,Sports,2025-01-23T02:18:00.000Z,0.599334369,0.580873438,0.759020038,0.975397135,8489,1105,57
T26139,Cloud,2025-01-23T02:16:00.000Z,0.163677524,0.623887651,0.932047486,0.97507187,15985,1708,368
T26144,AI,2025-01-02T18:10:00.000Z,0.500796855,0.290288238,0.063917067,0.092265262,3158,1061,141
T26147,Sports,2025-01-20T14:50:00.000Z,0.500796855,0.387992774,0.496644314,0.625223543,12937,230,350
T2618,Cloud,2025-01-02T07:53:00.000Z,0.505948124,0.68788204,0.77798131,0.275840598,15915,2191,806
T26189,AI,2025-01-09T06:38:00.000Z,0.500796855,0.759570599,0.11794332,0.309471403,4653,4499,238
T26190,Finance,2025-01-09T17:59:00.000Z,0.633166684,0.506611954,0.597675113,0.856685571,18994,1650,270
T262,Sports,2025-01-20T03:33:00.000Z,0.500796855,0.449845088,0.9052543,0.815747504,4197,4844,766
T2620,Sports,2025-01-20T19:39:00.000Z,0.029543255,0.903363784,0.377453641,0.260487627,15112,1777,103
T26223,Sports,2025-01-19T02:11:00.000Z,0.500796855,0.941407829,0.415471865,0.94625847,11141,2494,789
T26248,Sports,2025-01-22T13:55:00.000Z,0.803570944,0.928018259,0.863523139,0.707586291,996,2500,376
T26256,Sports,2025-01-10T09:56:00.000Z,0.500796855,0.464923928,0.127166532,0.20710016,14180,3072,803
T26263,Cloud,2025-01-20T10:05:00.000Z,0.448863099,0.423810482,0.589220037,0.379178012,11594,814,84
T26265,Sports,2025-01-12T14:59:00.000Z,0.500796855,0.408620499,0.85623896,0.401214795,7051,3986,496
T26267,AI,2025-01-18T16:36:00.000Z,0.500796855,0.223363704,0.443425172,0.221442982,11484,1567,39
T26280,AI,2025-01-21T19:14:00.000Z,0.890580872,0.592535108,0.861009248,0.596467731,700,2011,553
T26303,Finance,2025-01-02T12:33:00.000Z,0.500796855,0.509779332,0.371650405,0.277859995,5716,4854,258
T26308,Finance,2025-01-13T15:57:00.000Z,0.034107905,0.628151399,0.470463144,0.746423538,10130,2209,850
T26318,Cloud,2025-01-23T06:45:00.000Z,0.466041972,0.047748908,0.455272971,0.429278945,5559,4728,644
T26325,Finance,2025-01-08T20:14:00.000Z,0.500796855,0.994661878,0.481659715,0.211533617,2469,2494,916
T26332,Sports,2025-01-02T04:04:00.000Z,0.020686588,0.128426242,0.595165203,0.354213203,12375,2728,171
T2634,Finance,2025-01-05T02:48:00.000Z,0.500796855,0.228508932,0.318477569,0.366196859,7321,2494,434
T26344,Cloud,2025-01-06T05:51:00.000Z,0.500348085,0.336089988,0.721032675,0.791474817,15578,4966,73
T26346,Sports,2025-01-16T17:12:00.000Z,0.643343936,0.49738816,0.123057135,0.737766259,2621,3779,451
T26348,Cloud,2025-01-12T05:10:00.000Z,0.500796855,0.89607479,0.488802232,0.907194029,4772,1029,723
T26366,Sports,2025-01-17T19:25:00.000Z,0.500796855,0.562783404,0.648099355,0.597277093,1683,2494,386
T26377,Sports,2025-01-19T05:15:00.000Z,0.842616518,0.254463161,0.750905484,0.556043934,16054,1290,223
T26381,Cloud,2025-01-05T18:58:00.000Z,0.144853824,0.604833709,0.928390516,0.749019326,9826,1669,823
T26382,AI,2025-01-14T02:43:00.000Z,0.500796855,0.567632859,0.468779613,0.957122706,9266,63,240
T26383,Cloud,2025-01-21T20:49:00.000Z,0.466095158,0.591515298,0.29222373,0.336247252,7301,4954,108
T26386,Cloud,2025-01-18T11:25:00.000Z,0.549261982,0.003429915,0.397120832,0.915792941,18587,2898,67
T26387,Cloud,2025-01-21T19:27:00.000Z,0.500796855,0.962178826,0.02427087,0.811599967,10130,2494,644
T26401,AI,2025-01-07T10:11:00.000Z,0.500796855,0.851378796,0.271305597,0.802202317,16676,416,457
T26412,Cloud,2025-01-11T15:10:00.000Z,0.500796855,0.726427568,0.576245251,0.729683817,5056,2503,181
T26416,Finance,2025-01-17T10:53:00.000Z,0.500796855,0.49738816,0.215697469,0.895867858,4724,4146,193
T26418,Sports,2025-01-10T11:21:00.000Z,0.500796855,0.639854288,0.575131184,0.952789074,17721,3722,669
T26437,Sports,2025-01-22T00:09:00.000Z,0.500796855,0.973259103,0.591026884,0.619148155,18424,141,134
T26451,AI,2025-01-14T19:19:00.000Z,0.549654365,0.088788892,0.492344545,0.303712943,14871,2660,299
T26458,Sports,2025-01-14T07:00:00.000Z,0.528780671,0.940647335,0.044591221,0.369024789,13725,3555,595
T26467,Sports,2025-01-20T15:01:00.000Z,0.181884303,0.248214725,0.832234434,0.147571706,649,2910,501
T26468,Cloud,2025-01-03T21:20:00.000Z,0.500796855,0.831850051,0.121250543,0.763186472,7673,2105,652
T26470,Finance,2025-01-21T19:17:00.000Z,0.500796855,0.363655488,0.110150561,0.514116439,3549,2785,70
T26474,Sports,2025-01-01T12:57:00.000Z,0.500796855,0.791260642,0.623550542,0.129064022,6833,780,397
T26485,Finance,2025-01-23T17:23:00.000Z,0.500796855,0.232116107,0.181402864,0.062683236,11715,2888,790
T2649,AI,2025-01-13T07:49:00.000Z,0.500796855,0.656706731,0.417326622,0.472451187,10028,1091,501
T2650,Cloud,2025-01-03T15:23:00.000Z,0.596176539,0.751673683,0.861923873,0.504428297,5969,892,501
T26504,Finance,2025-01-03T12:23:00.000Z,0.500796855,0.397893819,0.422651891,0.625411131,14730,2344,246
T26508,Cloud,2025-01-04T03:32:00.000Z,0.775605239,0.21585259,0.556291319,0.504097689,13337,3601,382
T26513,Cloud,2025-01-22T05:20:00.000Z,0.054335666,0.333363455,0.724691944,0.451368908,17349,3165,677
T2652,Sports,2025-01-22T03:30:00.000Z,0.500796855,0.096683231,0.022481712,0.673646034,17145,420,795
T26529,Cloud,2025-01-04T19:08:00.000Z,0.500796855,0.889399196,0.87305777,0.21592015,17165,2494,122
T26532,Sports,2025-01-21T08:37:00.000Z,0.684398594,0.411145328,0.033905736,0.504428297,2185,3205,855
T26536,Sports,2025-01-05T11:16:00.000Z,0.500796855,0.293746838,0.519963061,0.212413921,12917,179,73
T26540,Sports,2025-01-13T06:46:00.000Z,0.118085348,0.878785563,0.640260845,0.427044337,1191,2494,191
T26542,Finance,2025-01-05T20:10:00.000Z,0.948600314,0.050843088,0.684842774,0.144167483,10183,4345,99
T26565,Sports,2025-01-20T10:52:00.000Z,0.500796855,0.289555303,0.233404835,0.524162735,7306,3243,911
T26567,Finance,2025-01-06T05:35:00.000Z,0.500796855,0.880265708,0.783362817,0.877290262,4622,1562,74
T26574,AI,2025-01-17T09:49:00.000Z,0.500796855,0.28720491,0.564522752,0.296936102,9907,3656,96
T26576,AI,2025-01-12T20:10:00.000Z,0.945194592,0.555900942,0.468550188,0.791861746,10966,4406,501
T26580,AI,2025-01-02T19:13:00.000Z,0.500796855,0.426815868,0.077430883,0.76844045,9818,2220,899
T26587,Finance,2025-01-04T01:58:00.000Z,0.237789304,0.456111735,0.019669586,0.104162317,190,2600,120
T26593,Cloud,2025-01-01T12:23:00.000Z,0.208880593,0.744999189,0.958874329,0.434877752,9445,1885,954
T26594,AI,2025-01-20T00:10:00.000Z,0.716243111,0.892362153,0.696750015,0.969955025,19379,2464,596
T26597,Sports,2025-01-16T11:23:00.000Z,0.500796855,0.265515899,0.301668038,0.604325681,17605,2506,709
T26599,AI,2025-01-08T16:07:00.000Z,0.500796855,0.49738816,0.017625726,0.346981054,11015,4700,215
T26600,Finance,2025-01-14T15:51:00.000Z,0.910253853,0.723367053,0.312293545,0.504428297,16875,3186,313
T26605,Finance,2025-01-15T13:14:00.000Z,0.26727114,0.183041071,0.659026778,0.0714682,8653,1088,528
T26618,AI,2025-01-10T00:12:00.000Z,0.500796855,0.002048276,0.492344545,0.185558657,19313,3073,262
T2662,AI,2025-01-06T12:27:00.000Z,0.095942902,0.685171285,0.602408602,0.059563422,12176,1191,19
T26640,AI,2025-01-17T15:49:00.000Z,0.594703485,0.795015763,0.331261567,0.857336232,3129,2387,136
T2665,AI,2025-01-07T00:14:00.000Z,0.500796855,0.701542885,0.645735612,0.957546737,15599,736,799
T26650,Cloud,2025-01-23T07:04:00.000Z,0.417943658,0.224236007,0.145363739,0.480043977,17573,430,762
T26653,AI,2025-01-22T05:18:00.000Z,0.500796855,0.209814036,0.295027091,0.852813903,6676,1694,541
T26671,Finance,2025-01-06T17:50:00.000Z,0.500796855,0.25105857,0.492344545,0.076565558,18050,4584,754
T26676,Cloud,2025-01-14T22:25:00.000Z,0.500796855,0.05675935,0.944524571,0.223755827,14866,4272,996
T26678,Sports,2025-01-03T07:45:00.000Z,0.500796855,0.9856944,0.15971211,0.448271521,9650,4407,438
T26689,AI,2025-01-09T23:29:00.000Z,0.689494861,0.527618551,0.238000586,0.208299295,13349,3806,483
T26692,AI,2025-01-04T03:18:00.000Z,0.500796855,0.426977582,0.040832695,0.793406607,15092,387,517
T26705,Sports,2025-01-15T04:30:00.000Z,0.500796855,0.547508479,0.934842879,0.449559612,7623,2815,217
T26708,Finance,2025-01-14T22:21:00.000Z,0.500796855,0.430368952,0.814340374,0.642330405,2497,4215,501
T26712,Finance,2025-01-12T18:59:00.000Z,0.500796855,0.666690536,0.762836639,0.905709065,11668,4243,374
T26716,Sports,2025-01-21T05:15:00.000Z,0.166305458,0.888234491,0.492344545,0.436717885,6465,332,182
T26717,Finance,2025-01-09T23:22:00.000Z,0.09560231,0.851853692,0.218641408,0.678972524,17592,1251,815
T26729,Sports,2025-01-05T07:39:00.000Z,0.597704212,0.401677945,0.492344545,0.252825521,18647,431,911
T2675,Sports,2025-01-17T17:56:00.000Z,0.500796855,0.699091358,0.098207307,0.309056539,13531,4898,530
T2676,Cloud,2025-01-11T18:25:00.000Z,0.385168349,0.545483949,0.353167984,0.088115218,10130,2353,201
T2677,AI,2025-01-01T22:42:00.000Z,0.044438574,0.809180293,0.109181821,0.585432822,10130,3554,55
T26770,Sports,2025-01-02T04:54:00.000Z,0.705509747,0.675740601,0.515399447,0.788377627,11383,1853,691
T26772,Cloud,2025-01-14T09:57:00.000Z,0.047808875,0.585167979,0.757771166,0.838179673,8579,2329,177
T26775,Sports,2025-01-05T11:51:00.000Z,0.800100544,0.922509089,0.196033029,0.232614193,2677,3403,195
T26783,Cloud,2025-01-08T01:51:00.000Z,0.500796855,0.15869431,0.075103368,0.017184521,16096,1312,209
T26785,Cloud,2025-01-15T18:19:00.000Z,0.500796855,0.709822555,0.903609898,0.194137143,16447,3729,335
T26790,Sports,2025-01-23T15:02:00.000Z,0.465166413,0.398288267,0.894006886,0.127375527,11879,405,709
T26794,Cloud,2025-01-23T11:04:00.000Z,0.500796855,0.183613716,0.387596836,0.442373664,10130,3422,294
T26795,AI,2025-01-22T04:06:00.000Z,0.500796855,0.779178561,0.731131558,0.610751285,966,76,838
T2680,AI,2025-01-15T18:43:00.000Z,0.71948521,0.979049562,0.979727788,0.555056131,6792,3323,938
T26817,Cloud,2025-01-21T06:42:00.000Z,0.254293714,0.218650886,0.084883156,0.544963683,10130,2229,452
T26820,AI,2025-01-07T01:24:00.000Z,0.17441625,0.781090252,0.287108128,0.003340775,19503,4114,801
T26824,Finance,2025-01-06T03:14:00.000Z,0.500796855,0.49738816,0.461055294,0.194915685,5560,2758,738
T26827,AI,2025-01-08T20:02:00.000Z,0.500796855,0.557106363,0.990889166,0.421440583,2666,818,340
T2684,Sports,2025-01-11T01:42:00.000Z,0.500796855,0.829228052,0.981744661,0.573461068,2315,4954,144
T26843,Sports,2025-01-15T07:43:00.000Z,0.781011646,0.979958022,0.647368313,0.529182443,19016,2310,835
T26853,AI,2025-01-03T09:23:00.000Z,0.537232131,0.160840325,0.730850131,0.46585842,19907,2057,378
T26859,Cloud,2025-01-16T15:07:00.000Z,0.500796855,0.519324737,0.277798932,0.866429638,10537,2434,357
T26876,AI,2025-01-13T01:53:00.000Z,0.431464952,0.076050025,0.186344249,0.170391073,7634,2494,182
T26912,Sports,2025-01-15T01:04:00.000Z,0.500796855,0.227868166,0.378265469,0.470166208,16191,3318,289
T26913,Sports,2025-01-13T08:46:00.000Z,0.500796855,0.034166388,0.758022547,0.756497683,16986,3896,160
T26920,AI,2025-01-17T17:30:00.000Z,0.500796855,0.743544999,0.706417405,0.324433196,1106,4653,348
T26925,Finance,2025-01-01T09:02:00.000Z,0.500796855,0.774701383,0.968295108,0.717082149,13388,2494,551
T26930,Sports,2025-01-11T14:50:00.000Z,0.500796855,0.613985213,0.553159099,0.453580735,7500,598,577
T26937,Cloud,2025-01-12T03:19:00.000Z,0.367273996,0.700531934,0.487816022,0.492246833,16084,3949,638
T26948,AI,2025-01-07T20:45:00.000Z,0.500796855,0.641550536,0.796246744,0.547261587,4642,2684,579
T26964,Sports,2025-01-05T06:33:00.000Z,0.076581241,0.791253947,0.376924027,0.827726918,4570,4241,178
T26979,Finance,2025-01-04T06:19:00.000Z,0.998902087,0.842985962,0.826816398,0.714170681,16805,3859,590
T2700,AI,2025-01-04T20:39:00.000Z,0.500796855,0.82116083,0.551984339,0.58189657,10130,72,74
T27011,AI,2025-01-18T21:59:00.000Z,0.500796855,0.915815487,0.179114932,0.32483127,4671,4566,177
T27023,Sports,2025-01-05T10:15:00.000Z,0.437131084,0.044347008,0.085131651,0.504428297,17879,503,61
T27025,AI,2025-01-10T22:19:00.000Z,0.500796855,0.551221106,0.149439157,0.355119293,10130,689,307
T27029,Cloud,2025-01-22T14:36:00.000Z,0.500796855,0.913979021,0.090176013,0.300099571,1893,26,753
T2703,Sports,2025-01-15T15:05:00.000Z,0.500796855,0.795416282,0.396540672,0.321320804,9153,2075,915
T27030,Sports,2025-01-10T07:34:00.000Z,0.500796855,0.227156881,0.205555443,0.370280494,5301,3384,977
T27044,Cloud,2025-01-20T20:03:00.000Z,0.500796855,0.293490597,0.460547212,0.074577694,18735,4533,501
T27047,AI,2025-01-16T13:31:00.000Z,0.608194803,0.643399022,0.795169214,0.473534615,9976,2494,697
T27048,Sports,2025-01-15T22:04:00.000Z,0.178368561,0.053243075,0.981236589,0.620906946,14007,3971,464
T27052,Sports,2025-01-17T19:34:00.000Z,0.500796855,0.719652139,0.585109452,0.281915514,2453,3015,53
T27053,Cloud,2025-01-01T16:24:00.000Z,0.914200542,0.656497549,0.75096541,0.212386099,10130,4255,456
T27059,Sports,2025-01-11T06:28:00.000Z,0.711923689,0.49738816,0.252986871,0.006831232,15751,2523,398
T27087,Finance,2025-01-01T23:53:00.000Z,0.657859675,0.246447622,0.233542237,0.263851557,694,3571,993
T27091,AI,2025-01-04T13:17:00.000Z,0.500796855,0.059134491,0.978361302,0.39487757,9513,3905,420
T271,Sports,2025-01-12T03:01:00.000Z,0.46239575,0.394972835,0.682951314,0.877694362,9410,3612,253
T27105,Sports,2025-01-10T20:55:00.000Z,0.500796855,0.714553246,0.924008413,0.180032206,9805,1823,938
T27119,AI,2025-01-09T07:17:00.000Z,0.758192822,0.231605588,0.826370298,0.312172364,10656,2570,335
T27128,Cloud,2025-01-18T17:50:00.000Z,0.208824196,0.111970269,0.901024425,0.149910022,18732,1746,453
T27140,AI,2025-01-03T09:23:00.000Z,0.500796855,0.57497606,0.391270782,0.551519,17639,1487,795
T27145,Finance,2025-01-08T07:25:00.000Z,0.0548168,0.438867078,0.285906643,0.108524486,11350,2687,318
T27152,AI,2025-01-16T11:54:00.000Z,0.557933253,0.657081115,0.51594284,0.745551559,17827,2912,18
T27153,Cloud,2025-01-13T18:17:00.000Z,0.387420467,0.412973715,0.492344545,0.541536519,10130,3719,146
T27160,Cloud,2025-01-02T14:49:00.000Z,0.148997337,0.029349558,0.511240709,0.430113465,14377,1828,438
T2717,Finance,2025-01-22T15:06:00.000Z,0.109653399,0.173933916,0.536642582,0.743927615,14702,4573,401
T27183,AI,2025-01-06T20:25:00.000Z,0.34706565,0.745425219,0.073068264,0.954670713,2832,4818,719
T27189,Sports,2025-01-07T09:36:00.000Z,0.716277064,0.42184411,0.280448852,0.690326412,10130,4276,544
T2721,Finance,2025-01-05T04:38:00.000Z,0.274381745,6.68E-04,0.472504495,0.843775734,10393,3034,433
T27227,Sports,2025-01-21T14:24:00.000Z,0.500796855,0.01782339,0.660463223,0.765252894,19802,4394,854
T27233,Sports,2025-01-22T19:13:00.000Z,0.500796855,0.919505215,0.209933981,0.100438849,12212,1454,659
T27258,Cloud,2025-01-04T10:05:00.000Z,0.500796855,0.313023099,0.477102262,0.310469295,6193,1919,405
T27263,AI,2025-01-11T16:28:00.000Z,0.606007063,0.178196522,0.952439585,0.518817132,10381,375,501
T27277,AI,2025-01-19T07:39:00.000Z,0.500796855,0.282258197,0.553726277,0.605616519,2930,1374,971
T27285,Cloud,2025-01-22T19:43:00.000Z,0.500796855,0.49738816,0.939407377,0.646641164,16095,4332,931
T27315,AI,2025-01-08T23:35:00.000Z,0.500796855,0.184229858,0.680153966,0.143619456,6945,1914,415
T27332,Cloud,2025-01-08T22:53:00.000Z,0.887313865,0.958768313,0.575677198,0.086836447,10395,3170,902
T27358,AI,2025-01-05T04:09:00.000Z,0.500796855,0.449745786,0.973611646,0.728406566,3630,3985,959
T2736,Finance,2025-01-17T10:36:00.000Z,0.94977204,0.044095562,0.827242423,0.900945843,15572,138,935
T27362,AI,2025-01-03T18:37:00.000Z,0.500796855,0.378082185,0.702318609,0.62022567,5970,4300,621
T27367,AI,2025-01-19T06:38:00.000Z,0.460370162,0.573402523,0.398367468,0.073694586,15257,1586,432
T27370,Sports,2025-01-16T07:14:00.000Z,0.882596431,0.972734612,0.61437864,0.007584634,6018,4931,912
T27385,AI,2025-01-19T00:12:00.000Z,0.739914784,0.073393668,0.178609067,0.110016162,3701,4432,205
T27387,Sports,2025-01-22T08:25:00.000Z,0.724805554,0.223163731,0.23177973,0.975457094,16139,4739,115
T27409,Sports,2025-01-20T17:26:00.000Z,0.500796855,0.878130137,0.395045483,0.458006327,9445,1197,139
T27420,Cloud,2025-01-20T02:25:00.000Z,0.356407711,0.49738816,0.747035583,0.504428297,8750,1964,791
T27424,Cloud,2025-01-08T19:02:00.000Z,0.904795167,0.583384394,0.159876995,0.299313398,8630,4873,541
T27431,Finance,2025-01-04T22:10:00.000Z,0.500796855,0.752485927,0.706394333,0.472300725,1911,942,287
T27432,Cloud,2025-01-05T23:45:00.000Z,0.163829922,0.521011862,0.7552842,0.504428297,10130,3096,482
T27439,Sports,2025-01-19T01:22:00.000Z,0.678867754,0.496575029,0.444970991,0.31429513,15540,591,235
T27442,Finance,2025-01-12T23:11:00.000Z,0.247021989,0.474048019,0.05450811,0.309782023,6682,2942,707
T27444,Finance,2025-01-21T10:17:00.000Z,0.500796855,0.901128971,0.746141445,0.905065221,11770,1482,618
T27448,Finance,2025-01-22T03:08:00.000Z,0.345333108,0.383725001,0.559720597,0.794967429,11279,3507,396
T27465,AI,2025-01-19T14:41:00.000Z,0.822395085,0.49738816,0.496527619,0.643482413,8556,2893,380
T27468,Sports,2025-01-12T21:56:00.000Z,0.133774786,0.045435773,0.757469918,0.104616143,5617,2494,995
T27489,Sports,2025-01-23T23:53:00.000Z,0.500796855,0.243688334,0.492344545,0.809095019,12185,4402,784
T27502,Cloud,2025-01-07T14:57:00.000Z,0.500796855,0.387710786,0.905719505,0.504428297,10130,3359,472
T27514,Cloud,2025-01-24T01:34:00.000Z,0.66792758,0.90745122,0.024792749,0.779001895,19553,3509,664
T27516,Cloud,2025-01-22T06:45:00.000Z,0.500796855,0.500806518,0.068479514,0.812836827,14187,3087,372
T2752,Cloud,2025-01-17T08:52:00.000Z,0.810100006,0.256009226,0.492344545,0.018330518,17165,4557,679
T27527,Finance,2025-01-18T04:05:00.000Z,0.140665021,0.478688518,0.231855333,0.504428297,16407,2494,501
T27531,Cloud,2025-01-14T07:30:00.000Z,0.500796855,0.096777942,0.006211772,0.964437583,10130,2767,813
T27537,Finance,2025-01-12T04:20:00.000Z,0.698399179,0.499877279,0.549540527,0.041993498,2506,3366,782
T27546,AI,2025-01-04T01:38:00.000Z,0.503638798,0.281894342,0.506684534,0.504428297,16159,2719,15
T27548,AI,2025-01-04T15:22:00.000Z,0.952773628,0.994359515,0.247431516,0.777366253,14455,4361,700
T27557,Finance,2025-01-12T02:06:00.000Z,0.825080395,0.853265389,0.874373033,0.205628384,6868,3937,462
T276,Sports,2025-01-14T16:30:00.000Z,0.500796855,0.403063874,0.462759897,0.24226197,14198,2603,630
T27602,Cloud,2025-01-19T02:11:00.000Z,0.865412853,0.457018707,0.540684939,0.484202296,7139,386,108
T27617,Finance,2025-01-16T10:38:00.000Z,0.186296286,0.271734742,0.02626011,0.32576626,12486,4509,302
T2763,Cloud,2025-01-06T15:55:00.000Z,0.500796855,0.5890128,0.685539697,0.457449735,14225,1266,461
T27635,Sports,2025-01-09T20:18:00.000Z,0.500796855,0.997294598,0.224228438,0.210202316,12311,3245,976
T2764,Sports,2025-01-14T15:23:00.000Z,0.500796855,0.145913439,0.989702331,0.432416046,13482,815,962
T27640,Finance,2025-01-11T10:39:00.000Z,0.500796855,0.866129664,0.24531875,0.504428297,13165,2075,269
T27647,Finance,2025-01-23T01:34:00.000Z,0.891769662,0.795874031,0.352277467,0.838335323,8431,2955,45
T27660,Cloud,2025-01-13T19:59:00.000Z,0.500796855,0.59143466,0.044847206,0.499625465,4178,3896,91
T27710,AI,2025-01-21T16:42:00.000Z,0.500796855,0.49738816,0.811452438,0.344602156,4060,1803,292
T27723,Sports,2025-01-21T05:14:00.000Z,0.500796855,0.348303377,0.113840116,0.146706096,17160,2978,20
T27725,Sports,2025-01-02T09:59:00.000Z,0.543163913,0.642303226,0.288581015,0.035757437,17132,2023,729
T27728,AI,2025-01-12T20:14:00.000Z,0.500796855,0.556439788,0.362952642,0.412802478,10929,3367,930
T27738,Finance,2025-01-13T07:14:00.000Z,0.500796855,0.180895011,0.756897163,0.504428297,14358,4617,21
T27750,Cloud,2025-01-12T05:30:00.000Z,0.500796855,0.130738583,0.309836111,0.643157719,15571,791,823
T2776,AI,2025-01-15T13:38:00.000Z,0.915489212,0.874990795,0.121077781,0.998885811,17401,3484,234
T27776,Cloud,2025-01-22T07:37:00.000Z,0.500796855,0.262161377,0.619827741,0.942201026,14401,126,139
T27794,Sports,2025-01-22T18:17:00.000Z,0.500796855,0.386385081,0.616345915,0.525359373,5907,2304,962
T2780,Finance,2025-01-01T00:23:00.000Z,0.66382505,0.211955284,0.038182264,0.038432715,7951,4061,118
T27812,Sports,2025-01-09T22:39:00.000Z,0.500796855,0.024414037,0.713858907,0.806948618,16197,1930,705
T2784,Cloud,2025-01-19T19:12:00.000Z,0.831727097,0.045337286,0.96582089,0.38369477,18181,2943,30
T27857,Finance,2025-01-10T08:29:00.000Z,0.500796855,0.03753592,0.093545787,0.366656273,11715,1345,491
T27863,Cloud,2025-01-11T22:17:00.000Z,0.931513017,0.901114146,0.08492551,0.817697544,18889,2353,975
T27881,Finance,2025-01-13T19:55:00.000Z,0.638338541,0.539298199,0.128718826,0.243755754,18452,103,153
T27883,Sports,2025-01-13T06:43:00.000Z,0.500796855,0.718503218,0.212394343,0.49185126,17613,3039,996
T27892,Cloud,2025-01-16T08:11:00.000Z,0.271345174,0.49738816,0.998786764,0.097733296,15329,445,376
T27896,Finance,2025-01-20T09:31:00.000Z,0.027448944,0.858140864,0.50607816,0.395220161,16954,747,665
T27899,Finance,2025-01-23T16:58:00.000Z,0.385568313,0.001206206,0.679146275,0.282510575,3380,2557,819
T27922,Finance,2025-01-07T13:48:00.000Z,0.500796855,0.172595539,0.492344545,0.434202853,7000,1080,709
T27928,Finance,2025-01-12T18:35:00.000Z,0.500796855,0.863244875,0.348958922,0.230903447,7709,1055,514
T2793,Finance,2025-01-12T15:41:00.000Z,0.500796855,0.860401275,0.569405636,0.976640601,3103,4646,379
T27932,AI,2025-01-20T21:31:00.000Z,0.500796855,0.231308181,0.747729474,0.554810797,14377,3507,372
T27943,AI,2025-01-01T13:32:00.000Z,0.500796855,0.800780458,0.714957844,0.036825814,18044,1348,395
T27952,Sports,2025-01-15T00:42:00.000Z,0.500796855,0.628645088,0.752272313,0.083740533,7113,3352,503
T27956,AI,2025-01-03T07:51:00.000Z,0.500796855,0.859364315,0.528753268,0.350520693,8042,2730,387
T27963,Finance,2025-01-05T14:58:00.000Z,0.129916557,0.774304462,0.039140186,0.273396306,13887,1938,158
T27971,Cloud,2025-01-02T19:12:00.000Z,0.659922446,0.647209983,0.492344545,0.863082477,1000,1532,856
T27988,AI,2025-01-23T12:49:00.000Z,0.500796855,0.171705254,0.048028304,0.655641377,17593,3228,749
T27995,Sports,2025-01-06T15:51:00.000Z,0.09274315,0.240194409,0.393868695,0.329181737,13675,992,94
T28014,Cloud,2025-01-23T20:54:00.000Z,0.500796855,0.441822575,0.370449486,0.609467184,10130,4985,653
T28027,Sports,2025-01-22T04:53:00.000Z,0.4631414,0.508090815,0.52863,0.280379263,19507,4456,410
T2803,AI,2025-01-02T17:59:00.000Z,0.35271062,0.111497547,0.931131719,0.03004016,18199,4204,757
T28034,Finance,2025-01-03T06:24:00.000Z,0.500796855,0.620723876,0.827072648,0.958142809,18309,1474,881
T28038,AI,2025-01-14T18:01:00.000Z,0.733764703,0.470966102,0.681563872,0.362999464,3625,4794,499
T28041,Finance,2025-01-10T16:15:00.000Z,0.531201489,0.365591213,0.10251686,0.197473193,16222,3247,270
T28054,Finance,2025-01-03T13:42:00.000Z,0.500796855,0.598860307,0.409357946,0.082041348,11251,4693,139
T28062,Finance,2025-01-13T15:32:00.000Z,0.880194822,0.253790275,0.271713128,0.010420917,19002,4068,460
T28063,AI,2025-01-05T02:35:00.000Z,0.731953701,0.503938911,0.573331281,0.717139084,6805,1086,162
T28070,Finance,2025-01-08T03:34:00.000Z,0.500796855,0.06172456,0.492344545,0.920663247,17852,1906,4
T281,Finance,2025-01-23T21:18:00.000Z,0.500796855,0.708093433,0.492344545,0.443215135,808,4596,314
T28112,Sports,2025-01-04T17:01:00.000Z,0.500796855,0.341075663,0.836479766,0.277297928,17964,2290,982
T28122,Finance,2025-01-15T21:29:00.000Z,0.071533137,0.672274184,0.480133248,0.702189828,15121,4810,973
T28128,Finance,2025-01-19T20:11:00.000Z,0.057961593,0.662945751,0.280625618,0.385454864,10130,1284,221
T28134,Cloud,2025-01-14T09:21:00.000Z,0.500796855,0.891871388,0.925598088,0.789326591,14802,2236,137
T28156,Cloud,2025-01-18T16:50:00.000Z,0.500796855,0.49738816,0.811219133,0.88714198,6679,4308,750
T28161,Finance,2025-01-04T07:48:00.000Z,0.870895812,0.933853599,0.837507254,0.582199711,11076,4524,307
T28163,Sports,2025-01-21T15:58:00.000Z,0.451573916,0.652399882,0.269113726,0.397430251,317,3428,33
T28179,AI,2025-01-20T20:43:00.000Z,0.500796855,0.278405855,0.708134741,0.042069419,3287,2494,943
T28184,Sports,2025-01-20T16:00:00.000Z,0.500796855,0.49738816,0.044265292,0.467877415,18669,2915,413
T28192,Finance,2025-01-05T00:04:00.000Z,0.500796855,0.302389301,0.335588549,0.171732192,8821,4019,372
T28195,Cloud,2025-01-20T17:27:00.000Z,0.696968903,0.488219204,0.102095323,0.493971923,19855,4330,655
T28206,Sports,2025-01-05T12:45:00.000Z,0.500796855,0.49738816,0.590170574,0.176265422,71,1031,161
T28219,Finance,2025-01-01T14:48:00.000Z,0.500796855,0.994769683,0.159920948,0.308205222,13605,2494,1
T28231,Cloud,2025-01-02T00:01:00.000Z,0.500796855,0.454897397,0.609544337,0.127278846,7775,2711,208
T28232,AI,2025-01-14T06:46:00.000Z,0.500796855,0.998583446,0.966490353,0.839644447,9408,576,187
T28237,Finance,2025-01-18T03:55:00.000Z,0.500796855,0.412138777,0.102940373,0.192910897,16220,2494,538
T28239,Finance,2025-01-05T04:26:00.000Z,0.810868186,0.49738816,0.367392446,0.504428297,14337,3597,24
T2824,Cloud,2025-01-13T07:14:00.000Z,0.709210109,0.425158579,0.492344545,0.641590465,9959,1754,331
T28240,AI,2025-01-14T22:52:00.000Z,0.500796855,0.979702163,0.389763985,0.405585252,18972,2495,152
T28241,AI,2025-01-18T05:13:00.000Z,0.500796855,0.974487199,0.070325679,0.404482693,7638,3435,121
T28242,Cloud,2025-01-07T15:54:00.000Z,0.97892945,0.212674724,0.216811644,0.924035553,7951,1285,768
T28252,Cloud,2025-01-16T15:16:00.000Z,0.500796855,0.96368602,0.148292223,0.964899852,2798,1774,16
T28256,AI,2025-01-11T00:51:00.000Z,0.954403895,0.38265258,0.481728261,0.488230758,17137,1026,188
T28263,AI,2025-01-05T03:59:00.000Z,0.713656138,0.028857645,0.030421664,0.305876263,9718,2738,609
T28264,Sports,2025-01-04T11:39:00.000Z,0.084652951,0.992910974,0.64039248,0.057837199,9465,3350,915
T28276,Finance,2025-01-19T00:42:00.000Z,0.887220117,0.985866014,0.456549292,0.590774624,9135,3948,775
T28289,Sports,2025-01-11T00:39:00.000Z,0.500796855,0.497195699,0.652872206,0.730822267,13604,1821,865
T2829,Cloud,2025-01-22T01:29:00.000Z,0.500796855,0.309686817,0.098592564,0.974709484,16794,2274,307
T28291,Finance,2025-01-06T03:01:00.000Z,0.544860739,0.55841116,0.86525162,0.785272747,18625,3931,501
T28292,Cloud,2025-01-17T07:21:00.000Z,0.500796855,0.851521693,0.500152659,0.6093233,10130,182,146
T2830,AI,2025-01-07T22:11:00.000Z,0.447692562,0.587388485,0.015824297,0.694875921,17803,3520,724
T28302,Cloud,2025-01-23T01:11:00.000Z,0.72126826,0.620085765,0.181637207,0.05345294,1334,2046,996
T28311,Cloud,2025-01-21T02:16:00.000Z,0.500796855,0.087755041,0.53098789,0.556909737,9924,586,948
T28319,AI,2025-01-21T16:58:00.000Z,0.500796855,0.870258812,0.167840728,0.083840602,10764,2540,501
T28326,AI,2025-01-06T16:03:00.000Z,0.500796855,0.037929902,0.40361074,0.92046438,5580,4303,940
T28338,Sports,2025-01-16T23:09:00.000Z,0.500796855,0.316827261,0.703440925,0.447862995,10130,4652,515
T28342,Sports,2025-01-08T21:05:00.000Z,0.249061894,0.443510058,0.81422217,0.641642795,1461,378,876
T28356,Finance,2025-01-11T12:03:00.000Z,0.291747733,0.489924413,0.308314231,0.514851974,9262,1413,501
T28361,Finance,2025-01-20T22:39:00.000Z,0.500796855,0.243789362,0.492344545,0.430509765,16059,4122,78
T28386,AI,2025-01-02T20:58:00.000Z,0.500796855,0.602813181,0.584782087,0.181836771,12155,4975,477
T28390,Sports,2025-01-19T07:57:00.000Z,0.500796855,0.745905637,0.290382096,0.147191951,18616,4106,190
T28404,Finance,2025-01-08T08:01:00.000Z,0.418610808,0.250669479,0.03590586,0.433777664,18044,1956,37
T28425,Cloud,2025-01-04T09:58:00.000Z,0.153621391,0.987673314,0.748670379,0.80978148,13210,81,363
T28433,Finance,2025-01-11T07:00:00.000Z,0.500796855,0.974057001,0.630622684,0.860219701,12920,3411,156
T28443,Finance,2025-01-11T12:55:00.000Z,0.500796855,0.418609375,0.492344545,0.626589186,11293,533,212
T28444,AI,2025-01-08T02:50:00.000Z,0.059999761,0.58619346,0.464701197,0.77041091,3475,4347,125
T28448,AI,2025-01-16T05:24:00.000Z,0.500796855,0.82048921,0.391629034,0.402897887,9505,2825,491
T28463,Finance,2025-01-12T01:07:00.000Z,0.500796855,0.390561903,0.002567142,0.054582703,11433,2330,117
T28468,Finance,2025-01-21T04:55:00.000Z,0.398722913,0.986077404,0.212400184,0.401152262,19455,3900,329
T28471,Sports,2025-01-15T11:19:00.000Z,0.500796855,0.519788928,0.742118962,0.244975206,13056,4322,711
T28493,Finance,2025-01-11T02:41:00.000Z,0.186681594,0.806006834,0.448047542,0.262778822,4868,131,244
T28507,Cloud,2025-01-12T12:59:00.000Z,0.406140243,0.344448773,0.456423293,0.814578467,17056,3069,448
T2851,Finance,2025-01-16T01:58:00.000Z,0.500796855,0.439256144,0.376338809,0.029624793,18788,2670,81
T28515,Sports,2025-01-20T13:29:00.000Z,0.500796855,0.320940238,0.155196857,0.255617157,604,2779,713
T28519,AI,2025-01-15T13:22:00.000Z,0.570896523,0.096690877,0.448212141,0.85072829,12895,3404,881
T28523,Sports,2025-01-15T06:33:00.000Z,0.222489482,0.919752653,0.830902822,0.184926801,17649,2006,766
T28528,Sports,2025-01-09T15:15:00.000Z,0.500796855,0.503855897,0.819883676,0.223559655,12019,2494,435
T28538,Sports,2025-01-05T05:34:00.000Z,0.459368533,0.438807146,0.942337862,0.500263038,14931,2340,675
T28544,Cloud,2025-01-18T21:36:00.000Z,0.922287001,0.150880248,0.312912352,0.711799111,5289,4489,415
T28595,Finance,2025-01-21T10:39:00.000Z,0.566779731,0.859199129,0.015883998,0.984779211,4733,1174,350
T28605,AI,2025-01-16T01:13:00.000Z,0.500796855,0.254571857,0.789469493,0.771584128,1604,1164,873
T28608,Sports,2025-01-07T17:46:00.000Z,0.500796855,0.388174578,0.801237305,0.872338393,12355,4921,306
T28638,Finance,2025-01-15T14:02:00.000Z,0.500796855,0.430702045,0.360252181,0.422039095,12221,4432,412
T2865,AI,2025-01-22T12:07:00.000Z,0.066082692,0.429492729,0.760707022,0.427124649,13824,4881,91
T28661,Finance,2025-01-18T22:54:00.000Z,0.500796855,0.635549372,0.497815685,0.506360908,3710,3440,194
T28662,Cloud,2025-01-03T10:51:00.000Z,0.500796855,0.630767203,0.442587801,0.936178458,4148,3135,727
T28668,Sports,2025-01-07T20:26:00.000Z,0.500796855,0.972878633,0.936046914,0.834216836,19695,4048,63
T2869,Finance,2025-01-16T22:21:00.000Z,0.500796855,0.332442106,0.844046763,0.102944686,3639,3939,660
T28704,Finance,2025-01-21T00:29:00.000Z,0.288273302,0.683974145,0.574930918,0.548863709,7361,3018,884
T28717,Cloud,2025-01-11T07:59:00.000Z,0.500796855,0.138907402,0.357269808,0.876625967,10206,2580,729
T28726,Sports,2025-01-21T10:33:00.000Z,0.404104594,0.464463427,0.740433512,0.700560013,11817,282,323
T28727,Finance,2025-01-09T17:07:00.000Z,0.282201706,0.272816925,0.492344545,0.901462576,10956,4117,974
T28728,AI,2025-01-22T23:20:00.000Z,0.916726761,0.86739148,0.807058534,0.630271211,13382,136,842
T28746,Finance,2025-01-05T22:10:00.000Z,0.500796855,0.941859098,0.814181842,0.504428297,19491,989,302
T28753,Finance,2025-01-13T21:03:00.000Z,0.20693031,0.897671854,0.91351753,0.928610889,10297,574,501
T28757,Finance,2025-01-04T05:16:00.000Z,0.238108389,0.49738816,0.486515083,0.578789577,9205,4208,358
T28760,AI,2025-01-01T23:31:00.000Z,0.845415093,0.724254253,0.368501396,0.189148896,16400,3804,265
T28764,Sports,2025-01-23T16:07:00.000Z,0.500796855,0.198199082,0.217611498,0.020068512,18265,478,207
T28765,Cloud,2025-01-21T09:06:00.000Z,0.722319411,0.45838324,0.492344545,0.784329481,98,176,801
T28775,Finance,2025-01-21T10:57:00.000Z,0.500796855,0.558322636,0.199903284,0.110075507,9680,4436,906
T28778,AI,2025-01-19T07:27:00.000Z,0.097473744,0.063717311,0.547782559,0.541784406,14756,1283,479
T28790,Sports,2025-01-08T15:45:00.000Z,0.500796855,0.396938962,0.951865338,0.786285101,12823,842,31
T28795,Cloud,2025-01-24T00:44:00.000Z,0.61499278,0.49738816,0.426375743,0.504428297,18037,364,875
T28826,Cloud,2025-01-19T13:41:00.000Z,0.500796855,0.973409106,0.114801532,0.268659098,902,2412,421
T2883,Sports,2025-01-02T21:51:00.000Z,0.073065396,0.167892691,0.299748475,0.095895835,6341,877,110
T28835,Finance,2025-01-05T18:39:00.000Z,0.164362649,0.892902818,0.82839627,0.252191119,9783,3575,180
T28869,Cloud,2025-01-01T03:59:00.000Z,0.500796855,0.207600046,0.971826206,0.581008989,10134,2120,501
T28870,Finance,2025-01-07T11:44:00.000Z,0.500796855,0.839962118,0.714153962,0.660259886,5976,2544,501
T28881,Sports,2025-01-08T23:28:00.000Z,0.519364714,0.748959879,0.417988864,0.105154909,9535,4353,184
T28892,Sports,2025-01-04T06:39:00.000Z,0.500796855,0.925684449,0.404739001,0.585224003,10130,4470,121
T28899,Cloud,2025-01-04T05:35:00.000Z,0.500796855,0.082177993,0.974343392,0.362386383,15902,2907,609
T28907,AI,2025-01-05T22:50:00.000Z,0.800341953,0.079001374,0.31639318,0.52225348,10130,4876,779
T28912,AI,2025-01-05T22:39:00.000Z,0.500796855,0.397735691,0.403051408,0.446215645,17265,4349,45
T28917,Finance,2025-01-22T01:30:00.000Z,0.500796855,0.022828543,0.641522613,0.875734903,16005,2004,143
T28923,AI,2025-01-02T06:27:00.000Z,0.340870403,0.259980535,0.671865889,0.598222108,10130,824,312
T28938,Finance,2025-01-06T23:56:00.000Z,0.500796855,0.224839698,0.521689059,0.90555158,13619,1398,964
T28939,Cloud,2025-01-06T19:49:00.000Z,0.879794585,0.366264219,0.090258334,0.533528937,12637,894,518
T28940,Finance,2025-01-23T20:19:00.000Z,0.500796855,0.449067811,0.689955166,0.381282025,19450,2160,228
T28952,Cloud,2025-01-03T21:04:00.000Z,0.495314328,0.958826753,0.081510867,0.820605999,3567,4026,681
T2896,AI,2025-01-24T00:22:00.000Z,0.500796855,0.124859285,0.059822447,0.900246188,19072,3185,919
T28966,Cloud,2025-01-17T10:08:00.000Z,0.19266774,0.325162042,0.143872422,0.504428297,7984,1380,66
T28970,Cloud,2025-01-12T13:21:00.000Z,0.053214019,0.328632513,0.926007778,0.499853187,12628,3094,702
T28988,Finance,2025-01-18T22:40:00.000Z,0.255525145,0.289481043,0.225585637,0.696305279,4475,4190,590
T28992,Finance,2025-01-09T06:13:00.000Z,0.886472718,0.571789542,0.446498863,0.389703586,12001,484,66
T29,Sports,2025-01-13T14:34:00.000Z,0.488621707,0.602837794,0.670952852,0.937655167,10589,232,794
T29026,Sports,2025-01-09T21:52:00.000Z,0.500796855,0.888211421,0.681716576,0.503187352,19030,494,515
T29042,AI,2025-01-10T03:59:00.000Z,0.988037393,0.300391041,0.942427621,0.390407272,7018,459,281
T29051,Finance,2025-01-19T17:18:00.000Z,0.787581312,0.137883298,0.523714589,0.995069345,10523,2494,150
T29071,AI,2025-01-04T20:09:00.000Z,0.500796855,0.922926596,0.398509832,0.205054611,5163,1353,410
T29079,Sports,2025-01-02T18:28:00.000Z,0.1845886,0.953723943,0.133496236,0.67329265,2467,4547,666
T2908,Sports,2025-01-23T11:47:00.000Z,0.500796855,0.265960998,0.341100539,0.37805407,11407,2494,17
T29081,AI,2025-01-20T01:56:00.000Z,0.532030284,0.254044478,0.561824146,0.795652862,2824,2571,121
T29082,Sports,2025-01-17T11:24:00.000Z,0.852888857,0.185696621,0.385487139,0.924873644,16779,3163,108
T29088,AI,2025-01-17T19:27:00.000Z,0.500796855,0.236682195,0.776413525,0.510481561,4317,4309,368
T29092,AI,2025-01-22T00:32:00.000Z,0.63005963,0.995839299,0.728089297,0.410003516,1923,1344,195
T29094,Finance,2025-01-18T08:05:00.000Z,0.732522423,0.902874793,0.558956605,0.05859545,12958,4281,76
T29096,Finance,2025-01-23T19:11:00.000Z,0.500796855,0.686327693,0.723892411,0.370050088,13732,4157,501
T29103,Sports,2025-01-15T09:12:00.000Z,0.749465141,0.560455365,0.339012571,0.347417094,7835,3049,233
T29107,Sports,2025-01-04T05:11:00.000Z,0.986179408,0.389043752,0.6704365,0.015986413,9045,3309,67
T29130,AI,2025-01-09T07:31:00.000Z,0.765049224,0.602613814,0.124210804,0.531061343,7954,3385,56
T29133,AI,2025-01-16T03:10:00.000Z,0.500796855,0.968898521,0.109947536,0.657709885,4266,1874,270
T29134,Finance,2025-01-02T07:14:00.000Z,0.851801932,0.977385494,0.06760207,0.785332406,2996,4489,849
T29135,Finance,2025-01-16T16:00:00.000Z,0.087062004,0.352691374,0.460147521,0.175859833,10130,2494,444
T29150,Finance,2025-01-04T08:00:00.000Z,0.021798523,0.866235865,0.492344545,0.940317857,10791,13,585
T29163,Sports,2025-01-19T14:55:00.000Z,0.500796855,0.094224723,0.596361569,0.965533897,6707,648,890
T29179,AI,2025-01-17T04:00:00.000Z,0.834983497,0.995948544,0.079413342,0.465348849,12052,1789,944
T29190,Finance,2025-01-06T05:07:00.000Z,0.546644037,0.421964654,0.76676518,0.504428297,19476,3870,180
T29203,Cloud,2025-01-19T11:22:00.000Z,0.500796855,0.068132884,0.528928672,0.847748556,8672,1296,743
T29204,Finance,2025-01-06T13:40:00.000Z,0.500796855,0.861602935,0.701335118,0.78093063,2556,2788,29
T29210,AI,2025-01-13T20:46:00.000Z,0.500796855,0.49738816,0.818582281,0.731145747,17433,1720,195
T29212,Cloud,2025-01-20T01:35:00.000Z,0.81537043,0.164821807,0.03885605,0.740165004,10373,893,550
T29216,Sports,2025-01-17T00:59:00.000Z,0.753543844,0.124812269,0.762686001,0.092354251,7526,1379,193
T29245,Cloud,2025-01-08T19:34:00.000Z,0.004029401,0.98387758,0.082447096,0.3818097,3151,2956,134
T29246,Cloud,2025-01-10T19:55:00.000Z,0.113263869,0.816728104,0.293484455,0.988057786,9659,4222,207
T2928,AI,2025-01-09T14:43:00.000Z,0.500796855,0.20277791,0.73737476,0.117070359,3870,2494,860
T29282,AI,2025-01-20T16:51:00.000Z,0.500796855,0.74664769,0.450004277,0.497676671,10623,1407,497
T29320,Cloud,2025-01-10T01:43:00.000Z,0.500796855,0.46747798,0.798915805,0.381453197,806,2827,186
T29326,Cloud,2025-01-14T01:14:00.000Z,0.500796855,0.558574456,0.777068359,0.369512876,8311,2914,584
T29331,AI,2025-01-15T06:12:00.000Z,0.895538739,0.55775111,0.175382502,0.596874906,14379,915,385
T29339,AI,2025-01-08T20:23:00.000Z,0.500796855,0.12999203,0.305393759,0.089447544,13811,1461,190
T2935,AI,2025-01-19T15:07:00.000Z,0.500796855,0.49738816,0.492344545,0.338229289,16664,2351,915
T29355,Sports,2025-01-07T02:19:00.000Z,0.808557199,0.833886516,0.592807819,0.49630055,17586,1791,85
T29363,Sports,2025-01-14T19:58:00.000Z,0.788118823,0.765791429,0.52321792,0.218362786,13525,1416,15
T29367,Finance,2025-01-11T23:52:00.000Z,0.500796855,0.425134855,0.879262273,0.205222941,3369,3737,294
T29370,AI,2025-01-07T15:16:00.000Z,0.500796855,0.237831856,0.369743051,0.573564404,886,3000,326
T29385,AI,2025-01-08T23:16:00.000Z,0.500796855,0.001733956,0.318196447,0.297140157,14539,63,625
T29390,Sports,2025-01-03T13:45:00.000Z,0.702737441,0.723650371,0.840731972,0.196580071,5548,826,738
T29400,Sports,2025-01-16T05:22:00.000Z,0.500796855,0.994065839,0.01042586,0.822991833,17852,4540,11
T29413,Sports,2025-01-09T09:47:00.000Z,0.948569523,0.49738816,0.27517716,0.55782355,16785,3462,157
T29435,Cloud,2025-01-16T17:32:00.000Z,0.928078143,0.538453861,0.950206556,0.673444697,9915,3222,270
T29441,Finance,2025-01-23T18:18:00.000Z,0.500796855,0.49738816,0.427832397,0.976582675,13096,2494,224
T29447,AI,2025-01-18T10:34:00.000Z,0.500796855,0.480394493,0.391208979,0.790567022,1561,2369,238
T29462,Cloud,2025-01-20T20:16:00.000Z,0.766369031,0.761615569,0.294653064,0.51581605,11049,2367,761
T29472,Cloud,2025-01-06T23:07:00.000Z,0.500796855,0.87504871,0.262870579,0.380974985,11614,2849,501
T29474,AI,2025-01-17T07:32:00.000Z,0.500796855,0.308010427,0.492344545,0.161893282,17381,3857,759
T29477,AI,2025-01-12T00:44:00.000Z,0.136354658,0.218066917,0.528834206,0.536170111,17657,2483,77
T29479,Sports,2025-01-06T04:23:00.000Z,0.500796855,0.658880377,0.902692474,0.504428297,9031,4316,432
T29490,Finance,2025-01-12T10:20:00.000Z,0.500796855,0.49738816,0.969688499,0.453079857,10735,2542,100
T29498,AI,2025-01-12T06:09:00.000Z,0.500796855,0.355079393,0.682135405,0.553177979,10130,3155,374
T29513,AI,2025-01-14T07:23:00.000Z,0.370033118,0.286273241,0.541819116,0.354371007,6808,4010,316
T2952,Finance,2025-01-19T00:43:00.000Z,0.500796855,0.389940547,0.053892438,0.152146082,3900,1768,614
T29524,Sports,2025-01-16T16:40:00.000Z,0.811385049,0.236177435,0.353210646,0.056786957,16384,630,65
T29536,Cloud,2025-01-10T22:12:00.000Z,0.500796855,0.495354966,0.641143133,0.945502674,3677,4238,354
T29543,Cloud,2025-01-10T17:30:00.000Z,0.500796855,0.156247301,0.748596079,0.224733716,19880,1290,982
T29561,Cloud,2025-01-05T06:55:00.000Z,0.562748736,0.561556563,0.301364011,0.946165152,131,3398,218
T29580,AI,2025-01-23T09:24:00.000Z,0.500796855,0.66128747,0.360144383,0.550161625,2480,4484,308
T29583,Sports,2025-01-03T16:04:00.000Z,0.740840371,0.430626352,0.360826945,0.125420088,12270,2494,525
T2959,Finance,2025-01-11T21:12:00.000Z,0.500796855,0.751423293,0.112627077,0.66497812,19902,2516,589
T29591,Finance,2025-01-01T19:22:00.000Z,0.212513462,0.770157771,0.560834075,0.709361989,12698,1057,723
T29603,Sports,2025-01-16T19:36:00.000Z,0.500796855,0.631176941,0.044248056,0.605660136,8651,1187,228
T29609,AI,2025-01-02T17:16:00.000Z,0.954237927,0.581686813,0.317669639,0.504428297,10130,302,501
T29622,Cloud,2025-01-02T07:42:00.000Z,0.500796855,0.547270103,0.844764736,0.468454666,8148,3753,222
T29624,Sports,2025-01-07T18:50:00.000Z,0.500796855,0.38750811,0.953410254,0.698315746,6495,1342,586
T29653,Finance,2025-01-13T09:18:00.000Z,0.500796855,0.682281664,0.313601466,0.01899728,6380,1179,310
T29654,AI,2025-01-23T07:51:00.000Z,0.444671519,0.292768353,0.505574614,0.197077395,3911,19,637
T29679,AI,2025-01-15T22:12:00.000Z,0.13986469,0.106980461,0.108136852,0.764199955,17092,4366,473
T29722,Cloud,2025-01-21T08:40:00.000Z,0.500796855,0.648780323,0.492344545,0.783083556,5997,790,334
T29735,AI,2025-01-14T04:56:00.000Z,0.500796855,0.834402303,0.492344545,0.340373361,13457,1119,63
T29757,AI,2025-01-23T17:01:00.000Z,0.29284104,0.412858896,0.387197879,0.028872836,11615,4775,654
T29770,Finance,2025-01-19T19:29:00.000Z,0.500796855,0.011949577,0.613256227,0.064073166,10130,2068,342
T2978,AI,2025-01-19T01:35:00.000Z,0.263230828,0.875331816,0.946468676,0.025162091,3675,3431,709
T29813,Finance,2025-01-14T00:43:00.000Z,0.500796855,0.63856836,0.817241221,0.680940109,18784,2977,501
T29821,Cloud,2025-01-22T16:02:00.000Z,0.500796855,0.88353928,0.307395179,0.173258628,304,2082,785
T29822,Sports,2025-01-11T02:46:00.000Z,0.500796855,0.110266033,0.197408816,0.083050184,2505,3656,444
T29826,Cloud,2025-01-23T07:00:00.000Z,0.219533099,0.158250416,0.310194055,0.745489598,18982,2494,1000
T29844,Cloud,2025-01-08T05:58:00.000Z,0.500796855,0.39171814,0.643404557,0.58354372,5175,2418,501
T29846,Finance,2025-01-12T08:58:00.000Z,0.124693627,0.14587717,0.0141766,0.867244336,3121,4560,841
T29849,Cloud,2025-01-23T14:47:00.000Z,0.646517005,0.999723808,0.292164573,0.790123106,14026,541,369
T2985,AI,2025-01-05T08:11:00.000Z,0.500796855,0.204250714,0.65079428,0.086841502,19372,3052,612
T29859,Cloud,2025-01-10T03:14:00.000Z,0.500796855,0.706972218,0.097527519,0.442869949,6286,2793,627
T29861,Sports,2025-01-02T02:10:00.000Z,0.20029835,0.127633116,0.416131921,0.363320017,10130,46,501
T29869,Cloud,2025-01-16T14:14:00.000Z,0.500796855,0.291115183,0.201117741,0.977404568,7020,4706,558
T29881,Cloud,2025-01-17T16:42:00.000Z,0.500796855,0.716509105,0.210930769,0.638214163,15718,1559,303
T29882,AI,2025-01-23T22:48:00.000Z,0.500796855,0.591033389,0.790120217,0.504428297,17552,2653,836
T29886,Finance,2025-01-21T23:35:00.000Z,0.579341669,0.031380357,0.803905427,0.163765551,19856,2494,501
T29912,Cloud,2025-01-05T11:19:00.000Z,0.500796855,0.697366645,0.146545972,0.157271885,8980,3151,332
T29914,Sports,2025-01-03T09:27:00.000Z,0.579816126,0.875147893,0.51275931,0.953819945,13100,2785,799
T29937,Cloud,2025-01-06T19:23:00.000Z,0.500796855,0.49738816,0.642977377,0.108639769,1545,4125,355
T29942,Cloud,2025-01-04T23:48:00.000Z,0.112644562,0.05194646,0.031328909,0.280828213,10190,2525,232
T29964,AI,2025-01-10T09:13:00.000Z,0.500796855,0.774329086,0.225003437,0.282310463,5467,3123,870
T29967,Cloud,2025-01-11T23:57:00.000Z,0.040738058,0.587319437,0.013630766,0.540753023,1450,2741,501
T29969,Finance,2025-01-18T08:41:00.000Z,0.525381728,0.73836874,0.468727085,0.016922477,12855,2065,953
T29997,AI,2025-01-15T22:52:00.000Z,0.500796855,0.553755199,0.513193701,0.387749724,18974,2611,862
T30004,Sports,2025-01-20T03:37:00.000Z,0.62203309,0.898453791,0.971378495,0.467598566,9214,2908,811
T30017,Finance,2025-01-05T01:37:00.000Z,0.593631051,0.653297722,0.050403403,0.605639954,7535,4764,44
T30029,Cloud,2025-01-14T04:38:00.000Z,0.500796855,0.251739888,0.347383125,0.194924314,10130,2185,377
T30039,AI,2025-01-15T03:40:00.000Z,0.500796855,0.206015183,0.225915252,0.22851174,5564,1840,741
T30044,Finance,2025-01-03T13:36:00.000Z,0.500796855,0.947758747,0.777889811,0.584228346,1009,2018,574
T30055,AI,2025-01-20T15:11:00.000Z,0.500796855,0.75098147,0.456592568,0.277919329,5149,1809,347
T30057,AI,2025-01-15T05:02:00.000Z,0.344858599,0.827600953,0.246988073,0.359107567,5310,100,190
T30065,Cloud,2025-01-22T14:46:00.000Z,0.500796855,0.111735978,0.043800588,0.548081935,16742,4016,896
T30073,Finance,2025-01-07T23:07:00.000Z,0.026519811,0.030749987,0.931672325,0.540914767,10826,42,951
T30091,Cloud,2025-01-02T10:24:00.000Z,0.374300185,0.906488291,0.876691868,0.892048137,6061,2176,927
T30098,AI,2025-01-08T17:09:00.000Z,0.649695087,0.318499499,0.208934832,0.241400092,14477,2861,613
T30125,Finance,2025-01-15T15:10:00.000Z,0.500796855,0.632050176,0.350248204,0.66383334,7683,2574,503
T30128,Sports,2025-01-23T13:10:00.000Z,0.500796855,0.821985424,0.397807962,0.101726154,10202,1755,447
T30134,Cloud,2025-01-21T09:49:00.000Z,0.500796855,0.474228863,0.151820091,0.579543519,5459,3007,138
T30137,AI,2025-01-09T10:54:00.000Z,0.500796855,0.423876909,0.106769803,0.726613149,7731,1234,976
T30138,Sports,2025-01-10T16:55:00.000Z,0.500796855,0.033595865,0.853236885,0.035755495,19578,4000,923
T30140,Cloud,2025-01-10T06:50:00.000Z,0.500796855,0.578594214,0.467810523,0.273849543,19692,3382,82
T3015,AI,2025-01-22T11:29:00.000Z,0.500796855,0.345560539,0.400834326,0.991684004,10323,3813,988
T3016,Finance,2025-01-11T12:08:00.000Z,0.500796855,0.994774164,0.473064056,0.145651168,10130,1140,825
T30160,Sports,2025-01-12T01:50:00.000Z,0.500796855,0.141156202,0.567737628,0.515361633,5285,2494,552
T30161,Sports,2025-01-07T02:37:00.000Z,0.500796855,0.638787441,0.640854408,0.155564971,7665,1189,517
T30167,Cloud,2025-01-04T11:49:00.000Z,0.083840606,0.510285929,0.126564249,0.971445511,9391,1240,680
T30181,Sports,2025-01-03T08:56:00.000Z,0.500796855,0.19859602,0.825776408,0.305928493,19636,3644,754
T30197,Finance,2025-01-19T01:59:00.000Z,0.500796855,0.483838192,0.015009426,0.719108607,2107,3836,300
T30203,Sports,2025-01-23T21:05:00.000Z,0.500796855,0.953548633,0.574575981,0.746790631,11438,4511,861
T30210,Finance,2025-01-16T07:22:00.000Z,0.500796855,0.333675229,0.762881484,0.982008264,16356,193,193
T30212,Sports,2025-01-11T05:14:00.000Z,0.500796855,0.160381274,0.438960693,0.763357712,14310,1186,355
T30218,Sports,2025-01-07T20:00:00.000Z,0.49678988,0.493806105,0.196095977,0.244682315,3835,3893,756
T30220,Finance,2025-01-16T00:52:00.000Z,0.48394632,0.250491962,0.257734801,0.821867745,2378,4568,897
T30230,AI,2025-01-08T06:58:00.000Z,0.500796855,0.152443166,0.13326962,0.676479575,5513,1771,822
T30231,AI,2025-01-12T23:27:00.000Z,0.363308642,0.880098084,0.777973574,0.381068498,2310,1585,6
T30237,Finance,2025-01-09T03:12:00.000Z,0.500796855,0.645046332,0.380535063,0.297352526,6349,3398,549
T30250,Cloud,2025-01-16T00:09:00.000Z,0.718754845,0.071980043,0.374543168,0.221565912,11679,1508,273
T30251,Cloud,2025-01-09T07:19:00.000Z,0.829748551,0.112358337,0.406673815,0.043958063,8203,694,501
T30253,Cloud,2025-01-01T06:29:00.000Z,0.500796855,0.927234451,0.007595235,0.544920958,19797,894,1
T30269,AI,2025-01-17T23:15:00.000Z,0.642099085,0.059840698,0.255693378,0.888226568,18921,2324,861
T30270,AI,2025-01-12T14:20:00.000Z,0.571406371,0.242301502,0.189983945,0.521773,3717,1230,609
T30272,Cloud,2025-01-18T14:49:00.000Z,0.500796855,0.631176804,0.920002613,0.227808828,11501,4485,302
T3028,Sports,2025-01-18T19:48:00.000Z,0.500796855,0.77883527,0.16571858,0.481512347,6082,1624,455
T30286,AI,2025-01-20T11:59:00.000Z,0.500796855,0.146584329,0.256331955,0.607085458,4891,4728,334
T30292,AI,2025-01-08T00:24:00.000Z,0.801879047,0.49738816,0.821315192,0.344850369,1231,3034,352
T30294,Sports,2025-01-09T22:07:00.000Z,0.758120372,0.19075866,0.66709223,0.853955813,7240,2162,636
T30304,AI,2025-01-12T15:48:00.000Z,0.456881233,0.742269697,0.494117659,0.289714708,10649,344,793
T30314,Finance,2025-01-21T16:16:00.000Z,0.500796855,0.254118206,0.332684127,0.483490831,2689,4634,840
T30315,AI,2025-01-12T08:37:00.000Z,0.398793456,0.182726684,0.076723591,0.064871479,6966,4379,607
T30325,Cloud,2025-01-12T00:45:00.000Z,0.500796855,0.212629576,0.578022749,0.470308154,12989,4917,313
T30329,AI,2025-01-13T19:18:00.000Z,0.500796855,0.748705922,0.231681648,0.699313486,4728,4707,980
T30330,Finance,2025-01-19T05:14:00.000Z,0.500796855,0.068485247,0.660226546,0.617777455,8657,1636,435
T30337,AI,2025-01-23T03:43:00.000Z,0.893345312,0.038563565,0.539639377,0.608089652,10130,1075,203
T30350,AI,2025-01-17T08:47:00.000Z,0.158747565,0.564552113,0.798105525,0.28212164,5698,4149,332
T30353,Finance,2025-01-06T23:55:00.000Z,0.650587447,0.18798821,0.104504301,0.500357082,4471,4400,808
T3038,AI,2025-01-10T10:21:00.000Z,0.500796855,0.376716118,0.557455618,0.619671992,1971,1142,596
T30382,Sports,2025-01-14T03:38:00.000Z,0.500796855,0.837524325,0.08277909,0.288131437,6011,4701,501
T30394,Finance,2025-01-19T18:25:00.000Z,0.343419989,0.341918678,0.955165753,0.504428297,10130,4946,454
T30398,AI,2025-01-04T23:19:00.000Z,0.500796855,0.49738816,0.567501362,0.440220436,9774,1212,954
T30411,AI,2025-01-23T11:32:00.000Z,0.500796855,0.3767614,0.825985369,0.214205216,19737,4857,135
T30429,AI,2025-01-07T16:13:00.000Z,0.500796855,0.212288687,0.119901514,0.644821471,1199,1694,541
T30433,AI,2025-01-21T21:50:00.000Z,0.500796855,0.924841946,0.331715582,0.34514656,19863,3924,755
T30440,Cloud,2025-01-06T02:26:00.000Z,0.500796855,0.914101847,0.247528847,0.805567394,3188,3545,452
T30458,Finance,2025-01-05T02:54:00.000Z,0.994795003,0.739522417,0.6349842,0.492530138,1299,2738,665
T30482,Finance,2025-01-09T10:36:00.000Z,0.086257526,0.957370479,0.57084296,0.98218773,4337,2189,821
T30484,Sports,2025-01-17T05:07:00.000Z,0.500796855,0.645565187,0.987940872,0.64129538,9230,1120,496
T30491,Finance,2025-01-06T10:09:00.000Z,0.2986871,0.829460001,0.832989441,0.801427718,10130,69,164
T30499,Cloud,2025-01-15T09:05:00.000Z,0.500796855,0.193087081,0.775508649,0.857980174,11626,4531,721
T30502,Sports,2025-01-23T18:10:00.000Z,0.500796855,0.609775559,0.37474483,0.127280644,4212,2942,917
T30508,AI,2025-01-11T02:24:00.000Z,0.154372592,0.709284072,0.804406775,0.613767142,2303,1637,650
T30530,Sports,2025-01-05T02:42:00.000Z,0.561565478,0.482782191,0.492344545,0.336306848,9220,4338,459
T30532,Finance,2025-01-19T09:18:00.000Z,0.244817696,0.45427121,0.860572153,0.243373808,11333,3612,700
T30534,Cloud,2025-01-10T15:27:00.000Z,0.042599982,0.168827821,0.749141624,0.157137374,15892,553,737
T30537,Finance,2025-01-13T15:32:00.000Z,0.652175816,0.65305447,0.926233053,0.483416405,17907,1844,250
T30540,AI,2025-01-20T07:16:00.000Z,0.500796855,0.036128771,0.0631127,0.297810251,5049,4346,84
T30553,Finance,2025-01-03T07:56:00.000Z,0.500796855,0.79531268,0.466954331,0.085862716,1741,4496,311
T30564,AI,2025-01-18T07:21:00.000Z,0.133170254,0.321228053,0.85705439,0.651878392,15606,1696,505
T30586,AI,2025-01-02T06:48:00.000Z,0.508853592,0.872946366,0.714417136,0.705982728,11659,2914,863
T30589,AI,2025-01-06T01:53:00.000Z,0.161340643,0.429819333,0.025027944,0.995886523,15343,2983,248
T30613,Finance,2025-01-23T09:04:00.000Z,0.357681081,0.400286448,0.432258961,0.933616025,3929,2886,961
T30618,Cloud,2025-01-02T11:21:00.000Z,0.594850918,0.850730211,0.492344545,0.653880513,11417,348,641
T3063,Sports,2025-01-13T07:03:00.000Z,0.500796855,0.967300058,0.352746235,0.058739786,16873,3034,79
T30630,Finance,2025-01-11T10:51:00.000Z,0.500796855,0.752197698,0.942083246,0.262254063,12648,2494,822
T30632,Cloud,2025-01-13T02:19:00.000Z,0.59758071,0.833155065,0.322653738,0.935915084,7884,3469,261
T30638,Cloud,2025-01-12T14:34:00.000Z,0.146664475,0.776362556,0.167088999,0.462932582,13410,2330,152
T30653,Sports,2025-01-22T13:46:00.000Z,0.610148962,0.562852148,0.506036457,0.71161581,12244,366,208
T30668,Finance,2025-01-01T16:35:00.000Z,0.066389781,0.282103389,0.541164618,0.504428297,9508,833,475
T30669,Sports,2025-01-17T21:12:00.000Z,0.412159414,0.607419968,0.607097924,0.504428297,80,2531,475
T30681,Finance,2025-01-21T15:49:00.000Z,0.62603523,0.193479596,0.003741403,0.19144337,101,542,640
T30693,Finance,2025-01-02T08:11:00.000Z,0.500796855,0.464524645,0.360776459,0.446290635,12459,2252,393
T30700,Cloud,2025-01-04T14:17:00.000Z,0.346843839,0.48920034,0.457737254,0.048836311,19265,112,468
T30719,Finance,2025-01-09T16:41:00.000Z,0.441674238,0.870366725,0.153121845,0.504428297,434,4455,551
T30727,AI,2025-01-01T10:35:00.000Z,0.500796855,0.204910018,0.168247771,0.856606916,16985,3347,304
T30735,Sports,2025-01-09T19:11:00.000Z,0.500796855,0.333461917,0.500050932,0.898996771,7332,2900,963
T30742,AI,2025-01-11T19:49:00.000Z,0.530720154,0.424553938,0.179693347,0.715294854,17209,1213,954
T30754,Cloud,2025-01-04T09:56:00.000Z,0.263965545,0.335898322,0.218046551,0.26145488,4540,4772,100
T30756,Sports,2025-01-18T14:52:00.000Z,0.152391921,0.873363845,0.16633568,0.78779829,12283,772,243
T3076,Sports,2025-01-14T02:10:00.000Z,0.500796855,0.695874811,0.197301213,0.538936969,3165,3494,423
T30762,Cloud,2025-01-14T05:31:00.000Z,0.500796855,0.205075588,0.783860012,0.988480973,10130,357,698
T30768,Cloud,2025-01-22T18:15:00.000Z,0.500796855,0.304571156,0.864662316,0.504428297,10130,322,636
T30775,AI,2025-01-24T01:20:00.000Z,0.500796855,0.83820808,0.734901921,0.037671177,374,1622,117
T30799,AI,2025-01-20T17:00:00.000Z,0.107345734,0.501640948,0.469041701,0.02599468,19513,3391,927
T30805,Sports,2025-01-23T05:13:00.000Z,0.500796855,0.963909268,0.088701512,0.591667489,353,2206,277
T30817,AI,2025-01-19T19:23:00.000Z,0.37775134,0.51382388,0.223708636,0.982809411,7009,2312,527
T30838,Cloud,2025-01-06T04:19:00.000Z,0.310138195,0.539751326,0.246426641,0.426391729,17004,2494,954
T30840,Finance,2025-01-12T08:55:00.000Z,0.500796855,0.194270657,0.488350629,0.830701421,19993,2158,950
T30859,AI,2025-01-18T16:27:00.000Z,0.672308439,0.00821867,0.945812326,0.12021697,6350,891,285
T30860,Sports,2025-01-21T21:49:00.000Z,0.275072027,0.480219984,0.373461359,0.996271848,10130,1634,231
T30871,Sports,2025-01-06T09:00:00.000Z,0.500796855,0.687295568,0.677278292,0.937556427,18106,1040,652
T30873,AI,2025-01-12T07:18:00.000Z,0.621374464,0.076509493,0.250672419,0.660765797,18142,3312,146
T30879,Sports,2025-01-11T15:47:00.000Z,0.500796855,0.217156583,0.944146501,0.784520643,877,2621,239
T30884,AI,2025-01-08T15:19:00.000Z,0.500796855,0.613203984,0.066606961,0.069873999,15529,2152,906
T30898,Finance,2025-01-06T14:08:00.000Z,0.72292091,0.472691224,0.499908704,0.688327085,17356,1990,310
T30908,Sports,2025-01-03T13:04:00.000Z,0.500796855,0.821050306,0.254232023,0.563340903,14071,3114,588
T30917,Sports,2025-01-14T03:14:00.000Z,0.350094817,0.634566712,0.476200759,0.715896799,19130,1901,972
T30918,Cloud,2025-01-11T16:24:00.000Z,0.500796855,0.47356153,0.451610764,0.111601559,11824,352,79
T30931,AI,2025-01-13T12:04:00.000Z,0.500796855,0.463070904,0.381632576,0.995535667,3352,4552,552
T30934,Cloud,2025-01-21T06:50:00.000Z,0.539925617,0.819710715,0.792130093,0.741884132,18439,3701,981
T30942,Finance,2025-01-12T17:16:00.000Z,0.500796855,0.003882645,0.389058374,0.882613821,3351,1411,645
T30946,AI,2025-01-19T19:17:00.000Z,0.075519614,0.849349469,0.497832531,0.438469483,6302,3881,339
T30956,Finance,2025-01-19T16:18:00.000Z,0.873292768,0.070160303,0.95382243,0.692353121,5930,1492,428
T30958,AI,2025-01-03T11:12:00.000Z,0.294940734,0.121117596,0.263113293,0.63602762,1656,2210,290
T30971,Sports,2025-01-07T19:12:00.000Z,0.500796855,0.227301685,0.713731377,0.912857048,5002,3561,601
T30976,Finance,2025-01-20T23:10:00.000Z,0.971045901,0.824101911,0.091366601,0.595409949,10130,498,22
T30978,Sports,2025-01-09T05:37:00.000Z,0.500796855,0.233327074,0.492344545,0.391760598,234,3411,628
T3099,Cloud,2025-01-04T16:30:00.000Z,0.205294483,0.995690642,0.715586071,0.311762277,19125,4071,696
T31007,AI,2025-01-13T02:53:00.000Z,0.500796855,0.860914528,0.459660613,0.053390555,10025,2753,645
T31021,Cloud,2025-01-19T10:06:00.000Z,0.500796855,0.729901056,0.444645024,0.474262725,17335,1933,805
T31028,Cloud,2025-01-15T19:08:00.000Z,0.111634056,0.855881042,0.74123309,0.409591188,3208,4784,178
T31033,Finance,2025-01-22T06:50:00.000Z,0.501589152,0.461200519,0.488284244,0.911365782,16333,3507,501
T31074,AI,2025-01-13T20:36:00.000Z,0.500796855,0.551274341,0.36587651,0.196733933,8955,2494,111
T31079,Sports,2025-01-08T07:15:00.000Z,0.500796855,0.855286938,0.446625657,0.167762552,8008,2275,501
T31083,AI,2025-01-20T17:01:00.000Z,0.449869786,0.266835341,0.012971237,0.613499637,12827,729,304
T31096,Finance,2025-01-08T16:07:00.000Z,0.500796855,0.194819348,0.221998108,0.933749161,17092,3637,499
T3111,Sports,2025-01-16T03:34:00.000Z,0.500796855,0.49738816,0.830662659,0.242009532,4642,2834,671
T31111,Finance,2025-01-20T05:44:00.000Z,0.500796855,0.495965288,0.427734066,0.504428297,8846,2067,958
T31122,Finance,2025-01-24T00:31:00.000Z,0.500796855,0.18242947,0.667644722,0.808697093,10130,3855,538
T31129,Cloud,2025-01-06T09:48:00.000Z,0.500796855,0.17616024,0.275311005,0.504428297,4241,3970,214
T31145,Sports,2025-01-17T13:55:00.000Z,0.500796855,0.194035948,0.700816645,0.173413426,4771,2913,580
T31147,AI,2025-01-17T14:57:00.000Z,0.500796855,0.414314335,0.159503034,0.567933252,7987,4668,809
T31157,Cloud,2025-01-13T17:35:00.000Z,0.500796855,0.720098625,0.575337485,0.627047959,12114,3612,61
T31158,AI,2025-01-21T11:48:00.000Z,0.500796855,0.318326311,0.598881434,0.685588098,2312,4116,174
T31171,Sports,2025-01-20T12:56:00.000Z,0.500796855,0.052387036,0.798308012,0.618487087,4241,3466,787
T31175,Sports,2025-01-08T15:40:00.000Z,0.500796855,0.947648201,0.212574379,0.537236244,7102,4396,361
T31182,Cloud,2025-01-07T06:10:00.000Z,0.500796855,0.466608314,0.736702985,0.882054146,18150,2494,5
T31195,Finance,2025-01-08T12:17:00.000Z,0.500796855,0.316380837,0.757121781,0.847541014,10541,3190,827
T31203,Cloud,2025-01-22T12:44:00.000Z,0.245693803,0.497252565,0.303294158,0.795387546,281,2494,52
T31204,Finance,2025-01-09T23:05:00.000Z,0.99401782,0.330103755,0.3830261,0.572085309,12318,2047,530
T3122,AI,2025-01-18T06:49:00.000Z,0.134131115,0.896891388,0.865851342,0.318033568,525,1383,99
T31221,Sports,2025-01-03T14:47:00.000Z,0.176177977,0.009119102,0.0959595,0.434865118,12878,1938,661
T31224,Cloud,2025-01-12T07:21:00.000Z,0.551756318,0.65002227,0.974554229,0.947102227,12278,2720,648
T31225,Sports,2025-01-22T18:27:00.000Z,0.291031724,0.172891997,0.752905545,0.692363991,18070,1836,135
T31231,AI,2025-01-05T13:47:00.000Z,0.010662093,0.203698831,0.486916919,0.633701953,2007,4311,311
T31237,AI,2025-01-16T12:30:00.000Z,0.073124219,0.610588401,0.414763727,0.978608269,3718,3059,425
T31239,Finance,2025-01-06T10:10:00.000Z,0.500796855,0.024748831,0.542060288,0.173368966,11708,244,142
T31240,Finance,2025-01-18T18:46:00.000Z,0.500796855,0.341342668,0.259005334,0.966795874,5788,3265,562
T31255,Finance,2025-01-14T14:16:00.000Z,0.500796855,0.097506688,0.464516032,0.410959137,2827,3094,329
T31267,AI,2025-01-05T20:54:00.000Z,0.500796855,0.954349417,0.23351717,0.915467425,17216,2494,401
T31279,AI,2025-01-18T03:11:00.000Z,0.500796855,0.568237746,0.773837769,0.89573896,8156,4377,709
T31285,Sports,2025-01-10T16:52:00.000Z,0.900618621,0.247492166,0.326695576,0.925461291,1012,1790,435
T31300,AI,2025-01-20T14:04:00.000Z,0.500796855,0.130901824,0.537102423,0.618704006,3156,3425,501
T31303,AI,2025-01-16T16:07:00.000Z,0.506400738,0.453774353,0.564020032,0.711952887,6706,1309,364
T31306,Finance,2025-01-21T02:17:00.000Z,0.500796855,0.816819244,0.580901455,0.781331612,754,1271,398
T31349,AI,2025-01-14T10:42:00.000Z,0.500796855,0.432292888,0.706276735,0.108079884,17547,555,794
T31357,AI,2025-01-02T00:08:00.000Z,0.05897478,0.342101135,0.82725141,0.677233164,14511,937,578
T31363,Sports,2025-01-03T18:52:00.000Z,0.500796855,0.927241621,0.585099464,0.610422203,5533,855,600
T31365,Cloud,2025-01-04T11:51:00.000Z,0.976751897,0.057764811,0.660596526,0.643261617,15985,940,973
T31367,Cloud,2025-01-19T03:09:00.000Z,0.425727614,0.134376332,0.182939534,0.592850626,2847,2494,665
T31380,Sports,2025-01-21T01:30:00.000Z,0.572769784,0.241484786,0.727370123,0.745740831,16936,3433,477
T31388,AI,2025-01-14T15:23:00.000Z,0.500796855,0.217712177,0.897226384,0.420389419,12151,3373,570
T31393,Finance,2025-01-20T20:37:00.000Z,0.129579668,0.813876292,0.563511333,0.99282755,1397,3484,294
T31396,Sports,2025-01-11T23:36:00.000Z,0.014836903,0.960665461,0.712742844,0.544010398,17208,3754,320
T31404,Cloud,2025-01-16T10:04:00.000Z,0.254038938,0.49738816,0.373271729,0.110285267,9255,1410,483
T31423,Sports,2025-01-03T05:53:00.000Z,0.478741557,0.218008748,0.088640059,0.531763589,10859,4875,30
T3144,Sports,2025-01-16T06:33:00.000Z,0.500796855,0.976268733,0.911623597,0.845590852,17336,431,473
T31447,AI,2025-01-19T22:46:00.000Z,0.09630407,0.887748002,0.254964449,0.564651184,15637,2757,968
T31463,AI,2025-01-07T04:36:00.000Z,0.525197431,0.208842135,0.299626714,0.306446765,15399,3147,836
T31466,Sports,2025-01-03T04:21:00.000Z,0.943843754,0.585346926,0.410513467,0.824114666,10130,323,23
T31470,Finance,2025-01-02T12:57:00.000Z,0.500796855,0.611728433,0.520260859,0.78047144,17746,1882,763
T31476,Sports,2025-01-23T09:24:00.000Z,0.500796855,0.184692349,0.960490091,0.03194558,6055,599,694
T31498,Finance,2025-01-11T10:36:00.000Z,0.706064651,0.49738816,0.136410115,0.423622276,6943,36,210
T31503,Sports,2025-01-14T12:57:00.000Z,0.252267739,0.626732306,0.428732196,0.058920506,6639,1161,725
T3151,Cloud,2025-01-23T11:06:00.000Z,0.500796855,0.584082084,0.156080294,0.408675703,9496,1056,370
T31537,Finance,2025-01-22T19:46:00.000Z,0.402899507,0.346751555,0.938707812,0.961580202,17379,3903,501
T31538,Sports,2025-01-04T21:07:00.000Z,0.207349408,0.184657084,0.05299902,0.02615025,7967,1632,675
T31547,Finance,2025-01-09T05:38:00.000Z,0.500796855,0.236221947,0.212617857,0.197441449,14350,4677,549
T31562,Sports,2025-01-15T09:23:00.000Z,0.345162841,0.662907112,0.058971592,0.866124992,13957,2264,114
T3158,Cloud,2025-01-22T08:24:00.000Z,0.500796855,0.992612715,0.407170735,0.314010733,16305,1438,455
T31590,Sports,2025-01-14T11:45:00.000Z,0.500796855,0.10901787,1.63E-04,0.632142964,17583,3567,204
T31595,Sports,2025-01-17T06:06:00.000Z,0.122672064,0.690800369,0.690010681,0.262416517,15365,2494,626
T31616,Finance,2025-01-01T03:43:00.000Z,0.500796855,0.428589476,0.725403559,0.63207937,6562,2133,950
T31620,Finance,2025-01-17T17:47:00.000Z,0.972019336,0.178218665,0.941716362,0.630153995,151,339,501
T31623,Cloud,2025-01-21T18:24:00.000Z,0.834452869,0.357384603,0.340188755,0.495035168,11938,2338,722
T31626,Sports,2025-01-05T16:19:00.000Z,0.500796855,0.74338947,0.005333152,0.630259629,17448,2173,788
T3163,Finance,2025-01-11T05:54:00.000Z,0.500796855,0.356371742,0.186089345,0.2637004,893,499,236
T3164,Sports,2025-01-16T11:46:00.000Z,0.500796855,0.228035217,0.392499686,0.64126752,15811,1526,963
T31640,Finance,2025-01-19T11:42:00.000Z,0.500796855,0.987575639,0.492344545,0.570128829,6271,1186,801
T31672,Cloud,2025-01-09T09:15:00.000Z,0.727371155,0.869756572,0.079913142,0.087672187,8541,2196,814
T31675,Finance,2025-01-05T11:07:00.000Z,0.4718948,0.281969604,0.608242922,0.278393025,10130,2723,823
T31677,Cloud,2025-01-16T08:33:00.000Z,0.500796855,0.785270235,0.815207515,0.99325158,3305,3057,222
T31687,Cloud,2025-01-21T05:32:00.000Z,0.2533852,0.261391945,0.775359415,0.257287892,4375,4501,439
T31698,Sports,2025-01-20T04:15:00.000Z,0.749636488,0.951403741,0.355178547,0.817337608,2480,2958,959
T31719,Finance,2025-01-23T07:32:00.000Z,0.500796855,0.113633946,0.32777935,0.02251439,4423,1448,734
T31729,Sports,2025-01-23T02:02:00.000Z,0.500796855,0.762485813,0.475086662,0.404002722,16806,1918,230
T31736,Sports,2025-01-19T10:22:00.000Z,0.447030848,0.866927558,0.191900805,0.103974327,17336,81,358
T31739,Cloud,2025-01-24T02:35:00.000Z,0.961624498,0.633659336,0.25048655,0.488825562,10130,2700,130
T31761,AI,2025-01-10T18:56:00.000Z,0.500796855,0.300840353,0.189061429,0.672124341,3131,379,639
T31763,Finance,2025-01-01T20:34:00.000Z,0.500796855,0.49738816,0.372564644,0.556854507,13944,1561,984
T31768,Cloud,2025-01-09T17:10:00.000Z,0.500796855,0.754884952,0.326737177,0.479390721,12342,2956,149
T31770,Cloud,2025-01-14T05:25:00.000Z,0.500796855,0.233953667,0.609887641,0.771714156,14425,1997,388
T31776,Sports,2025-01-15T13:01:00.000Z,0.711342501,0.08019588,0.573232064,0.634198223,2237,2022,401
T31791,Sports,2025-01-09T16:08:00.000Z,0.907594872,0.110474846,0.172917951,0.62946919,14226,3660,489
T31799,Finance,2025-01-16T13:29:00.000Z,0.500796855,0.837832588,0.768594745,0.617463145,7848,2494,887
T3180,Sports,2025-01-07T03:28:00.000Z,0.500796855,0.42611602,0.593712156,0.249063445,5813,327,351
T31800,AI,2025-01-16T11:45:00.000Z,0.25582413,0.249749081,0.950052128,0.040317748,15582,1235,731
T31832,Sports,2025-01-03T05:26:00.000Z,0.500796855,0.49738816,0.346808804,0.577272547,13358,3892,248
T31841,Cloud,2025-01-10T17:46:00.000Z,0.500796855,0.256506004,0.562629786,0.881347825,19372,4401,91
T31849,Sports,2025-01-13T01:25:00.000Z,0.500796855,0.396341968,0.435029455,0.966675069,3584,3955,608
T31857,Sports,2025-01-16T13:25:00.000Z,0.534164574,0.974648514,0.053667124,0.217320282,6130,1294,501
T31892,Cloud,2025-01-12T13:19:00.000Z,0.480733917,0.896479942,0.387905047,0.898182778,13163,872,923
T31898,Finance,2025-01-07T22:41:00.000Z,0.500796855,0.495564654,0.418385201,0.945881323,5931,3995,584
T3190,AI,2025-01-13T20:43:00.000Z,0.500796855,0.583761071,0.257407855,0.185854052,6216,4713,508
T31903,Finance,2025-01-07T09:06:00.000Z,0.585148835,0.331211712,0.0227481,0.169984578,16827,534,896
T31917,Sports,2025-01-20T06:07:00.000Z,0.078892237,0.274774379,0.370702336,0.504428297,12729,920,933
T31918,AI,2025-01-19T11:25:00.000Z,0.500796855,0.608318136,0.492344545,0.195611448,19744,3078,614
T31920,Sports,2025-01-07T18:37:00.000Z,0.500796855,0.230638717,0.407629003,0.992571523,12219,1213,792
T3193,Cloud,2025-01-15T19:24:00.000Z,0.530637459,0.60981577,0.529926154,0.063580728,4562,3892,981
T31938,AI,2025-01-02T00:17:00.000Z,0.202547157,0.226471992,0.945724969,0.504428297,580,1701,388
T31944,Sports,2025-01-04T14:08:00.000Z,0.69332238,0.760645656,0.807518756,0.774388721,3718,1850,501
T31952,AI,2025-01-01T02:55:00.000Z,0.500796855,0.43076728,0.186306419,0.912319448,14114,3279,487
T31955,Sports,2025-01-01T01:53:00.000Z,0.500796855,0.975820081,0.417240859,0.617032385,18171,3279,202
T31959,Finance,2025-01-22T22:43:00.000Z,0.078492286,0.131617943,0.047379224,0.596784116,18014,4818,739
T31966,Finance,2025-01-08T13:09:00.000Z,0.164899685,0.49738816,0.222911832,0.219079531,5676,2306,933
T31975,Sports,2025-01-19T20:43:00.000Z,0.500796855,0.112462365,0.884191068,0.729086024,11738,18,616
T3198,Sports,2025-01-12T15:37:00.000Z,0.500796855,0.443189092,0.014101586,0.067762797,12765,2294,272
T31982,Sports,2025-01-21T08:51:00.000Z,0.500796855,0.248826659,0.429576854,0.969663347,7739,3953,118
T31985,Finance,2025-01-21T14:53:00.000Z,0.500796855,0.263252412,0.792195099,0.676841219,15922,3881,839
T31997,Finance,2025-01-16T21:24:00.000Z,0.13408094,0.166620471,0.346486996,0.508293174,13428,1427,305
T32003,Sports,2025-01-19T01:53:00.000Z,0.500796855,0.386387281,0.449010519,0.872998187,5236,2667,923
T32015,Sports,2025-01-06T16:45:00.000Z,0.500796855,0.96502512,0.189295277,0.867005978,10130,1364,208
T32034,Cloud,2025-01-23T11:28:00.000Z,0.309955604,0.846644157,0.186374496,0.064169578,19948,895,262
T32037,Sports,2025-01-12T08:15:00.000Z,0.500796855,0.994665806,0.131759529,0.695223078,3032,2058,996
T32039,Sports,2025-01-07T19:47:00.000Z,0.145387543,0.769934183,0.695728827,0.231497447,11197,4690,333
T32066,Finance,2025-01-17T02:46:00.000Z,0.320640537,0.282102212,0.560490385,0.757096539,2590,715,595
T32091,Sports,2025-01-20T00:37:00.000Z,0.685458785,0.164626668,0.838816617,0.314314248,14612,1603,31
T32097,Finance,2025-01-09T13:13:00.000Z,0.824221506,0.2710295,0.171191219,0.823814839,12312,117,971
T32102,Sports,2025-01-17T10:31:00.000Z,0.735513717,0.192610676,0.125080314,0.201061185,10419,1166,826
T32109,Sports,2025-01-09T05:05:00.000Z,0.500796855,0.240423824,0.492344545,0.083249935,18729,34,59
T32110,AI,2025-01-02T17:44:00.000Z,0.500796855,0.863917647,0.179436331,0.999629917,10130,4123,86
T32111,Cloud,2025-01-20T16:36:00.000Z,0.500796855,0.49738816,0.854070098,0.998852567,17674,1236,501
T32119,AI,2025-01-15T06:27:00.000Z,0.500796855,0.526255078,0.448628493,0.349515154,16719,4227,940
T32120,Cloud,2025-01-14T05:51:00.000Z,0.022224282,0.804986278,0.992393158,0.485155887,3143,3712,489
T32124,AI,2025-01-01T08:27:00.000Z,0.338994118,0.49738816,0.54753714,0.015290552,8590,3424,547
T32129,AI,2025-01-12T23:32:00.000Z,0.500796855,0.589824525,0.718902212,0.304693531,1039,4513,379
T32147,Sports,2025-01-06T09:36:00.000Z,0.500796855,0.27008583,0.799796813,0.352347301,18465,1886,702
T32148,Cloud,2025-01-16T16:25:00.000Z,0.500796855,0.922626102,0.089534958,0.996807761,14872,2494,988
T32163,AI,2025-01-16T05:43:00.000Z,0.500796855,0.74474036,0.164644904,0.34264753,17696,2831,583
T32182,Sports,2025-01-11T17:35:00.000Z,0.500796855,0.528257371,0.660046039,0.609074854,11759,1144,242
T32190,Sports,2025-01-02T04:12:00.000Z,0.500796855,0.810187434,0.339905881,0.519191396,10044,1874,266
T32201,Cloud,2025-01-22T00:34:00.000Z,0.500796855,0.158880817,0.107655705,0.35450409,13431,2434,774
T32214,Cloud,2025-01-03T00:17:00.000Z,0.500796855,0.190927838,0.846083744,0.583949313,17069,315,864
T32215,AI,2025-01-14T22:16:00.000Z,0.627599122,0.726270211,0.437743499,0.85936954,1649,4105,137
T32218,Cloud,2025-01-05T12:01:00.000Z,0.591116844,0.532934733,0.591218725,0.351720139,6807,3875,391
T3222,AI,2025-01-22T08:03:00.000Z,0.500796855,0.847109994,0.452948565,0.057841355,15818,2494,712
T32243,Sports,2025-01-06T11:30:00.000Z,0.661811613,0.901355772,0.290351365,0.138152474,10130,3116,399
T32249,Finance,2025-01-22T19:39:00.000Z,0.726068287,0.874315837,0.253381504,0.515497769,19935,760,711
T32266,Finance,2025-01-14T07:12:00.000Z,0.500796855,0.49738816,0.741809494,0.851833012,6204,1895,790
T32270,AI,2025-01-02T20:23:00.000Z,0.500796855,0.724515399,0.377557842,0.82215825,4787,4836,415
T32278,Finance,2025-01-20T06:01:00.000Z,0.428399879,0.666022946,0.778903586,0.728783251,13115,758,577
T32283,Cloud,2025-01-14T17:44:00.000Z,0.183594564,0.619113049,0.7069539,0.112318795,15552,1457,846
T32288,Cloud,2025-01-02T10:02:00.000Z,0.500796855,0.508218467,0.585211122,0.841881682,19220,3424,438
T32292,Sports,2025-01-04T03:28:00.000Z,0.582377953,0.075852132,0.311689472,0.313201927,5966,3133,425
T32315,Finance,2025-01-17T09:37:00.000Z,0.526007852,0.295597733,0.55675758,0.343479691,10130,735,177
T32329,Sports,2025-01-21T19:26:00.000Z,0.500796855,0.759771855,0.470184085,0.329861214,14425,193,690
T32343,Cloud,2025-01-14T02:38:00.000Z,0.74762965,0.855408203,0.842027559,0.085807763,17778,3676,744
T3235,AI,2025-01-23T22:57:00.000Z,0.958212217,0.511158815,0.147885845,0.525703869,10548,1977,577
T32355,Sports,2025-01-08T02:03:00.000Z,0.500796855,0.613861464,0.949189749,0.504428297,166,941,371
T32359,Sports,2025-01-15T17:34:00.000Z,0.124623698,0.786798121,0.762758204,0.559927047,15400,3635,589
T3236,Cloud,2025-01-21T22:15:00.000Z,0.500796855,0.49738816,0.702956136,0.101632489,9830,4012,281
T32376,Finance,2025-01-21T18:36:00.000Z,0.305044865,0.341820273,0.571441566,0.504428297,6263,3789,947
T3239,Sports,2025-01-02T17:40:00.000Z,0.346037509,0.737720448,0.138989314,0.504428297,14476,3900,41
T32390,Sports,2025-01-05T16:40:00.000Z,0.991830018,0.533347518,0.398654991,0.230816831,2100,2494,123
T32391,Sports,2025-01-02T04:40:00.000Z,0.500796855,0.071147696,0.583232494,0.435964416,8982,2874,639
T32397,Cloud,2025-01-19T20:21:00.000Z,0.500796855,0.49881072,0.424235113,0.858285366,8981,2570,722
T3240,Cloud,2025-01-06T05:53:00.000Z,0.949664812,0.348941875,0.532748706,0.77791049,11952,2128,960
T32419,Sports,2025-01-14T22:31:00.000Z,0.893408889,0.770252127,0.228932937,0.888036636,15257,2751,809
T32422,Finance,2025-01-06T15:45:00.000Z,0.776517248,0.773989744,0.480421994,0.504428297,9378,2160,897
T32427,AI,2025-01-06T10:48:00.000Z,0.500796855,0.638844828,0.180062183,0.490152909,10764,1227,401
T3244,AI,2025-01-01T00:59:00.000Z,0.40002486,0.936029017,0.119076989,0.388208179,8019,215,646
T32455,Cloud,2025-01-22T05:27:00.000Z,0.500796855,0.712015047,0.424063244,0.376520473,13719,2494,532
T32459,Cloud,2025-01-02T10:01:00.000Z,0.500796855,0.529364155,0.328785365,0.567340109,8010,4479,375
T32463,Sports,2025-01-19T10:00:00.000Z,0.500796855,0.292314659,0.113119718,0.334173556,10654,580,884
T32470,Cloud,2025-01-19T09:27:00.000Z,0.318192183,0.15397544,0.91952927,0.713328543,3643,1994,143
T32483,Finance,2025-01-16T12:21:00.000Z,0.500796855,0.642008151,0.310021562,0.646837909,615,165,120
T32486,AI,2025-01-12T05:14:00.000Z,0.500796855,0.636670248,0.834805288,0.330153917,17718,4404,222
T32495,Finance,2025-01-12T21:33:00.000Z,0.500796855,0.549609453,0.33979242,0.153272699,7886,1997,112
T32498,Sports,2025-01-07T21:51:00.000Z,0.500796855,0.080969389,0.903379947,0.8166113,3119,2494,5
T32504,AI,2025-01-15T06:09:00.000Z,0.448179614,0.49738816,0.819298617,0.13788697,10130,369,981
T32507,Cloud,2025-01-10T22:06:00.000Z,0.500796855,0.951954538,0.059659209,0.00451311,14799,2442,501
T3252,Finance,2025-01-12T09:14:00.000Z,0.731054979,0.502582843,0.126233148,0.1791399,16511,3004,815
T32523,Cloud,2025-01-10T16:53:00.000Z,0.500796855,0.843385919,0.864652183,0.353106302,10425,3732,706
T3254,Cloud,2025-01-16T15:48:00.000Z,0.500796855,0.547419438,0.049544549,0.372433212,7114,2494,808
T32567,Sports,2025-01-16T05:49:00.000Z,0.500796855,0.475637444,0.803733928,0.751706849,5081,4102,102
T32568,Sports,2025-01-08T01:33:00.000Z,0.500796855,0.942062893,0.492344545,0.352847118,831,26,647
T3258,Finance,2025-01-05T05:01:00.000Z,0.500796855,0.498308594,0.492344545,0.561384104,6474,3876,558
T32583,Cloud,2025-01-06T04:59:00.000Z,0.042034219,0.061497669,0.729695377,0.148611916,15681,2175,211
T32589,Sports,2025-01-06T10:50:00.000Z,0.500796855,0.88700524,0.505180767,0.139349134,9079,3353,907
T32592,Sports,2025-01-13T06:35:00.000Z,0.637312122,0.378992811,0.749688665,0.576385422,1852,966,650
T32606,Sports,2025-01-10T03:04:00.000Z,0.287522114,0.836058341,0.87412866,0.276260893,4961,4049,501
T32614,AI,2025-01-18T14:25:00.000Z,0.500796855,0.106403181,0.133227547,0.864637648,7984,2494,919
T32616,AI,2025-01-23T21:40:00.000Z,0.207615527,0.730495462,0.730942146,0.036231849,3619,4089,348
T32622,AI,2025-01-15T15:19:00.000Z,0.256058186,0.946693359,0.044563684,0.271775042,10130,791,90
T32623,AI,2025-01-12T07:31:00.000Z,0.946053622,0.159307484,0.705236464,0.991277577,19282,2409,545
T3263,Cloud,2025-01-10T11:02:00.000Z,0.500796855,0.460327807,0.070932915,0.766493577,5063,2016,422
T32630,Sports,2025-01-02T02:40:00.000Z,0.525984177,0.518052708,0.590113285,0.504093507,9899,1125,998
T32637,AI,2025-01-03T17:06:00.000Z,0.500796855,0.964238337,0.938395852,0.274000514,1807,659,92
T32643,AI,2025-01-17T05:00:00.000Z,0.997891741,0.28143241,0.402771745,0.184029049,12878,3266,300
T32657,AI,2025-01-14T15:56:00.000Z,0.500796855,0.482398315,0.406983047,0.706188835,10908,3070,561
T32658,Finance,2025-01-13T01:16:00.000Z,0.325709146,0.49738816,0.303312924,0.040371399,6173,4009,86
T32677,AI,2025-01-17T01:26:00.000Z,0.500796855,0.600970319,0.809832567,3.21E-04,791,1559,293
T32694,AI,2025-01-22T23:13:00.000Z,0.187612167,0.582725592,0.413349585,0.368446975,17736,851,412
T32708,AI,2025-01-18T10:34:00.000Z,0.500796855,0.440753116,0.943883798,0.294926407,3415,973,517
T32718,Finance,2025-01-20T08:23:00.000Z,0.500796855,0.423639128,0.54057489,0.936170988,18756,4846,501
T32750,Sports,2025-01-02T08:01:00.000Z,0.716409455,0.1621148,0.270603382,0.991304373,16983,2077,279
T32751,AI,2025-01-11T18:42:00.000Z,0.500796855,0.799316001,0.864024661,0.320526159,10130,3728,248
T32752,Finance,2025-01-06T06:26:00.000Z,0.500796855,0.49738816,0.182226427,0.558091208,11049,3172,395
T32754,Cloud,2025-01-14T02:23:00.000Z,0.135408207,0.152225517,0.200890203,0.571266768,17937,1565,923
T32767,AI,2025-01-05T07:21:00.000Z,0.387504743,0.280097738,0.995517984,0.567701149,10130,3836,665
T32771,Cloud,2025-01-22T22:27:00.000Z,0.500796855,0.933592739,0.712570738,0.571547573,4467,898,443
T32807,Cloud,2025-01-03T04:03:00.000Z,0.303768769,0.48091931,0.780728086,0.004041281,19106,3810,229
T32808,Finance,2025-01-03T14:50:00.000Z,0.500796855,0.549639412,0.492344545,0.171264261,10851,3341,868
T32810,Cloud,2025-01-21T20:30:00.000Z,0.076584672,0.154591126,0.519450189,0.006743749,15852,2727,501
T3282,Finance,2025-01-02T20:35:00.000Z,0.434941236,0.696592477,0.679357154,0.02678864,6618,3177,757
T32827,AI,2025-01-01T23:02:00.000Z,0.500796855,0.049664162,0.492344545,0.690167916,17647,1646,501
T32844,Sports,2025-01-20T13:17:00.000Z,0.834760865,0.3587177,0.48148328,0.481602195,10580,4261,135
T32855,Finance,2025-01-04T17:28:00.000Z,0.18240037,0.92123864,0.446148509,0.496826133,9648,3328,511
T3286,Finance,2025-01-04T23:50:00.000Z,0.500796855,0.32926503,0.867071708,0.872815034,5001,547,165
T32881,AI,2025-01-22T21:49:00.000Z,0.657544328,0.006451431,0.248418047,0.853466341,13332,2830,994
T32886,Sports,2025-01-22T06:24:00.000Z,0.500796855,0.563029849,0.204622903,0.544613844,14019,1007,620
T32902,AI,2025-01-13T19:49:00.000Z,0.500796855,0.467383436,0.030803849,0.624508389,102,877,951
T32908,Cloud,2025-01-08T17:19:00.000Z,0.449847027,0.147788528,0.519328964,0.454216407,16321,741,8
T3292,Sports,2025-01-11T13:59:00.000Z,0.500796855,0.985713036,0.732851382,0.028784524,1897,4073,338
T32920,AI,2025-01-08T07:02:00.000Z,0.500796855,0.519480401,0.171140432,0.751500862,17064,522,883
T32950,Cloud,2025-01-11T08:28:00.000Z,0.827189953,0.655501918,0.683734532,0.699242773,3974,2946,501
T32953,AI,2025-01-21T08:35:00.000Z,0.678110379,0.778791958,0.304976437,0.981228748,18968,202,451
T32974,Finance,2025-01-21T22:03:00.000Z,0.167846752,0.10887969,0.492344545,0.882791309,29,2208,961
T32990,Sports,2025-01-05T13:17:00.000Z,0.500796855,0.459197114,0.136546984,0.033491882,3407,3070,714
T33,Finance,2025-01-01T15:13:00.000Z,0.385061411,0.11260617,0.657118149,0.895795292,6224,513,469
T33005,Finance,2025-01-13T09:51:00.000Z,0.500796855,0.35872598,0.146953291,0.777254151,14138,3043,351
T33034,Finance,2025-01-22T23:22:00.000Z,0.682539671,0.215927771,0.69625007,0.899727224,19236,2761,980
T3304,AI,2025-01-14T17:23:00.000Z,0.500796855,0.267094369,0.379376433,0.836879463,2284,2538,551
T33044,Cloud,2025-01-09T20:56:00.000Z,0.500796855,0.096166415,0.67322681,0.91690847,18629,779,351
T33054,Sports,2025-01-16T11:36:00.000Z,0.605519687,0.295224654,0.288529553,0.063633723,6042,624,785
T33064,Sports,2025-01-08T11:19:00.000Z,0.172662512,0.944341447,0.509756448,0.737379947,7375,4128,235
T33065,Sports,2025-01-07T19:35:00.000Z,0.500796855,0.287408265,0.379804233,0.346848335,17073,29,991
T33071,Sports,2025-01-21T02:58:00.000Z,0.301305357,0.777136668,0.110933404,0.7702467,7078,2600,244
T33073,Finance,2025-01-15T20:04:00.000Z,0.113735251,0.38121266,0.440378679,0.24448926,10130,1958,788
T33078,Sports,2025-01-03T03:49:00.000Z,0.853868587,0.626495296,0.635541622,0.201693135,18948,2737,926
T33081,Sports,2025-01-21T14:24:00.000Z,0.987099439,0.126766705,0.61438034,0.333780452,10130,156,772
T33097,Sports,2025-01-20T11:27:00.000Z,0.500796855,0.505780485,0.650147478,0.506950292,15459,980,942
T33104,Finance,2025-01-20T16:28:00.000Z,0.500796855,0.458593435,0.608881232,0.529175168,8847,225,145
T33105,Finance,2025-01-03T05:45:00.000Z,0.500796855,0.894484213,0.492344545,0.297089402,8387,481,517
T33107,Sports,2025-01-10T21:54:00.000Z,0.500796855,0.021996249,0.380222226,0.145220599,9742,3038,281
T33111,Finance,2025-01-04T12:00:00.000Z,0.500796855,0.145654131,0.970013566,0.113923607,6225,869,672
T33112,Sports,2025-01-07T11:55:00.000Z,0.738260905,0.307211753,0.492344545,0.64814387,615,2213,809
T33119,Finance,2025-01-04T03:49:00.000Z,0.637766912,0.063483756,0.058971073,0.650785036,431,2159,248
T33126,Sports,2025-01-06T09:30:00.000Z,0.500796855,0.22218784,0.034713658,0.917585901,2853,43,235
T33141,Sports,2025-01-24T00:52:00.000Z,0.500796855,0.840023557,0.998628423,0.935517411,19414,4375,536
T33164,Sports,2025-01-02T22:52:00.000Z,0.500796855,0.822956032,0.651722062,0.504428297,10222,619,75
T33167,AI,2025-01-20T09:27:00.000Z,0.500796855,0.947555232,0.492344545,0.498713424,10732,664,628
T33172,Finance,2025-01-06T14:32:00.000Z,0.500796855,0.044847216,0.955386969,0.600809564,10130,4610,284
T33180,Cloud,2025-01-17T19:13:00.000Z,0.500796855,0.506680866,0.78088831,0.988651276,1858,100,38
T33182,Cloud,2025-01-21T11:14:00.000Z,0.500796855,0.492272055,0.492344545,0.393872924,3478,4785,773
T3320,Sports,2025-01-15T23:34:00.000Z,0.500796855,0.854454958,0.030034926,0.268672145,19061,4696,342
T33220,Sports,2025-01-22T07:18:00.000Z,0.500796855,0.981868804,0.139817855,0.149160682,18028,3192,951
T33221,Sports,2025-01-21T02:12:00.000Z,0.500796855,0.66854391,0.382592595,0.493465138,14784,2827,138
T33226,AI,2025-01-13T17:29:00.000Z,0.966640341,0.75588851,0.787744358,0.83704428,17672,2205,486
T33253,Finance,2025-01-14T09:42:00.000Z,0.500796855,0.313720841,0.589727407,0.796370062,14010,4052,429
T3326,AI,2025-01-08T20:55:00.000Z,0.500796855,0.939335272,0.492344545,0.97701716,1785,593,193
T33266,AI,2025-01-20T21:27:00.000Z,0.087410944,0.49738816,0.972085204,0.22626996,15870,2698,864
T33272,Finance,2025-01-16T19:57:00.000Z,0.174143771,0.954399941,0.068949483,0.413170084,12665,1631,557
T33281,AI,2025-01-19T03:51:00.000Z,0.500796855,0.49738816,0.965597256,0.213605514,11428,4346,426
T33287,Sports,2025-01-18T04:49:00.000Z,0.500796855,0.84924211,0.653434883,0.820350287,5701,2374,200
T33308,AI,2025-01-01T19:49:00.000Z,0.289243843,0.491218647,0.01393101,0.118885825,17526,1940,980
T3331,Sports,2025-01-06T22:51:00.000Z,0.107402821,0.556546443,0.004491832,0.188169987,1567,817,638
T33314,Cloud,2025-01-10T16:52:00.000Z,0.500796855,0.225389374,0.136779377,0.518107064,15289,4194,874
T33326,Cloud,2025-01-10T18:50:00.000Z,0.101020199,0.007194253,0.748178864,0.988998348,11940,2513,823
T33329,Finance,2025-01-06T06:47:00.000Z,0.29164789,0.588248408,0.945837677,0.563543085,6448,2855,712
T33339,Cloud,2025-01-14T06:41:00.000Z,0.500796855,0.639728136,0.791128827,0.126748184,4882,227,470
T33361,Sports,2025-01-02T11:00:00.000Z,0.165869516,0.812630732,0.954412139,0.789351236,10130,4815,241
T33363,Sports,2025-01-07T06:27:00.000Z,0.475444964,0.154582695,0.935490154,0.464133171,10935,2494,177
T33380,Finance,2025-01-13T05:04:00.000Z,0.95144421,0.544663563,0.492344545,0.033814094,1170,4572,501
T33381,Sports,2025-01-08T00:39:00.000Z,0.564137312,0.966075257,0.763051308,0.521696783,7082,2842,174
T33386,Sports,2025-01-22T02:52:00.000Z,0.044408993,0.43475963,0.325041185,0.801009626,18482,2301,261
T33393,Cloud,2025-01-14T16:57:00.000Z,0.972487386,0.49738816,0.648125704,0.643948658,19532,4392,442
T33406,AI,2025-01-21T04:38:00.000Z,0.500796855,0.986048564,0.384646568,0.035547402,1894,1006,401
T33423,Cloud,2025-01-05T20:40:00.000Z,0.500796855,0.830283429,0.159182704,0.122512185,8002,1224,317
T33429,Cloud,2025-01-14T14:29:00.000Z,0.500796855,0.435060783,0.424407694,0.186632222,13192,349,351
T33436,Finance,2025-01-06T13:31:00.000Z,0.500796855,0.626148075,0.580263378,0.229017501,8817,3078,739
T33440,Finance,2025-01-20T19:30:00.000Z,0.500796855,0.659720962,0.00606003,0.34398243,13772,1654,543
T33452,Cloud,2025-01-08T02:41:00.000Z,0.500796855,0.852427391,0.073742081,0.915830632,2994,4684,274
T33468,Finance,2025-01-20T03:49:00.000Z,0.942348776,0.030789489,0.384273719,0.157857911,17528,2010,45
T33475,AI,2025-01-23T16:33:00.000Z,0.500796855,0.596355277,0.61002566,0.177931413,2215,3736,48
T33481,AI,2025-01-13T20:54:00.000Z,0.500796855,0.526471963,0.063968631,0.739829443,16599,4014,48
T33496,Cloud,2025-01-17T05:33:00.000Z,0.500796855,0.994137683,0.846912008,0.261769492,7190,2508,514
T335,AI,2025-01-20T23:11:00.000Z,0.018239729,0.265959099,0.615626495,0.772343637,18122,955,196
T33502,Sports,2025-01-01T07:50:00.000Z,0.857547768,0.49530116,0.685030516,0.509282156,6048,3389,596
T33537,AI,2025-01-24T01:17:00.000Z,0.500796855,0.319523295,0.789148863,0.400198365,10774,2622,227
T33541,AI,2025-01-18T20:39:00.000Z,0.256228682,0.49738816,0.526360036,0.575008454,2192,2941,403
T33544,AI,2025-01-18T23:08:00.000Z,0.500796855,0.033633422,0.347706854,0.691214852,536,2207,445
T33557,Sports,2025-01-20T04:08:00.000Z,0.500796855,0.49738816,0.893225984,0.996700849,14082,3873,897
T33559,AI,2025-01-16T10:47:00.000Z,0.500796855,0.954058881,0.492344545,0.875127158,4467,764,817
T3356,Cloud,2025-01-01T03:40:00.000Z,0.500796855,0.892862196,0.914019036,0.663200667,3482,1476,501
T33565,AI,2025-01-21T11:20:00.000Z,0.540671988,0.743429345,0.40796875,0.437602227,11352,2494,122
T33581,Finance,2025-01-10T06:28:00.000Z,0.720802422,0.8929582,0.669477756,0.504428297,19569,2714,884
T33583,AI,2025-01-02T06:38:00.000Z,0.500796855,0.058301624,0.481364851,0.504428297,16726,4443,584
T33597,Sports,2025-01-08T11:11:00.000Z,0.203946876,0.526075533,0.044329445,0.056346352,13050,1783,741
T336,Sports,2025-01-01T10:01:00.000Z,0.500796855,0.72178817,0.576012637,0.489449444,318,3170,905
T33602,AI,2025-01-13T11:41:00.000Z,0.500796855,0.478541249,0.381382285,0.169420414,13753,3151,405
T33607,Cloud,2025-01-09T16:22:00.000Z,0.500796855,0.838597875,0.611899687,0.23672709,7105,371,606
T33612,Cloud,2025-01-04T03:04:00.000Z,0.939979466,0.567902612,0.396451366,0.473428426,9452,4570,241
T33615,Finance,2025-01-14T19:57:00.000Z,0.500796855,0.673176321,0.492344545,0.639186209,11224,2494,612
T33627,Finance,2025-01-23T06:09:00.000Z,0.500796855,0.742834188,0.096183003,0.033180654,18428,3804,434
T33634,Finance,2025-01-04T15:53:00.000Z,0.500796855,0.512040205,0.256408763,0.404569467,6238,2253,618
T33644,Finance,2025-01-12T15:10:00.000Z,0.429846298,0.685385315,0.717005911,0.511329237,1251,3439,792
T33669,Sports,2025-01-10T20:21:00.000Z,0.233794669,0.49738816,0.367161697,0.108786859,12156,2452,970
T33680,Sports,2025-01-01T01:44:00.000Z,0.500796855,0.790616895,0.577403129,0.588374109,1837,4307,314
T33713,AI,2025-01-18T12:48:00.000Z,0.675983906,0.094160075,0.591433567,5.29E-04,2970,4683,501
T33725,Finance,2025-01-06T23:46:00.000Z,0.500796855,0.380168718,0.496544358,0.019789423,10130,2256,188
T33727,Cloud,2025-01-06T02:12:00.000Z,0.763494447,0.771341832,0.171166748,0.109133996,19373,2628,808
T33731,Sports,2025-01-02T16:45:00.000Z,0.500796855,0.024245115,0.067603546,0.379130058,4655,2499,679
T33733,AI,2025-01-21T23:33:00.000Z,0.633903296,0.077533939,0.492344545,0.716245744,1643,749,11
T33742,AI,2025-01-17T07:10:00.000Z,0.500796855,0.873271308,0.602452395,0.928044869,2172,1972,7
T33745,Sports,2025-01-18T05:32:00.000Z,0.500796855,0.907375246,0.628486832,0.105324522,2800,3961,447
T33748,Cloud,2025-01-05T22:30:00.000Z,0.692781518,0.49738816,0.695848782,0.275857858,1063,2477,396
T33764,AI,2025-01-23T00:32:00.000Z,0.500796855,0.49738816,0.434041421,0.614798612,6156,2813,154
T33784,AI,2025-01-16T04:50:00.000Z,0.500796855,0.949675051,0.901006182,0.924154772,2710,4047,122
T33790,Sports,2025-01-17T23:12:00.000Z,0.500796855,0.580470981,0.56161196,0.380256367,4586,1412,940
T33791,Sports,2025-01-21T01:06:00.000Z,0.323438151,0.968727852,0.770658336,0.511156213,10932,4088,848
T33798,Sports,2025-01-23T09:36:00.000Z,0.990968145,0.271122382,0.922801604,0.441969106,14517,2680,670
T33807,Sports,2025-01-21T14:56:00.000Z,0.706463849,0.847901185,0.237804716,0.675863706,14795,812,547
T33820,Sports,2025-01-07T03:00:00.000Z,0.500796855,0.216864822,0.273187438,0.509533559,14137,4217,664
T33832,Cloud,2025-01-10T02:03:00.000Z,0.890407206,0.166261162,0.768030295,0.953472099,3866,474,925
T33866,AI,2025-01-10T15:21:00.000Z,0.500796855,0.443397739,0.977416865,0.311537294,8623,851,258
T33867,AI,2025-01-11T22:40:00.000Z,0.809494532,0.759034978,0.134194448,0.246281947,1259,4392,938
T33872,Cloud,2025-01-14T22:31:00.000Z,0.311473912,0.882546479,0.170659192,0.302945906,9153,2326,632
T33888,AI,2025-01-22T12:11:00.000Z,0.500796855,0.178198871,0.478998853,0.408920501,16674,2667,476
T33921,Cloud,2025-01-23T08:53:00.000Z,0.0216723,0.539626215,0.272875128,0.543347192,1380,3786,501
T3393,Sports,2025-01-08T05:12:00.000Z,0.379303978,0.559551226,0.36902112,0.799676797,3564,4044,500
T33939,AI,2025-01-19T17:14:00.000Z,0.779289683,0.564502373,0.162118804,0.666052616,18965,3281,767
T33945,Finance,2025-01-08T23:07:00.000Z,0.500796855,0.559925731,0.492344545,0.379725388,13561,2356,534
T33946,Cloud,2025-01-03T14:14:00.000Z,0.500796855,0.883235402,0.577741273,0.88279536,15278,1350,82
T33969,Cloud,2025-01-10T16:40:00.000Z,0.294072078,0.718309622,0.434821257,0.846794688,9336,2025,35
T33976,Finance,2025-01-14T09:18:00.000Z,0.500796855,0.420428392,0.345113894,0.710292876,4502,4142,348
T33977,Sports,2025-01-02T09:08:00.000Z,0.238670261,0.324083562,0.627419165,0.905008894,4679,2169,327
T33984,AI,2025-01-01T18:35:00.000Z,0.500796855,0.134038953,0.633306835,0.109826,63,2230,758
T33999,Cloud,2025-01-20T12:53:00.000Z,0.274385061,0.91469308,0.071783411,0.764074315,576,511,193
T34005,Sports,2025-01-08T22:21:00.000Z,0.500796855,0.49738816,0.727688367,0.017788349,13759,2241,94
T34007,AI,2025-01-14T06:34:00.000Z,0.814024284,0.00606997,0.884307174,0.755383423,13087,1318,869
T34009,Cloud,2025-01-03T02:32:00.000Z,0.500796855,0.986412535,0.933736391,0.166572133,14758,3758,701
T34015,Sports,2025-01-18T16:51:00.000Z,0.032709855,0.258553504,0.047345702,0.659129577,10130,4152,809
T34032,Cloud,2025-01-01T13:15:00.000Z,0.202462919,0.435098004,0.455626696,0.853860043,16449,427,793
T34038,Cloud,2025-01-04T13:41:00.000Z,0.151317396,0.892609209,0.238032578,0.88474165,3050,4970,13
T34043,AI,2025-01-19T22:05:00.000Z,0.949081181,0.49738816,0.780444114,0.591884246,16620,567,534
T34046,Sports,2025-01-11T04:30:00.000Z,0.500796855,0.133826215,0.115271623,0.125090604,16986,368,552
T34061,Sports,2025-01-19T20:40:00.000Z,0.500796855,0.288214779,0.492344545,0.241645884,12208,1135,383
T34068,AI,2025-01-01T10:05:00.000Z,0.500796855,0.006287268,0.344383109,0.180262209,275,3337,295
T34071,AI,2025-01-04T16:45:00.000Z,0.500796855,0.321925893,0.836700532,0.394697677,10130,3123,884
T34103,Finance,2025-01-13T00:12:00.000Z,0.603310471,0.964853486,0.038951035,0.266433097,10157,1215,686
T34104,AI,2025-01-17T14:17:00.000Z,0.178997389,0.092990446,0.487701319,0.921377965,11358,1098,507
T34105,Finance,2025-01-03T11:08:00.000Z,0.500796855,0.864538236,0.570414903,0.308480304,4359,4801,501
T34109,Cloud,2025-01-07T08:45:00.000Z,0.500796855,0.154809106,0.492344545,0.389442945,54,1866,204
T3411,Finance,2025-01-09T23:45:00.000Z,0.959530272,0.991620498,0.683116373,0.95603773,8774,3924,148
T34112,Sports,2025-01-04T12:14:00.000Z,0.500796855,0.62166877,0.183795303,0.70227554,300,3130,749
T34134,AI,2025-01-05T16:43:00.000Z,0.500796855,0.211767179,0.725820487,0.177004514,11932,3018,812
T34143,Sports,2025-01-08T05:24:00.000Z,0.244823359,0.383717779,0.78836006,0.335895327,16852,3606,916
T34151,Cloud,2025-01-12T20:59:00.000Z,0.329319144,0.857604358,0.282138131,0.496380912,10130,2217,649
T34155,Sports,2025-01-16T18:29:00.000Z,0.500796855,0.398244939,0.117366322,0.504428297,1699,4997,433
T34167,Finance,2025-01-23T18:38:00.000Z,0.500796855,0.738090945,0.030059248,0.207992478,7570,3657,637
T34169,Cloud,2025-01-09T00:50:00.000Z,0.507233081,0.148456354,0.615347961,0.830528699,5417,2751,527
T34173,AI,2025-01-09T01:49:00.000Z,0.500796855,0.221494384,0.221904446,0.504428297,17806,821,515
T3418,AI,2025-01-16T15:22:00.000Z,0.500796855,0.512556052,0.492344545,0.784537091,10130,1378,228
T34211,Sports,2025-01-22T08:54:00.000Z,0.028316339,0.511577672,0.462663923,0.374659719,9957,4947,286
T34248,AI,2025-01-22T02:16:00.000Z,0.500796855,0.024360901,0.29030895,0.504428297,4102,2564,385
T34252,Cloud,2025-01-08T01:02:00.000Z,0.669147862,0.542219625,0.599827472,0.166932916,13117,940,501
T34254,Cloud,2025-01-08T22:06:00.000Z,0.688380513,0.14276091,0.773958844,0.218201136,8716,4338,330
T34266,Sports,2025-01-05T23:25:00.000Z,0.258903042,0.539300304,0.948406309,0.503765965,10130,1113,450
T34268,Cloud,2025-01-07T01:05:00.000Z,0.966729961,0.409607829,0.823969596,0.950100445,14104,3024,142
T34278,AI,2025-01-01T00:08:00.000Z,0.799755544,0.993543781,0.880148544,0.872537188,13287,208,44
T3428,Finance,2025-01-15T09:13:00.000Z,0.628614958,0.506892254,0.711320071,0.041057516,13872,514,580
T34284,Finance,2025-01-04T23:09:00.000Z,0.500796855,0.250798911,0.347087664,0.305512349,11777,4315,988
T34300,Finance,2025-01-01T23:58:00.000Z,0.500796855,0.735362005,0.63229779,0.596861832,12473,2494,697
T34314,Sports,2025-01-06T13:44:00.000Z,0.391769966,0.728408136,0.757576515,0.02410818,3057,2746,582
T34323,Finance,2025-01-02T23:02:00.000Z,0.778330008,0.089397111,0.217284032,0.984222083,19307,2781,499
T34330,Finance,2025-01-06T02:16:00.000Z,0.500796855,0.49738816,0.029260674,0.504428297,5484,2593,590
T34343,Sports,2025-01-10T03:52:00.000Z,0.500796855,0.191077417,0.883690345,0.004522087,10130,2058,189
T34365,Sports,2025-01-09T22:18:00.000Z,0.50915842,0.467643588,0.462259702,0.403397348,16103,3184,713
T34373,Cloud,2025-01-22T18:06:00.000Z,0.500796855,0.49738816,0.857946983,0.261292945,15655,363,553
T34387,Finance,2025-01-13T16:18:00.000Z,0.500796855,0.257751542,0.035447219,0.092571721,10352,3035,292
T344,Cloud,2025-01-17T12:27:00.000Z,0.238698361,0.996484857,0.562283145,0.496014571,10130,3459,475
T3440,Sports,2025-01-23T01:10:00.000Z,0.766474243,0.546832593,0.492344545,0.286925217,18221,3205,6
T34411,Sports,2025-01-02T03:00:00.000Z,0.628648923,0.697436176,0.467409918,0.488264115,10130,4757,46
T34413,Sports,2025-01-09T05:13:00.000Z,0.34138164,0.497571446,0.206338234,0.110960844,8534,1368,698
T34421,Cloud,2025-01-10T08:33:00.000Z,0.500796855,0.874545553,0.310363956,0.75135119,19018,3228,383
T34423,AI,2025-01-04T15:45:00.000Z,0.536949286,0.162572608,0.293739622,0.976693938,10130,4316,111
T34426,AI,2025-01-19T01:21:00.000Z,0.500796855,0.64962241,0.492344545,0.547079133,12577,733,161
T34432,Finance,2025-01-05T20:10:00.000Z,0.00374445,0.68609815,0.802667834,0.504428297,14110,2172,573
T34433,Cloud,2025-01-14T13:15:00.000Z,0.134837749,0.560401923,0.45087623,0.403302625,8199,4302,964
T34434,Finance,2025-01-04T09:42:00.000Z,0.500796855,0.49738816,0.695795241,0.219716494,15611,2494,823
T34459,Sports,2025-01-21T10:51:00.000Z,0.500796855,0.555969965,0.736946855,0.858083623,8300,4619,856
T34461,Cloud,2025-01-12T10:57:00.000Z,0.905468242,0.812354996,0.056710764,0.413740775,621,2049,526
T34463,AI,2025-01-12T20:41:00.000Z,0.841105454,0.183294133,0.402768976,0.157875541,8278,3828,409
T34470,Finance,2025-01-02T19:05:00.000Z,0.500796855,0.448981414,0.326476833,0.728525043,12847,3587,33
T34476,Cloud,2025-01-13T18:57:00.000Z,0.500796855,0.716323454,0.273965299,0.717519106,8515,266,501
T34487,Cloud,2025-01-15T19:53:00.000Z,0.02340327,0.720541542,0.358318345,0.036357814,18673,816,975
T34488,AI,2025-01-10T11:17:00.000Z,0.332024201,0.70515554,0.599540473,0.238209277,1381,1940,445
T34489,Finance,2025-01-21T06:26:00.000Z,0.500796855,0.742316262,0.892203834,0.752398619,12528,3733,455
T34490,Sports,2025-01-19T20:25:00.000Z,0.844858392,0.17432804,0.324237915,0.838255822,17616,389,750
T34491,Finance,2025-01-03T11:44:00.000Z,0.500796855,0.579259381,0.207973777,0.855019259,6764,822,310
T34499,Cloud,2025-01-16T22:01:00.000Z,0.875298634,0.454716563,0.492966278,0.241906801,6304,366,605
T34514,Cloud,2025-01-18T14:36:00.000Z,0.500796855,0.894746565,0.195790292,0.462807453,12670,3098,933
T34538,Sports,2025-01-15T12:00:00.000Z,0.500796855,0.385813216,0.254837543,0.520068816,17222,1452,501
T34550,Finance,2025-01-09T00:01:00.000Z,0.860832089,0.88979743,0.809589045,0.889176727,2057,1069,544
T34555,AI,2025-01-22T23:09:00.000Z,0.278413297,0.455466548,0.949316844,0.504428297,12275,1961,197
T34572,Finance,2025-01-11T08:58:00.000Z,0.500796855,0.327206607,0.492344545,0.441776925,10612,2103,448
T34582,Finance,2025-01-16T01:15:00.000Z,0.500796855,0.741880791,0.882448626,0.751393131,10695,1098,936
T34586,AI,2025-01-07T22:16:00.000Z,0.500796855,0.919767842,0.404061175,0.727955547,12927,531,109
T346,Sports,2025-01-12T20:05:00.000Z,0.791684596,0.49738816,0.109928988,0.941094714,8196,653,960
T34604,Sports,2025-01-17T21:48:00.000Z,0.451772522,0.040893757,0.713537436,0.136789719,6112,3702,819
T34608,Cloud,2025-01-12T23:18:00.000Z,0.969415143,0.051135656,0.577737074,0.504428297,16248,4109,713
T34614,Cloud,2025-01-05T05:44:00.000Z,0.500796855,0.051570878,0.189180601,0.451818744,1724,2029,95
T34620,AI,2025-01-13T16:10:00.000Z,0.500796855,0.270344689,0.139815184,0.215961589,5908,420,859
T34624,AI,2025-01-17T16:16:00.000Z,0.29899498,0.252817301,0.666516167,0.539396939,15515,4495,999
T34628,AI,2025-01-23T23:15:00.000Z,0.714710955,0.187214654,0.121404137,0.619724715,13851,2874,803
T34633,Finance,2025-01-01T11:16:00.000Z,0.198097981,0.709851322,0.397912941,0.683760737,13695,885,23
T34653,AI,2025-01-20T16:19:00.000Z,0.500796855,0.108791849,0.492344545,0.051574984,18016,3083,8
T34695,Finance,2025-01-06T23:48:00.000Z,0.318175478,0.089978506,0.250463841,0.247263186,431,1717,238
T34717,AI,2025-01-17T12:22:00.000Z,0.735695817,0.218035903,0.003358598,0.504428297,9936,2512,778
T34719,Sports,2025-01-06T08:58:00.000Z,0.500796855,0.596684106,0.777531106,0.504428297,19143,2844,670
T34739,Sports,2025-01-23T10:40:00.000Z,0.290734589,0.165910939,0.24213941,0.852168711,11371,1702,46
T3474,Finance,2025-01-23T11:54:00.000Z,0.636327809,0.180735364,0.431921323,0.396875046,9426,2531,233
T34750,Cloud,2025-01-18T21:18:00.000Z,0.500796855,0.829177093,0.119178722,0.076541857,6535,4984,626
T34760,AI,2025-01-02T14:38:00.000Z,0.500796855,0.585336393,0.118667326,0.615135198,7316,916,162
T34775,Sports,2025-01-20T19:56:00.000Z,0.500796855,0.561735809,0.325080522,0.342016682,15211,1356,677
T34793,Sports,2025-01-15T15:58:00.000Z,0.767416452,0.999627694,0.956893121,0.084536222,4247,1022,106
T34796,Cloud,2025-01-17T21:22:00.000Z,0.655376143,0.746325505,0.819971498,0.050508259,5906,4726,450
T3480,AI,2025-01-01T00:14:00.000Z,0.500796855,0.047197399,0.816149621,0.229485645,13547,4794,324
T34802,Cloud,2025-01-15T17:10:00.000Z,0.500796855,0.49738816,0.483319509,0.807262862,2898,3016,493
T34826,Finance,2025-01-15T09:28:00.000Z,0.259412127,0.198984375,0.667067182,0.456707892,19001,2494,674
T34849,Finance,2025-01-22T12:39:00.000Z,0.500796855,0.216219516,0.634046432,0.399172841,17518,3543,863
T34850,Cloud,2025-01-05T16:26:00.000Z,0.500796855,0.603609301,0.646663021,0.566502917,11276,1435,696
T34860,Cloud,2025-01-11T19:38:00.000Z,0.500796855,0.475039535,0.483360433,0.874894536,14777,211,501
T34865,Finance,2025-01-24T02:25:00.000Z,0.416492428,0.209391898,0.190770314,0.775725949,18444,1443,111
T34873,Sports,2025-01-13T19:13:00.000Z,0.450673113,0.932624424,0.166467676,0.464558123,2513,4057,448
T34891,AI,2025-01-01T01:53:00.000Z,0.336724267,0.459824621,0.492344545,0.224218721,8848,2104,221
T34910,AI,2025-01-08T11:51:00.000Z,0.500796855,0.957334502,0.385592826,0.596034924,10130,4486,870
T34913,Finance,2025-01-11T14:00:00.000Z,0.500796855,0.461438059,0.26559182,0.647788732,19741,1341,149
T34919,AI,2025-01-05T08:50:00.000Z,0.500796855,0.530411744,0.046710511,0.027445342,17834,44,849
T34947,Finance,2025-01-19T06:15:00.000Z,0.937796751,0.093375501,0.485427039,0.389806293,16464,382,207
T34975,AI,2025-01-14T19:03:00.000Z,0.158321738,0.797331978,0.855863526,0.504428297,1573,2655,696
T35012,AI,2025-01-03T05:58:00.000Z,0.820353618,0.666811604,0.563664793,0.529164796,14067,3984,206
T35019,AI,2025-01-12T04:07:00.000Z,0.500796855,0.053998249,0.687602819,0.597173737,18918,3071,129
T35031,Sports,2025-01-02T14:18:00.000Z,0.500796855,0.045405567,0.733312704,0.386593503,11019,3504,662
T35034,Sports,2025-01-04T22:00:00.000Z,0.688761329,0.013079388,0.492344545,0.11980802,5303,887,767
T3505,Finance,2025-01-02T18:04:00.000Z,0.43552833,0.171645809,0.476603515,0.492229641,2561,3714,742
T35057,Sports,2025-01-21T12:50:00.000Z,0.500796855,0.54540209,0.845847134,0.733016908,16361,2286,295
T35064,Sports,2025-01-10T15:25:00.000Z,0.500796855,0.200877795,0.458645227,0.094459608,12859,4774,695
T35073,Finance,2025-01-22T07:27:00.000Z,0.292047533,0.691882665,0.085006196,0.825099543,11047,3566,228
T35076,Sports,2025-01-19T08:19:00.000Z,0.500796855,0.013559741,0.922168151,0.504428297,2395,2115,195
T35077,Cloud,2025-01-19T07:48:00.000Z,0.500796855,0.810891634,0.835445185,0.976335668,8032,182,312
T35082,Cloud,2025-01-20T23:35:00.000Z,0.535082485,0.911569877,0.240061253,0.220129646,14555,168,174
T35100,Cloud,2025-01-10T23:39:00.000Z,0.500796855,0.813554836,0.365230986,0.865840805,14379,1187,501
T35102,Finance,2025-01-20T10:05:00.000Z,0.500796855,0.728854887,0.420702437,0.482994959,5443,1853,554
T35105,AI,2025-01-01T04:11:00.000Z,0.500796855,0.768936171,0.043144564,0.10430974,2876,4223,506
T35107,AI,2025-01-09T15:50:00.000Z,0.500796855,0.038703165,0.120721452,0.969653285,3340,4690,657
T35111,Finance,2025-01-02T07:18:00.000Z,0.302985941,0.746185271,0.379701942,0.175032167,4491,3573,29
T35121,Cloud,2025-01-14T13:19:00.000Z,0.500796855,0.469779099,0.770971568,0.504428297,6670,3370,745
T35147,Sports,2025-01-21T17:06:00.000Z,0.500796855,0.845799773,0.91528097,0.685045982,1760,4327,678
T35149,AI,2025-01-06T14:24:00.000Z,0.762104877,0.404581457,0.096692685,0.902197091,1824,3717,145
T35174,AI,2025-01-19T03:36:00.000Z,0.500796855,0.943669452,0.726478208,0.422738285,12262,4131,798
T35181,Sports,2025-01-08T06:31:00.000Z,0.300565352,0.632865096,0.912501026,0.87161537,5138,4488,889
T35196,Cloud,2025-01-19T12:28:00.000Z,0.975861013,0.756129479,0.733521285,0.294736471,12605,543,56
T35197,AI,2025-01-18T02:10:00.000Z,0.500796855,0.746860884,0.921596162,0.20658469,5199,4127,789
T352,Sports,2025-01-10T22:59:00.000Z,0.500796855,0.534603363,0.514388084,0.997542262,2550,2746,331
T35202,Finance,2025-01-16T04:19:00.000Z,0.500796855,0.526686743,0.570050061,0.033481229,2643,3676,566
T35205,Sports,2025-01-02T15:07:00.000Z,0.500796855,0.778954689,0.064112981,0.978502516,10193,494,215
T35213,Sports,2025-01-08T12:03:00.000Z,0.002992319,0.557744306,0.941057627,0.150447137,167,40,246
T35214,Cloud,2025-01-08T05:29:00.000Z,0.500796855,0.873805226,0.250483893,0.313537828,17777,3409,890
T35217,Finance,2025-01-19T02:27:00.000Z,0.33752644,0.676215291,0.213696736,0.008489119,17411,641,876
T35219,AI,2025-01-19T04:26:00.000Z,0.92601639,0.286705787,0.717165506,0.510039132,10130,4358,800
T35221,Finance,2025-01-14T00:08:00.000Z,0.021069302,0.160892625,0.811708141,0.225089664,2410,1323,901
T35246,AI,2025-01-20T09:18:00.000Z,0.801174653,0.550684538,0.785643455,0.193733998,10429,1132,403
T35259,Finance,2025-01-03T07:31:00.000Z,0.254223005,0.844331809,0.08475625,0.240489685,11415,3757,547
T35270,Sports,2025-01-15T12:39:00.000Z,0.115358743,0.154096249,0.693285164,0.828949746,26,924,930
T35286,Sports,2025-01-24T00:47:00.000Z,0.500796855,0.58938039,0.717949197,0.944298251,6582,1869,121
T35297,AI,2025-01-14T05:00:00.000Z,0.510474486,0.417664737,0.490300401,0.569785906,10104,2049,14
T35305,Finance,2025-01-13T12:57:00.000Z,0.500796855,0.714784781,0.17067991,0.085264053,844,3730,827
T35316,Finance,2025-01-23T04:24:00.000Z,0.413603061,0.347630206,0.8504006,0.971628985,4220,4312,620
T35343,Sports,2025-01-22T22:28:00.000Z,0.458467581,0.754884005,0.150030428,0.897583606,12124,789,501
T35344,Finance,2025-01-10T23:52:00.000Z,0.500796855,0.606941697,0.108148753,0.504428297,4389,3641,67
T35350,Finance,2025-01-21T07:02:00.000Z,0.500796855,0.409667333,0.605366453,0.504428297,11430,136,270
T35352,Cloud,2025-01-22T14:07:00.000Z,0.500796855,0.645661539,0.248604944,0.804900115,13343,3986,467
T35384,Cloud,2025-01-04T12:21:00.000Z,0.881239753,0.299357284,0.110198437,0.6249383,14483,466,707
T35385,Cloud,2025-01-18T06:11:00.000Z,0.255920032,0.087195946,0.671110525,0.88051184,11999,83,933
T35387,Cloud,2025-01-13T01:44:00.000Z,0.500796855,0.587094996,0.463166174,0.903246806,6776,1874,501
T35390,Cloud,2025-01-22T09:04:00.000Z,0.500796855,0.455289736,0.364023119,0.504428297,19790,2494,696
T3541,Cloud,2025-01-14T12:03:00.000Z,0.500796855,0.887000803,0.166368186,0.345204617,15451,3167,449
T35412,Cloud,2025-01-02T03:13:00.000Z,0.500796855,0.877406492,0.889840016,0.950686946,19975,2180,14
T35426,AI,2025-01-09T09:09:00.000Z,0.15301987,0.015293076,0.572007504,0.456262573,14619,3744,184
T35430,Sports,2025-01-07T01:46:00.000Z,0.500796855,0.225442913,0.206854177,0.307757822,7701,4147,542
T35432,Cloud,2025-01-07T05:42:00.000Z,0.500796855,0.533685706,0.529654636,0.099560614,12076,2992,817
T35435,Cloud,2025-01-11T15:43:00.000Z,0.537611796,0.194450586,0.026729659,0.253671994,520,4766,784
T35437,Sports,2025-01-19T16:41:00.000Z,0.500796855,0.118846644,0.670873847,0.599446715,15509,2381,28
T35445,Finance,2025-01-04T08:05:00.000Z,0.500796855,0.362937843,0.070496681,0.025678453,2763,2494,256
T35454,Sports,2025-01-15T22:45:00.000Z,0.952096509,0.23267664,0.004746831,0.162878727,17597,1191,79
T35456,Finance,2025-01-06T01:13:00.000Z,0.980450202,0.115163498,0.107936505,0.281469773,5514,3429,28
T35462,AI,2025-01-22T10:12:00.000Z,0.500796855,0.375438205,0.049156151,0.255594453,10070,2027,818
T35472,Finance,2025-01-23T08:18:00.000Z,0.500796855,0.509305939,0.535711714,0.289991824,4458,2224,222
T35474,Finance,2025-01-14T21:29:00.000Z,0.500796855,0.62578539,0.018496265,0.53210412,5504,136,551
T35476,Sports,2025-01-19T13:53:00.000Z,0.500796855,0.485575545,0.157324532,0.750259292,4046,939,849
T35477,Sports,2025-01-11T14:46:00.000Z,0.500796855,0.490109781,0.599897823,0.999206192,18416,199,955
T35491,Finance,2025-01-23T20:21:00.000Z,0.500796855,0.275388392,0.243484198,0.032605872,1827,1004,249
T35492,Cloud,2025-01-15T10:09:00.000Z,0.689788151,0.166383802,0.873462662,0.695595817,1103,4899,538
T35493,Cloud,2025-01-03T13:46:00.000Z,0.284549957,0.010244859,0.329521937,0.483005504,4027,3648,540
T35507,Sports,2025-01-18T00:29:00.000Z,0.048202506,0.672843246,0.352184345,0.747555325,2747,3732,615
T35512,Sports,2025-01-02T09:59:00.000Z,0.500796855,0.633043335,0.390136156,0.256020568,2622,925,501
T35517,Cloud,2025-01-22T14:09:00.000Z,0.500796855,0.259011079,0.198581458,0.954108892,162,704,346
T35521,Cloud,2025-01-06T12:37:00.000Z,0.500796855,0.033608651,0.130095868,0.300123326,6001,4114,858
T35529,AI,2025-01-03T12:03:00.000Z,0.500796855,0.959691832,0.688495957,0.373696351,5942,644,281
T35530,AI,2025-01-13T17:01:00.000Z,0.500796855,0.521977396,0.532389103,0.979442966,12906,3101,34
T35533,Sports,2025-01-23T10:28:00.000Z,0.472538988,0.013706934,0.210579119,0.727590327,3884,4831,926
T35534,Finance,2025-01-07T12:09:00.000Z,0.500796855,0.110690359,0.822441689,0.479389251,10130,1095,57
T35547,Cloud,2025-01-08T06:58:00.000Z,0.500796855,0.25554356,0.745926342,0.563275984,5129,1817,152
T35550,AI,2025-01-05T01:15:00.000Z,0.500796855,0.426815877,0.68292065,0.416618581,15234,2782,334
T35551,Cloud,2025-01-13T23:57:00.000Z,0.4919987,0.61067998,0.617157384,0.198406952,15752,3854,160
T35556,AI,2025-01-17T14:51:00.000Z,0.438688907,0.784772574,0.396938293,0.021860242,204,775,216
T35566,Sports,2025-01-16T23:01:00.000Z,0.251899738,0.511409958,0.540754359,0.294579308,1971,1778,464
T35573,AI,2025-01-15T10:11:00.000Z,0.500796855,0.129058008,0.492344545,0.359029694,2658,129,365
T35583,Finance,2025-01-22T09:50:00.000Z,0.500796855,0.26912267,0.895211175,0.804998266,18213,2617,908
T35613,Cloud,2025-01-11T10:20:00.000Z,0.500796855,0.324451588,0.955795914,0.505496986,10130,2717,844
T35624,Sports,2025-01-03T20:10:00.000Z,0.500796855,0.131124363,0.242324038,0.389266531,16217,3289,193
T35647,Sports,2025-01-15T17:56:00.000Z,0.863267264,0.946898647,0.555162539,0.597560005,19054,1444,980
T35658,Sports,2025-01-05T09:40:00.000Z,0.500796855,0.728216493,0.071577295,0.13522904,18816,3039,827
T35661,AI,2025-01-09T07:09:00.000Z,0.500796855,0.501520051,0.659540484,0.841164044,4289,32,869
T35662,Cloud,2025-01-03T03:08:00.000Z,0.541208313,0.972255485,0.295857921,0.019604676,5996,2255,86
T35665,AI,2025-01-07T15:41:00.000Z,0.500796855,0.416325002,0.85544712,0.336782889,3376,2910,288
T3568,Sports,2025-01-18T20:30:00.000Z,0.500796855,0.958009161,0.776699499,0.489696649,4270,3824,927
T35680,AI,2025-01-02T03:44:00.000Z,0.092144373,0.113352066,0.964351621,0.422512595,16519,1219,410
T35697,Sports,2025-01-23T18:32:00.000Z,0.500796855,0.89719474,0.207151812,0.719479587,9168,2697,782
T35703,Sports,2025-01-05T06:00:00.000Z,0.500796855,0.03026864,0.139232866,0.0704567,15394,754,984
T35706,Cloud,2025-01-18T18:54:00.000Z,0.424559897,0.147818948,0.327065146,0.209204732,9965,4984,951
T35710,AI,2025-01-04T02:36:00.000Z,0.300022075,0.322841793,0.867058583,0.672770585,11819,2494,597
T35730,Finance,2025-01-04T03:46:00.000Z,0.318433087,0.49738816,0.311268583,0.662179189,13488,3960,902
T35733,AI,2025-01-17T12:44:00.000Z,0.500796855,0.877857321,0.6091984,0.139296933,14561,1574,818
T35736,AI,2025-01-08T09:01:00.000Z,0.25604569,0.764162637,0.248783189,0.536522256,18476,3959,129
T35755,Finance,2025-01-09T14:00:00.000Z,0.539048757,0.301828252,0.329095745,0.7416903,10709,4061,1
T35759,Finance,2025-01-15T04:49:00.000Z,0.500796855,0.863537254,0.474497326,0.392957649,1712,2582,214
T35761,Finance,2025-01-14T13:27:00.000Z,0.183764336,0.059074346,0.083215274,0.816884944,6918,4196,529
T35764,Finance,2025-01-02T14:21:00.000Z,0.500796855,0.027451932,0.448365424,0.92369942,11753,1894,726
T3577,Finance,2025-01-19T23:55:00.000Z,0.026229625,0.463905403,0.760965357,0.58614212,6266,2356,756
T35771,Finance,2025-01-12T03:00:00.000Z,0.500796855,0.352264794,0.189817331,0.565295344,3645,2337,419
T35788,Finance,2025-01-02T18:02:00.000Z,0.500796855,0.183866671,0.319699528,0.58116318,14139,2494,1
T35791,Sports,2025-01-15T15:48:00.000Z,0.500796855,0.465537604,0.939029137,0.354165706,15750,2066,956
T35794,AI,2025-01-14T22:16:00.000Z,0.428553521,0.607686032,0.182984215,0.283417082,8472,3374,629
T35807,AI,2025-01-06T18:58:00.000Z,0.175502734,0.666914155,0.265280049,0.011064608,16991,4350,816
T35855,AI,2025-01-20T19:57:00.000Z,0.327132252,0.699669887,0.151834863,0.341112714,12275,3243,145
T35858,Finance,2025-01-15T18:32:00.000Z,0.751248037,0.247422876,0.562308363,0.336825808,18761,3729,172
T35859,Finance,2025-01-15T01:00:00.000Z,0.253715755,0.921591727,0.248648086,0.459816892,12980,4366,912
T35866,Sports,2025-01-12T00:45:00.000Z,0.689021297,0.557551942,0.492344545,0.70762794,13314,2111,825
T35869,Sports,2025-01-11T16:51:00.000Z,0.89599767,0.1038647,0.458329868,0.873721371,10556,3971,491
T35886,Sports,2025-01-01T19:14:00.000Z,0.637580233,0.066085944,0.492344545,0.295753492,19398,3004,107
T35895,Finance,2025-01-18T20:55:00.000Z,0.500796855,0.559216963,0.86153845,0.087068927,6505,875,669
T35901,Sports,2025-01-03T06:21:00.000Z,0.500796855,0.775810014,0.385621178,0.947621575,10130,1273,772
T35920,Cloud,2025-01-16T04:14:00.000Z,0.500796855,0.73801986,0.850209187,0.614897566,12062,4111,818
T35937,AI,2025-01-21T20:06:00.000Z,0.139281502,0.088633286,0.300404406,0.017186203,8232,4674,757
T35938,Finance,2025-01-15T02:01:00.000Z,0.373087853,0.192250736,0.653744841,0.46843887,8634,2358,616
T35946,Sports,2025-01-20T05:59:00.000Z,0.500796855,0.857428769,0.253837705,0.577616749,12657,2237,309
T35950,Sports,2025-01-23T11:52:00.000Z,0.934342887,0.487732743,0.084942852,0.504428297,19304,2437,178
T35955,AI,2025-01-05T09:54:00.000Z,0.500796855,0.139363382,0.759424615,0.990471212,4443,1655,245
T35958,AI,2025-01-02T16:19:00.000Z,0.500796855,0.454532938,0.714686913,0.866431323,19963,4164,968
T35970,Finance,2025-01-18T08:35:00.000Z,0.500796855,0.513346107,0.6720635,0.088624429,8527,3436,978
T35971,Sports,2025-01-12T03:19:00.000Z,0.500796855,0.390939287,0.796629937,0.055229544,5909,2565,604
T35974,Cloud,2025-01-06T01:58:00.000Z,0.004776851,0.520262933,0.084826793,0.734664951,2016,4712,501
T35976,Finance,2025-01-14T08:41:00.000Z,0.500796855,0.282109698,0.862566844,0.113974584,6882,2355,978
T35988,Finance,2025-01-12T08:33:00.000Z,0.500796855,0.961903927,0.054547383,0.504428297,4673,285,690
T35997,Finance,2025-01-10T15:02:00.000Z,0.500796855,0.818712347,0.940112209,0.674151983,10172,3986,59
T36030,Sports,2025-01-05T04:49:00.000Z,0.758366144,0.468224023,0.55219997,0.64867934,7780,3338,624
T36038,Sports,2025-01-03T20:18:00.000Z,0.500796855,0.53560349,0.544900049,0.103658961,11189,1548,928
T36041,Sports,2025-01-18T10:17:00.000Z,0.505583941,0.230125777,0.433129488,0.498419812,2073,3911,712
T36050,Finance,2025-01-21T18:56:00.000Z,0.500796855,0.644857981,0.738146695,0.776494792,790,4668,694
T36051,Sports,2025-01-16T18:12:00.000Z,0.901294788,0.733124677,0.675065981,0.437529402,11660,1963,294
T36067,Sports,2025-01-14T23:38:00.000Z,0.828694235,0.812304832,0.719223212,0.191366817,19019,3579,779
T36091,Cloud,2025-01-21T18:41:00.000Z,0.500796855,0.879557492,0.887227506,0.963670468,14182,2358,656
T36107,Sports,2025-01-03T18:36:00.000Z,0.500796855,0.475477524,0.458056634,0.867425974,12385,4255,665
T36116,Cloud,2025-01-10T00:24:00.000Z,0.025219926,0.606051732,0.975007839,0.136560246,1638,1453,238
T36121,Sports,2025-01-04T16:13:00.000Z,0.777446613,0.658128993,0.832887257,0.403773652,2008,138,669
T36160,AI,2025-01-01T03:33:00.000Z,0.500796855,0.292132302,0.450456671,0.588330601,17806,1929,717
T36166,Finance,2025-01-02T15:12:00.000Z,0.789021111,0.60344791,0.625350293,0.185919569,16623,2494,501
T3617,Cloud,2025-01-08T15:02:00.000Z,0.500796855,0.995238502,0.950040861,0.506338319,9967,3864,501
T36170,Cloud,2025-01-14T00:55:00.000Z,0.500796855,0.381324421,0.521606917,0.571421286,14849,3936,380
T36175,Finance,2025-01-16T10:54:00.000Z,0.500796855,0.869330048,0.651727981,0.216862641,10130,4640,839
T36181,AI,2025-01-05T20:06:00.000Z,0.500796855,0.065029521,0.10952693,0.692238747,13866,775,614
T36197,Cloud,2025-01-09T17:32:00.000Z,0.500796855,0.026141025,0.341756901,0.927247814,11460,2578,932
T36200,Cloud,2025-01-08T14:23:00.000Z,0.220896536,0.260857829,0.601295953,0.644135274,3108,161,69
T36207,Finance,2025-01-04T16:36:00.000Z,0.928434476,0.554546816,0.675841687,0.321423013,18466,2713,612
T3622,AI,2025-01-11T00:33:00.000Z,0.015081712,0.301270243,0.957351879,0.271795856,2277,2508,501
T36225,Cloud,2025-01-14T16:13:00.000Z,0.500796855,0.441158174,0.082404506,0.634623304,10923,4092,382
T36226,AI,2025-01-22T12:09:00.000Z,0.479097854,0.194412026,0.813459441,0.735835597,17532,4002,732
T36234,Cloud,2025-01-04T21:21:00.000Z,0.500796855,0.097735683,0.73434115,0.546282797,1437,3591,644
T36235,Finance,2025-01-12T02:07:00.000Z,0.653033407,0.75484946,0.25882587,0.838271437,12810,1735,44
T36237,Sports,2025-01-05T02:10:00.000Z,0.500796855,0.278846041,0.884162423,0.513283452,10130,4259,563
T36271,Finance,2025-01-18T01:57:00.000Z,0.500796855,0.188363921,0.722976775,0.802213821,19344,1009,501
T36282,Sports,2025-01-17T02:37:00.000Z,0.372357658,0.084447027,0.61488976,0.350673926,5714,796,228
T36297,AI,2025-01-08T22:21:00.000Z,0.325939606,0.212710895,0.749164207,0.705133147,13331,4424,245
T36298,Cloud,2025-01-11T09:47:00.000Z,0.950398675,0.891568247,0.51899078,0.668815149,13969,1734,113
T36299,AI,2025-01-22T17:49:00.000Z,0.500796855,0.005528766,0.673187065,0.176740284,12523,3528,503
T36302,Sports,2025-01-15T11:56:00.000Z,0.500796855,0.794793844,0.813123455,0.754502526,13820,869,606
T3631,Sports,2025-01-05T21:37:00.000Z,0.500796855,0.214704323,0.715731341,0.06010501,4538,367,766
T36317,AI,2025-01-14T18:53:00.000Z,0.725610475,0.920324834,0.743421042,0.019141054,9837,4952,19
T36342,AI,2025-01-14T02:27:00.000Z,0.500796855,0.401108351,0.065008254,0.015530791,2116,869,638
T36344,Finance,2025-01-14T13:32:00.000Z,0.500796855,0.793231986,0.116655819,0.418825117,7869,1381,126
T36356,Finance,2025-01-17T14:57:00.000Z,0.463919389,0.310576251,0.70932896,0.504428297,2283,347,223
T36362,AI,2025-01-18T18:06:00.000Z,0.500796855,0.165352738,0.083179233,0.107405025,12665,1697,521
T3638,Sports,2025-01-11T06:20:00.000Z,0.500796855,0.801607883,0.110928793,0.858085514,17222,1149,753
T36381,Cloud,2025-01-12T02:07:00.000Z,0.812195269,0.662518149,0.061184866,0.901122924,3830,4383,827
T36386,Cloud,2025-01-03T05:36:00.000Z,0.537866016,0.913633147,0.29877939,0.70626065,15018,4424,120
T36390,Finance,2025-01-06T01:34:00.000Z,0.500796855,0.557629664,0.443313851,0.539322995,17927,2267,600
T36397,Sports,2025-01-12T17:27:00.000Z,0.500796855,0.894990688,0.492344545,0.222432212,3841,3230,593
T3640,Sports,2025-01-06T05:34:00.000Z,0.500796855,0.830599506,0.822840187,0.946222556,13305,2596,991
T36401,AI,2025-01-10T00:28:00.000Z,0.500796855,0.471104037,0.192049478,0.465040838,10130,3163,846
T36414,Sports,2025-01-23T09:42:00.000Z,0.500796855,0.840488816,0.59326839,0.202025831,7487,1824,586
T36418,Sports,2025-01-11T07:58:00.000Z,0.120769309,0.125071833,0.860933706,0.020638294,19476,2701,501
T36420,Cloud,2025-01-15T07:16:00.000Z,0.500796855,0.624625373,0.151735602,0.492022567,9131,4953,24
T36434,Sports,2025-01-16T11:24:00.000Z,0.673785581,0.83209419,0.602590776,0.394750309,10896,1334,161
T36438,AI,2025-01-22T09:49:00.000Z,0.800086398,0.588918233,0.777709265,0.134961697,13562,3005,463
T36449,AI,2025-01-23T20:21:00.000Z,0.354381627,0.276413757,0.373092589,0.338339046,859,2494,405
T36452,Cloud,2025-01-06T10:52:00.000Z,0.701918415,0.901066146,0.290139403,0.67761696,10806,1095,36
T36455,Cloud,2025-01-19T14:23:00.000Z,0.868275478,0.938755583,0.201882562,0.262022803,7549,4172,185
T36462,AI,2025-01-05T23:19:00.000Z,0.541621964,0.854962579,0.353887048,0.029436223,10130,246,287
T36468,AI,2025-01-20T02:12:00.000Z,0.500796855,0.998192899,0.683477305,0.457553752,10130,3943,972
T3648,AI,2025-01-04T10:37:00.000Z,0.500796855,0.711273103,0.815358372,0.504428297,17368,2588,186
T36481,AI,2025-01-09T23:41:00.000Z,0.660525361,0.419090628,0.375747285,0.27276663,19449,4108,620
T36484,Finance,2025-01-03T15:11:00.000Z,0.257420894,0.182302432,0.694534787,0.093899739,9214,3576,470
T36494,AI,2025-01-20T21:49:00.000Z,0.173407391,0.787026871,0.66556803,0.173740161,15645,879,861
T36501,Cloud,2025-01-11T16:21:00.000Z,0.815250758,0.104664886,0.944667327,0.353901268,8431,79,623
T36504,Sports,2025-01-17T19:44:00.000Z,0.046148557,0.636607517,0.013195831,0.527211612,12330,1147,328
T36515,Cloud,2025-01-16T06:04:00.000Z,0.500796855,0.165971765,0.931120878,0.139669647,1468,2484,723
T3653,AI,2025-01-18T22:01:00.000Z,0.362617575,0.293505563,0.086343734,0.308011818,19678,4826,386
T36546,AI,2025-01-15T09:59:00.000Z,0.500796855,0.928156677,0.320458973,0.634907043,13658,4363,501
T36567,Sports,2025-01-05T23:21:00.000Z,0.316280482,0.685180721,0.036669474,0.241001882,19816,1995,276
T36572,Finance,2025-01-21T19:46:00.000Z,0.070346327,0.441586569,0.2378243,0.621607155,12167,3564,484
T36597,Finance,2025-01-19T17:40:00.000Z,0.500796855,0.785283444,0.87690834,0.83415491,19387,1487,798
T36606,Cloud,2025-01-03T08:14:00.000Z,0.282819368,0.167243551,0.999183313,0.678179731,12467,1549,213
T36617,Finance,2025-01-17T12:40:00.000Z,0.500796855,0.49738816,0.922268453,0.230484907,15164,1544,614
T36618,Sports,2025-01-17T12:11:00.000Z,0.500796855,0.917374923,0.295530621,0.216306098,12029,548,965
T36627,Cloud,2025-01-12T15:32:00.000Z,0.500796855,0.547793675,0.514974208,0.356535281,18870,288,614
T36644,Finance,2025-01-22T05:27:00.000Z,0.500796855,0.871838382,0.905502836,0.616773525,9424,4794,213
T36661,Cloud,2025-01-20T08:16:00.000Z,0.073342394,0.49738816,0.311621778,0.199887117,16980,2494,800
T36668,Finance,2025-01-11T04:51:00.000Z,0.500796855,0.477215127,0.983601908,0.494085827,15649,182,871
T36685,Sports,2025-01-08T14:25:00.000Z,0.500796855,0.818817887,0.739679378,0.865194629,7264,2700,172
T36692,Finance,2025-01-09T03:16:00.000Z,0.500796855,0.664232064,0.996078285,0.177379209,19905,1336,970
T3670,Sports,2025-01-01T00:41:00.000Z,0.500796855,0.790573291,0.08071123,0.409726257,6454,2494,376
T36701,Sports,2025-01-10T05:34:00.000Z,0.942906732,0.702599852,0.628246031,0.995165865,16366,4998,80
T36715,Cloud,2025-01-03T01:21:00.000Z,0.610132619,0.528192477,0.272149776,0.504428297,13648,4052,518
T36718,Cloud,2025-01-13T21:00:00.000Z,0.210818275,0.360868409,0.495754637,0.652348912,628,1673,951
T36724,Cloud,2025-01-11T07:37:00.000Z,0.500796855,0.779653246,0.135980828,0.882540142,16281,1386,88
T36740,Finance,2025-01-22T20:38:00.000Z,0.500796855,0.184725488,0.067067306,0.331289583,6111,3545,391
T36741,Cloud,2025-01-08T19:14:00.000Z,0.301988383,0.036353334,0.178504075,0.789661723,12058,1800,371
T36743,AI,2025-01-21T00:03:00.000Z,0.849329945,0.401841166,0.097176567,0.042076874,4157,2895,356
T36747,Finance,2025-01-21T22:08:00.000Z,0.500796855,0.49738816,0.492344545,0.756349851,17411,4896,982
T36752,Cloud,2025-01-22T02:09:00.000Z,0.500796855,0.485028976,0.152822609,0.429249306,8794,2271,273
T36760,Finance,2025-01-06T19:56:00.000Z,0.500796855,0.494495715,0.046950399,0.659199954,17944,1785,290
T36776,AI,2025-01-04T13:02:00.000Z,0.500796855,0.824072421,0.961561926,0.857766784,17254,4517,341
T36780,Sports,2025-01-03T15:00:00.000Z,0.500796855,0.49738816,0.502349161,0.745331943,13692,2424,501
T36789,Sports,2025-01-10T07:01:00.000Z,0.483304549,0.899409075,0.309875312,0.683333122,5618,4890,170
T36811,AI,2025-01-16T18:51:00.000Z,0.500796855,0.060995256,0.772851503,0.067121075,11471,4811,605
T36812,Cloud,2025-01-18T02:50:00.000Z,0.463725566,0.351162633,0.129255841,0.348239996,9444,4762,501
T36820,Finance,2025-01-21T05:50:00.000Z,0.747111922,0.370521916,0.077926092,0.756033218,3457,2746,185
T36829,AI,2025-01-05T09:13:00.000Z,0.364363327,0.550304396,0.586500683,0.030555498,12356,2968,289
T36830,Sports,2025-01-16T20:04:00.000Z,0.234907843,0.767205927,0.483489326,0.150373221,1508,2785,424
T36832,Finance,2025-01-09T04:40:00.000Z,0.933160839,0.992432068,0.446170593,0.504428297,921,341,676
T36839,Cloud,2025-01-21T17:31:00.000Z,0.500796855,0.640487841,0.492344545,0.789953409,18968,2633,948
T36841,Finance,2025-01-12T20:11:00.000Z,0.546528568,0.105464,0.697972081,0.80422389,7639,1171,715
T36857,Finance,2025-01-17T08:23:00.000Z,0.257613343,0.134783011,0.635888536,0.422871844,15433,2494,964
T36877,Cloud,2025-01-03T11:33:00.000Z,0.785692021,0.756484839,0.889962248,0.632623861,3029,936,529
T36887,Sports,2025-01-05T01:37:00.000Z,0.920110273,0.801969483,0.898564957,0.629322316,18201,1834,595
T36899,Cloud,2025-01-05T04:52:00.000Z,0.177791534,0.089434103,0.654638393,0.01355695,10130,2494,451
T36906,Cloud,2025-01-24T01:25:00.000Z,0.500796855,0.109827991,0.71197904,0.372400089,16158,1280,535
T3691,Cloud,2025-01-14T00:25:00.000Z,0.884315045,0.039772794,0.193724794,0.838735206,10130,1417,887
T36924,AI,2025-01-01T00:03:00.000Z,0.386552843,0.872184011,0.435856214,0.678514877,6233,566,498
T36927,AI,2025-01-16T18:02:00.000Z,0.500796855,0.569244951,0.591173695,0.762538067,2732,1613,713
T36934,Cloud,2025-01-22T14:50:00.000Z,0.500796855,0.832897633,0.114360945,0.037988761,14327,2229,192
T36940,AI,2025-01-10T16:02:00.000Z,0.500796855,0.048856414,0.605223464,0.052179593,7440,3140,188
T36943,Finance,2025-01-10T07:39:00.000Z,0.001992283,0.226070733,0.947253887,0.775691144,8109,1188,36
T36966,Finance,2025-01-18T15:30:00.000Z,0.500796855,0.476939003,0.69523179,0.414033507,1912,1670,457
T36976,Sports,2025-01-07T18:47:00.000Z,0.967705962,0.505659592,0.818039868,0.943047106,9450,1670,724
T36982,AI,2025-01-19T03:18:00.000Z,0.774533087,0.143200862,0.456253685,0.362089691,1528,3627,105
T36994,Cloud,2025-01-22T19:51:00.000Z,0.5642562,0.373240076,0.230981827,0.377268014,7356,3483,927
T37004,AI,2025-01-20T22:59:00.000Z,0.243339395,0.812287197,0.953020835,0.437282895,12358,1039,754
T37027,AI,2025-01-02T06:55:00.000Z,0.500796855,0.697913506,0.277550713,0.95781486,14334,3250,270
T37030,AI,2025-01-21T08:59:00.000Z,0.500796855,0.310377511,0.492344545,0.626850656,13656,3330,207
T37044,Finance,2025-01-12T05:19:00.000Z,0.785011117,0.999140724,0.89422526,0.688571446,10130,2865,318
T37052,Finance,2025-01-08T17:03:00.000Z,0.500796855,0.262067519,0.806458881,0.153433581,13859,1924,426
T37062,Cloud,2025-01-17T05:50:00.000Z,0.500796855,0.515575245,0.190304358,0.581789682,4390,4671,321
T37067,AI,2025-01-05T07:06:00.000Z,0.500796855,0.533552301,0.973171454,0.504428297,11355,3604,934
T37074,Sports,2025-01-14T15:09:00.000Z,0.249851771,0.38619869,0.492344545,0.504428297,18703,3113,772
T37085,Cloud,2025-01-06T23:40:00.000Z,0.689258339,0.011258194,0.331456165,0.494115165,12126,816,920
T37100,AI,2025-01-15T03:58:00.000Z,0.9613504,0.862319598,0.149521685,0.442631751,8682,1509,333
T37113,Finance,2025-01-08T04:16:00.000Z,0.500796855,0.054801201,0.122444419,0.45250023,18202,4217,683
T37122,Sports,2025-01-13T12:55:00.000Z,0.500796855,0.648314952,0.943500175,0.839605743,18405,1835,338
T37123,Sports,2025-01-22T06:35:00.000Z,0.500796855,0.63463505,0.132579232,0.736136941,12896,1646,501
T37127,AI,2025-01-03T10:15:00.000Z,0.574344985,0.49282051,0.836344809,0.258141103,6014,4813,988
T37157,Cloud,2025-01-11T20:58:00.000Z,0.500796855,0.398337963,0.107758537,0.184172461,3610,4745,214
T37168,Cloud,2025-01-15T17:08:00.000Z,0.500796855,0.91755559,0.239101931,0.504428297,7101,2073,455
T37170,Finance,2025-01-02T17:39:00.000Z,0.500796855,0.099990666,0.805377001,0.504428297,9620,716,396
T37180,Sports,2025-01-22T00:08:00.000Z,0.985921737,0.405177088,0.984388381,0.663140235,18592,3917,113
T37205,AI,2025-01-12T13:01:00.000Z,0.500796855,0.389911911,0.880925681,0.077153344,7219,1638,17
T37206,Sports,2025-01-08T13:52:00.000Z,0.177872092,0.49738816,0.59020936,0.326505962,12686,2494,852
T37207,Finance,2025-01-19T16:15:00.000Z,0.500796855,0.695834867,0.534471819,0.477368142,13065,1746,435
T37212,Sports,2025-01-03T00:26:00.000Z,0.500796855,0.981643324,0.019967335,0.711882659,13526,2051,230
T37213,Finance,2025-01-18T23:13:00.000Z,0.500796855,0.28541111,0.516122589,0.328499466,712,2494,180
T37225,AI,2025-01-04T21:18:00.000Z,0.500796855,0.525587358,0.48020819,0.972864882,9961,601,622
T37227,Finance,2025-01-13T11:05:00.000Z,0.500796855,0.901406266,0.230388892,0.542605058,13487,3129,866
T37248,AI,2025-01-16T03:32:00.000Z,0.736786862,0.276824922,0.527599455,0.063976655,3181,1682,49
T37258,Cloud,2025-01-18T23:35:00.000Z,0.204957694,0.171496479,0.939825682,0.296205334,5610,598,348
T37280,Cloud,2025-01-15T02:18:00.000Z,0.122166524,0.588047607,0.486805637,0.02902216,5335,870,530
T37299,Sports,2025-01-06T22:03:00.000Z,0.500796855,0.379708994,0.680095684,0.043395489,19129,1401,992
T37300,Finance,2025-01-10T16:44:00.000Z,0.500796855,0.348554703,0.74842772,0.064291173,14992,3422,663
T37308,Sports,2025-01-06T00:13:00.000Z,0.500796855,0.219863435,0.401171788,0.343594852,11262,393,501
T37309,Finance,2025-01-07T09:11:00.000Z,0.543563148,0.947428615,0.93840264,0.149877334,18889,4825,530
T37319,Finance,2025-01-03T23:30:00.000Z,0.500796855,0.49738816,0.923220325,0.699913863,2172,1708,519
T37323,AI,2025-01-01T23:57:00.000Z,0.500796855,0.74648061,0.429595252,0.847763208,15469,4661,258
T37327,Cloud,2025-01-17T15:52:00.000Z,0.500796855,0.538787944,0.995906736,0.448703573,13243,1367,699
T37333,Sports,2025-01-18T21:33:00.000Z,0.816569096,0.202523961,0.036169836,0.196377921,3408,668,289
T37336,Sports,2025-01-14T02:30:00.000Z,0.91668429,0.913056841,0.559435836,0.069026858,10130,3534,749
T37341,Sports,2025-01-14T05:04:00.000Z,0.500796855,0.302928596,0.492344545,0.34005975,15432,933,864
T37367,Finance,2025-01-23T02:13:00.000Z,0.500796855,0.830826048,0.87877219,0.398208566,10341,3872,146
T37369,AI,2025-01-15T21:03:00.000Z,0.500796855,0.014003431,0.910787932,0.822703598,8224,535,960
T37371,Finance,2025-01-17T15:28:00.000Z,0.656232948,0.888488141,0.492344545,0.634156237,3723,1295,604
T37380,Finance,2025-01-11T06:36:00.000Z,0.079545129,0.416651603,0.611708666,0.71211088,14018,4906,595
T37385,AI,2025-01-11T09:12:00.000Z,0.500796855,0.478966889,0.338734394,0.26565574,17801,1659,403
T37387,Sports,2025-01-13T03:10:00.000Z,0.500796855,0.761474307,0.619161688,0.504428297,10130,1322,842
T37391,Cloud,2025-01-22T02:11:00.000Z,0.952097191,0.483751353,0.637737939,0.441029707,18474,1767,617
T3740,Cloud,2025-01-11T06:42:00.000Z,0.500796855,0.172937514,0.524992564,0.947212247,9764,3128,90
T37406,AI,2025-01-04T04:58:00.000Z,0.500796855,0.804313194,0.925514364,0.060530052,2591,2064,738
T37423,Cloud,2025-01-13T05:40:00.000Z,0.698858229,0.384945814,0.136413644,0.422518487,19591,4457,999
T3744,AI,2025-01-20T17:40:00.000Z,0.606000342,0.64751375,0.427785077,0.870046374,1319,2494,334
T37441,AI,2025-01-16T13:17:00.000Z,0.726794681,0.861838229,0.203562186,0.504428297,13794,2214,440
T37449,Sports,2025-01-22T01:11:00.000Z,0.500796855,0.921851273,0.90295865,0.799742638,10130,1339,610
T37460,Cloud,2025-01-09T19:00:00.000Z,0.195360824,0.576168599,0.320793418,0.75767775,12523,3880,501
T37477,Finance,2025-01-05T23:46:00.000Z,0.500796855,0.322268503,0.760266701,0.745940774,10130,1898,167
T37479,Finance,2025-01-05T23:22:00.000Z,0.500796855,0.49738816,0.249680359,0.504428297,17677,1664,321
T3748,Sports,2025-01-22T08:18:00.000Z,0.026041237,0.027200953,0.673762139,0.026014711,10433,2494,94
T37480,Cloud,2025-01-22T01:48:00.000Z,0.253936751,0.711534885,0.617278275,0.647666346,9514,3234,757
T37485,Finance,2025-01-19T00:34:00.000Z,0.500796855,0.299804831,0.019105572,0.015967212,8966,2556,996
T37511,AI,2025-01-20T05:16:00.000Z,0.803489946,0.508303546,0.165488352,0.019178161,18878,392,440
T37513,AI,2025-01-08T11:02:00.000Z,0.500796855,0.080315162,0.748099754,0.27651101,16961,1001,715
T37529,Cloud,2025-01-22T00:48:00.000Z,0.500796855,0.126779566,0.686823377,0.698297641,4681,3335,747
T37532,AI,2025-01-10T08:47:00.000Z,0.754122631,0.779699444,0.344312656,0.002143923,4033,2494,28
T37533,Cloud,2025-01-23T08:19:00.000Z,0.616165297,0.162184786,0.574491317,0.571563635,5702,3506,483
T37564,Cloud,2025-01-08T23:21:00.000Z,0.676952867,0.68332597,0.3496807,0.597435356,5606,4276,710
T37578,Sports,2025-01-02T22:01:00.000Z,0.7359989,0.858741654,0.930540437,0.786837083,2301,769,501
T37584,Sports,2025-01-15T22:08:00.000Z,0.500796855,0.851502139,0.894916279,0.987613985,6292,308,336
T37588,Sports,2025-01-17T23:22:00.000Z,0.256858826,0.269300462,0.997373478,0.080948967,5486,2901,501
T3760,Cloud,2025-01-17T23:16:00.000Z,0.500796855,0.260245042,0.492344545,0.771088565,7566,4611,974
T37600,Sports,2025-01-19T02:56:00.000Z,0.518169663,0.967908246,0.576032812,0.927374548,700,3360,498
T37602,Sports,2025-01-22T12:10:00.000Z,0.500796855,0.036748812,0.492344545,0.879824292,6469,1657,786
T37604,Cloud,2025-01-15T09:38:00.000Z,0.500796855,0.265902253,0.186573004,0.556747459,18791,718,653
T37607,Sports,2025-01-21T19:36:00.000Z,0.209205482,0.314622309,0.004375774,0.259242875,262,2172,342
T37612,Sports,2025-01-08T08:37:00.000Z,0.451780626,0.741932875,0.219369854,0.08216147,11180,3580,964
T37634,Cloud,2025-01-15T02:00:00.000Z,0.504828162,0.439431312,0.605016561,0.579970572,10249,1167,884
T37647,AI,2025-01-13T02:27:00.000Z,0.809692162,0.137120909,0.975255022,0.790333296,6279,1285,355
T3766,Finance,2025-01-11T17:13:00.000Z,0.500796855,0.580715837,0.777453461,0.201880098,18052,337,424
T37680,AI,2025-01-12T15:04:00.000Z,0.500796855,0.613520096,0.456318514,0.901259965,1174,984,292
T37681,Cloud,2025-01-19T21:43:00.000Z,0.500796855,0.327522895,0.357659246,0.648382783,10130,3424,660
T37687,Finance,2025-01-06T22:31:00.000Z,0.477999634,0.441324668,0.518947696,0.580462767,1188,126,691
T37689,Sports,2025-01-21T20:57:00.000Z,0.133123713,0.727556276,0.869866695,0.685535243,14347,1565,501
T37694,Cloud,2025-01-11T03:28:00.000Z,0.229819114,0.331905663,0.133732901,0.763030087,18989,1765,59
T37737,Sports,2025-01-03T12:31:00.000Z,0.500796855,0.648557599,0.492344545,0.731735033,14976,238,547
T37740,Finance,2025-01-19T18:00:00.000Z,0.500796855,0.512847989,0.932733446,0.553341477,4404,2963,530
T37761,Finance,2025-01-23T05:11:00.000Z,0.500796855,0.744907085,0.106615506,0.671782606,10130,433,587
T37766,Cloud,2025-01-08T19:12:00.000Z,0.073896874,0.792031611,0.581523571,0.504428297,10130,901,38
T37781,Finance,2025-01-18T08:08:00.000Z,0.500796855,0.114847644,0.483632959,0.206479901,10084,88,547
T37818,Finance,2025-01-03T17:50:00.000Z,0.500796855,0.158960322,0.939635832,0.922185675,236,426,276
T37830,Cloud,2025-01-16T21:10:00.000Z,0.500796855,0.586875283,0.996223348,0.889632608,19004,3245,101
T37831,Cloud,2025-01-08T00:14:00.000Z,0.346539318,0.726186718,0.133394489,0.833970233,5956,550,314
T37845,Sports,2025-01-01T17:21:00.000Z,0.87729806,0.972027629,0.44405907,0.497295195,9033,4348,994
T37860,Finance,2025-01-16T01:07:00.000Z,0.66094972,0.906186391,0.923040332,0.094686764,10130,2873,195
T37863,Finance,2025-01-20T03:52:00.000Z,0.500796855,0.111065381,0.465562987,0.676715164,6602,2494,210
T37867,Cloud,2025-01-02T00:32:00.000Z,0.826120267,0.624164403,0.34715634,0.206866768,12366,2494,392
T37877,Cloud,2025-01-17T07:02:00.000Z,0.500796855,0.211161161,0.404777648,0.646570493,7156,2494,666
T3788,Sports,2025-01-09T09:58:00.000Z,0.500796855,0.001833967,0.460087098,0.54990599,16328,2494,501
T37884,Finance,2025-01-12T10:02:00.000Z,0.500796855,0.989305259,0.039006285,0.736004946,4688,3409,858
T37895,Finance,2025-01-21T10:04:00.000Z,0.500796855,0.488840923,0.52640284,0.437947477,1904,3156,5
T37897,AI,2025-01-09T17:13:00.000Z,0.061598887,0.151778658,0.754718146,0.006047674,506,3739,816
T37905,Sports,2025-01-01T06:21:00.000Z,0.500796855,0.604614679,0.551474234,0.329365793,4143,1763,369
T37917,Sports,2025-01-07T10:09:00.000Z,0.154843607,0.443426124,0.044645388,0.779444307,8028,2210,232
T37940,Cloud,2025-01-07T06:18:00.000Z,0.640414529,0.866317963,0.73329942,0.992325342,19027,1054,520
T37941,AI,2025-01-05T14:54:00.000Z,0.500796855,0.544286789,0.065986061,0.988236593,14809,2494,268
T37947,Cloud,2025-01-14T08:53:00.000Z,0.500796855,0.49738816,0.739350016,0.04148466,13293,353,623
T37951,Finance,2025-01-08T03:12:00.000Z,0.500796855,0.259328635,0.317085843,0.012814316,9525,1338,366
T37972,Sports,2025-01-21T18:01:00.000Z,0.500796855,0.630132998,0.547413485,0.61473145,4783,4814,220
T37979,Cloud,2025-01-11T13:24:00.000Z,0.500796855,0.272002416,0.68179793,0.047344527,902,557,501
T37981,Sports,2025-01-14T12:27:00.000Z,0.956209256,0.963632361,0.161055009,0.820457411,9619,4024,162
T37982,Cloud,2025-01-16T21:32:00.000Z,0.500796855,0.148552101,0.077907993,0.504428297,18132,1404,742
T37986,Finance,2025-01-13T01:13:00.000Z,0.500796855,0.80343792,0.342368309,0.924321953,18455,3931,551
T3799,Sports,2025-01-19T17:36:00.000Z,0.500796855,0.60438253,0.376252078,0.96871749,3622,2529,131
T37999,AI,2025-01-12T17:21:00.000Z,0.500796855,0.735861066,0.320243129,0.809381231,15939,2859,164
T38000,Cloud,2025-01-21T12:41:00.000Z,0.867849027,0.682433473,0.472979484,0.829184906,1646,1460,684
T38013,Finance,2025-01-22T23:29:00.000Z,0.26925585,0.192124597,0.914814468,0.447858119,9151,4788,701
T38022,Finance,2025-01-11T20:44:00.000Z,0.17567921,0.576684861,0.576613558,0.75006022,13585,1030,262
T38024,AI,2025-01-04T09:45:00.000Z,0.478329803,0.826752064,0.561687845,0.392548165,11934,445,647
T38045,Sports,2025-01-17T08:08:00.000Z,0.230885628,0.49738816,0.113193037,0.114971725,2989,998,572
T38050,Sports,2025-01-01T01:08:00.000Z,0.87405394,0.629386118,0.196347763,0.241820597,5966,831,501
T38051,Cloud,2025-01-10T19:35:00.000Z,0.500796855,0.904042978,0.436520786,0.757105663,19956,2354,680
T38054,Cloud,2025-01-14T13:39:00.000Z,0.121968044,0.408893237,0.360365985,0.290354663,13060,4728,194
T3806,Finance,2025-01-18T22:46:00.000Z,0.500796855,0.301751433,0.531358344,0.754127663,4354,2024,846
T38063,AI,2025-01-23T00:57:00.000Z,0.570990029,0.940847741,0.897245902,0.81310263,4496,1370,842
T3807,AI,2025-01-07T23:22:00.000Z,0.99667875,0.49738816,0.614163585,0.130013392,2054,3662,708
T38073,Cloud,2025-01-17T01:02:00.000Z,0.44397014,0.714930346,0.151893738,0.410434322,2882,3832,975
T38093,AI,2025-01-22T14:09:00.000Z,0.500796855,0.793685561,0.160707049,0.673686747,17824,394,3
T38097,Finance,2025-01-05T16:46:00.000Z,0.466598605,0.092404395,0.925230665,0.572185498,821,1149,223
T38100,Finance,2025-01-23T20:31:00.000Z,0.500796855,0.962051581,0.921456726,0.042463082,12372,2087,337
T38111,AI,2025-01-16T11:18:00.000Z,0.724745585,0.451896394,0.686249521,0.717744183,15644,2903,164
T38113,Cloud,2025-01-05T07:56:00.000Z,0.500796855,0.845161935,0.421833593,0.773322148,13830,2613,777
T38114,AI,2025-01-23T04:47:00.000Z,0.372068946,0.859646771,0.74648652,0.936338611,17899,426,103
T3812,AI,2025-01-17T21:18:00.000Z,0.500796855,0.227822029,0.465150355,0.847776401,7853,1841,573
T38124,Finance,2025-01-04T22:58:00.000Z,0.500796855,0.410444632,0.066618111,0.499089259,15534,1925,111
T38134,Sports,2025-01-08T14:26:00.000Z,0.500796855,0.170725358,0.796696513,0.700416649,13755,4084,820
T38138,AI,2025-01-10T08:07:00.000Z,0.860733578,0.127187158,0.492344545,0.871215887,1477,3029,67
T38147,AI,2025-01-15T00:35:00.000Z,0.500796855,0.167661246,0.373708169,0.314874995,19741,3863,851
T38155,Sports,2025-01-07T21:54:00.000Z,0.780447266,0.49738816,0.962058798,0.225290341,5335,4479,833
T38158,Cloud,2025-01-23T14:58:00.000Z,0.466890681,0.922475086,0.024016223,0.768493875,3044,2494,72
T38160,Finance,2025-01-03T08:33:00.000Z,0.500796855,0.212928918,0.806183525,0.699539057,16050,2494,864
T38173,AI,2025-01-14T22:17:00.000Z,0.686598871,0.590967594,0.492344545,0.701843515,4001,3999,765
T38191,Finance,2025-01-22T13:09:00.000Z,0.418523595,0.331982748,0.685051006,0.676456229,9029,2022,795
T38196,Finance,2025-01-20T11:46:00.000Z,0.500796855,0.559345103,0.622504414,0.135099048,18641,20,217
T382,Sports,2025-01-18T00:02:00.000Z,0.683050515,0.972457934,0.492344545,0.797377441,13949,1468,993
T38208,Sports,2025-01-03T05:57:00.000Z,0.596469624,0.928344562,0.431088333,0.554903559,1286,1775,195
T38221,AI,2025-01-16T08:42:00.000Z,0.500796855,0.572373121,0.831075173,0.842733989,19328,2517,695
T38241,Sports,2025-01-22T09:24:00.000Z,0.432467693,0.775451844,0.730648588,0.497598668,4121,2586,511
T38244,AI,2025-01-18T11:18:00.000Z,0.500796855,0.263234043,0.582149944,0.798842119,19495,98,443
T38246,Sports,2025-01-15T06:39:00.000Z,0.500796855,0.596827576,0.535481327,0.136349355,5278,2494,835
T38249,AI,2025-01-07T05:29:00.000Z,0.717194647,0.542113204,0.926099525,0.145698135,7825,2291,711
T38254,Sports,2025-01-10T16:07:00.000Z,0.500796855,0.982314466,0.289647546,0.504428297,12851,2707,490
T38258,Cloud,2025-01-03T16:10:00.000Z,0.890855236,0.427788122,0.303589989,0.167842307,10130,140,265
T38267,Sports,2025-01-14T05:35:00.000Z,0.500796855,0.280941688,0.241570662,0.504428297,11936,1701,188
T38283,Finance,2025-01-16T19:15:00.000Z,0.807294608,0.36964612,0.877932138,0.285983685,16861,3462,177
T38293,AI,2025-01-11T13:39:00.000Z,0.961758021,0.214131041,0.081130976,0.871282743,6891,3170,359
T38302,Cloud,2025-01-09T20:47:00.000Z,0.500796855,0.588963429,0.527316684,0.390420163,3266,4941,692
T38319,Finance,2025-01-14T17:34:00.000Z,0.171966226,0.770458415,0.325499298,0.415097354,8154,3512,855
T38321,Cloud,2025-01-18T12:40:00.000Z,0.500796855,0.847722781,0.124548846,0.807160547,5690,4392,910
T38325,AI,2025-01-02T15:45:00.000Z,0.500796855,0.032317219,0.814133845,0.586319337,5685,3895,779
T3834,Cloud,2025-01-18T17:11:00.000Z,0.500796855,0.926637883,0.19537594,0.502527153,1258,3070,489
T38351,Cloud,2025-01-16T00:14:00.000Z,0.858977105,0.893852133,0.716845916,0.034657578,16738,2494,802
T38353,Sports,2025-01-13T05:47:00.000Z,0.500796855,0.839289318,0.775192684,0.109134811,6585,3675,501
T38356,AI,2025-01-20T18:05:00.000Z,0.500796855,0.49738816,0.369680737,0.379713807,9190,3778,247
T38366,AI,2025-01-17T07:59:00.000Z,0.861583058,0.041100254,0.260370025,0.882372301,8933,3512,461
T3837,Finance,2025-01-22T21:13:00.000Z,0.900672489,0.646123648,0.324223362,0.604114785,4755,4787,501
T38417,Cloud,2025-01-12T00:26:00.000Z,0.500796855,0.802409502,0.337081648,0.504428297,19711,410,501
T38419,Cloud,2025-01-22T11:22:00.000Z,0.500796855,0.197123894,0.357366901,0.30210835,14997,2099,350
T38425,Finance,2025-01-01T23:57:00.000Z,0.052070552,0.584875564,0.115069607,0.772523863,13108,4031,652
T38427,Sports,2025-01-11T19:22:00.000Z,0.500796855,0.756819115,0.716602701,0.202795098,7785,4559,680
T38429,Finance,2025-01-15T09:06:00.000Z,0.500796855,0.935570525,0.174982438,0.359655637,481,265,811
T38449,Sports,2025-01-08T23:04:00.000Z,0.620846513,0.174968241,0.179527773,0.074717067,15078,2164,501
T38464,Cloud,2025-01-17T23:37:00.000Z,0.500796855,0.949659341,0.749827133,0.481738799,3370,367,38
T38465,Cloud,2025-01-20T19:55:00.000Z,0.500796855,0.301609381,0.903517097,0.46186198,16396,2823,708
T38467,AI,2025-01-21T13:52:00.000Z,0.47118593,0.799869497,0.688583666,0.044844213,15486,639,832
T38477,Sports,2025-01-19T22:10:00.000Z,0.341508285,0.44571576,0.45093696,0.093441245,13425,3751,2
T38485,Finance,2025-01-01T19:55:00.000Z,0.939651597,0.763684304,0.350863251,0.316818514,11330,767,612
T38494,AI,2025-01-08T23:25:00.000Z,0.500796855,0.17325007,0.20179464,0.537834332,16462,1709,49
T38523,Sports,2025-01-08T02:25:00.000Z,0.821032433,0.49738816,0.057359342,0.823546839,10130,4948,496
T38549,Finance,2025-01-21T08:04:00.000Z,0.500796855,0.640689225,0.685762878,0.145752289,9521,764,838
T38552,Finance,2025-01-08T23:29:00.000Z,0.331801928,0.342995707,0.566075228,0.039535201,2415,665,780
T38554,Finance,2025-01-02T18:15:00.000Z,0.500796855,0.49738816,0.161281418,0.920793324,12741,2634,661
T38558,Sports,2025-01-20T01:36:00.000Z,0.452872141,0.105114954,0.308033297,0.731436928,3643,719,397
T3856,AI,2025-01-09T04:13:00.000Z,0.727261021,0.656136864,0.715473903,0.351779861,18531,4500,57
T38574,AI,2025-01-02T04:20:00.000Z,0.500796855,0.811323592,0.298314527,0.338171212,3321,2232,774
T38578,AI,2025-01-04T17:02:00.000Z,0.500796855,0.775209676,0.127692659,0.726526095,9339,3615,429
T386,Sports,2025-01-19T16:53:00.000Z,0.500796855,0.184678334,0.71965408,0.525082678,14351,168,343
T38600,Cloud,2025-01-18T02:47:00.000Z,0.537776757,0.157938815,0.579920493,0.488709662,8160,1728,829
T38602,Sports,2025-01-09T06:27:00.000Z,0.500796855,0.445182271,0.369434697,0.38592972,8230,86,506
T38605,AI,2025-01-02T01:05:00.000Z,0.500796855,0.215222365,0.007721519,0.487322272,17855,3578,30
T38616,Finance,2025-01-19T10:41:00.000Z,0.839769411,0.304293116,0.956333516,0.504428297,11232,2494,539
T38628,Cloud,2025-01-20T13:39:00.000Z,0.092302078,0.550672979,0.430587041,0.760033223,11748,4612,602
T38641,Finance,2025-01-13T21:01:00.000Z,0.500796855,0.907977893,0.609714511,0.623443169,6303,2741,242
T38652,Finance,2025-01-15T04:57:00.000Z,0.378744803,0.062946766,0.492344545,0.25833494,8093,2494,823
T38658,AI,2025-01-13T02:33:00.000Z,0.500796855,0.367621419,0.527918364,0.538933732,1942,2366,700
T38661,Sports,2025-01-04T16:45:00.000Z,0.895646794,0.194225355,0.67782597,0.425494238,14411,4382,817
T38662,Sports,2025-01-08T15:59:00.000Z,0.500796855,0.149578948,0.982590059,0.12695919,11343,380,672
T3867,Finance,2025-01-05T00:47:00.000Z,0.713046622,0.134062167,0.823889649,0.372373777,10130,2370,369
T38670,Sports,2025-01-22T06:32:00.000Z,0.500796855,0.799713107,0.601201311,0.179174757,16009,3937,656
T38680,Cloud,2025-01-05T22:06:00.000Z,0.500796855,0.170105629,0.21587742,0.696119607,5709,617,557
T3869,Finance,2025-01-07T05:58:00.000Z,0.212967328,0.480521194,0.777914427,0.439521707,5752,468,402
T38696,Cloud,2025-01-21T21:23:00.000Z,0.500796855,0.040816766,0.067768138,0.749597086,10130,418,284
T387,Finance,2025-01-23T02:26:00.000Z,0.500796855,0.681020186,0.140706666,0.550211378,2744,799,58
T3870,AI,2025-01-17T12:15:00.000Z,0.500796855,0.322720282,0.881023324,0.195316497,14586,2407,743
T38723,Finance,2025-01-10T00:32:00.000Z,0.500796855,0.900371426,0.102901357,0.646973694,2349,276,214
T38736,Sports,2025-01-11T01:51:00.000Z,0.500796855,0.72343092,0.530432952,0.363667993,6328,20,171
T38737,AI,2025-01-10T05:19:00.000Z,0.500796855,0.49738816,0.212655957,0.295427944,6233,1882,954
T38738,AI,2025-01-02T04:54:00.000Z,0.500796855,0.314729952,0.983598298,0.159135239,13984,2029,344
T3874,AI,2025-01-17T04:35:00.000Z,0.675186859,0.410516275,0.761111963,0.228524678,14158,2721,549
T38742,Sports,2025-01-01T12:27:00.000Z,0.500796855,0.90372646,0.888048997,0.745355341,3358,1876,304
T38756,AI,2025-01-20T19:26:00.000Z,0.995063449,0.508122765,0.351754116,0.186182503,15694,2975,149
T38762,Cloud,2025-01-12T13:10:00.000Z,0.500796855,0.615937422,0.541478743,0.435899843,1888,3155,903
T38763,Cloud,2025-01-09T06:26:00.000Z,0.410746329,0.864367157,0.124551958,0.579228012,13549,3234,480
T38767,Cloud,2025-01-14T16:47:00.000Z,0.022774838,0.078151478,0.01013168,0.857464881,15917,1721,794
T38777,Finance,2025-01-19T21:43:00.000Z,0.921966809,0.856105271,0.743046497,0.027542235,1890,3655,642
T38782,Finance,2025-01-23T03:29:00.000Z,0.124105005,0.941915483,0.726687022,0.481773591,11420,4579,187
T38783,AI,2025-01-09T12:21:00.000Z,0.500796855,0.49738816,0.382452414,0.758090198,11714,2494,690
T38790,Finance,2025-01-06T19:06:00.000Z,0.500796855,0.543608799,0.857715828,0.200126498,5483,1125,499
T38796,Finance,2025-01-23T01:23:00.000Z,0.500796855,0.261972647,0.690331177,0.965720795,5075,4764,982
T3881,Sports,2025-01-06T09:46:00.000Z,0.043551781,0.499346632,0.487352205,0.461160742,3548,3525,162
T38833,Cloud,2025-01-21T14:44:00.000Z,0.455265749,0.907679372,0.715095617,0.811929938,4653,2445,163
T38835,Finance,2025-01-19T11:54:00.000Z,0.642502962,0.568331809,0.303541724,0.28816206,12466,3414,432
T38845,Finance,2025-01-20T10:12:00.000Z,0.500796855,0.377017932,0.936018022,0.407401891,16144,255,330
T38846,Finance,2025-01-09T22:32:00.000Z,0.500796855,0.087501803,0.487278298,0.504277506,11554,3549,389
T3885,Sports,2025-01-22T15:08:00.000Z,0.500796855,0.747243717,0.396098334,0.903356194,19673,4288,434
T38853,Finance,2025-01-03T20:46:00.000Z,0.500796855,0.97428377,0.492344545,0.895304633,8824,1355,937
T38875,AI,2025-01-06T11:18:00.000Z,0.500796855,0.224620907,0.492344545,0.504428297,2394,174,949
T38876,Cloud,2025-01-23T01:45:00.000Z,0.60602691,0.929330279,0.287045365,0.80161067,10146,3227,501
T38881,AI,2025-01-05T22:46:00.000Z,0.500796855,0.787339375,0.191606224,0.630707174,5988,3196,213
T3889,Sports,2025-01-02T20:33:00.000Z,0.500796855,0.447530468,0.528080745,0.697515021,5457,4587,109
T38904,AI,2025-01-18T00:53:00.000Z,0.500796855,0.49738816,0.868149554,0.374130463,11104,4229,708
T38934,Cloud,2025-01-02T03:44:00.000Z,0.034044102,0.596825482,0.73506036,0.660494795,15130,329,965
T38946,Sports,2025-01-06T10:43:00.000Z,0.500796855,0.669017121,0.789110099,0.960512947,580,3571,330
T38971,AI,2025-01-21T10:50:00.000Z,0.033159815,0.092541377,0.858753745,0.942983309,17645,4914,987
T38992,Finance,2025-01-16T12:57:00.000Z,0.500796855,0.311302219,0.085463052,0.246158866,9429,4551,966
T390,Cloud,2025-01-15T19:06:00.000Z,0.500796855,0.866600628,0.895836369,0.984958119,10130,438,498
T39006,AI,2025-01-02T02:47:00.000Z,0.474209791,0.872827165,0.3392733,0.53527351,1288,2830,501
T39014,AI,2025-01-19T04:46:00.000Z,0.732383446,0.533613929,0.467148977,0.51846575,10130,54,260
T39026,AI,2025-01-13T12:13:00.000Z,0.500796855,0.49738816,0.247103349,0.200360407,17224,1417,977
T3904,AI,2025-01-06T21:06:00.000Z,0.182822892,0.658099258,0.210819645,0.135230295,1206,289,504
T39044,AI,2025-01-10T12:20:00.000Z,0.500796855,0.512597538,0.152426579,0.581300513,18492,3849,155
T39054,Sports,2025-01-14T00:06:00.000Z,0.41916182,0.005463956,0.120225206,0.445508809,451,4548,691
T39072,AI,2025-01-18T11:53:00.000Z,0.500796855,0.216574763,0.556448412,0.790574211,13984,4793,164
T39074,Finance,2025-01-11T02:36:00.000Z,0.500796855,0.679370292,0.133128085,0.06868616,8693,2673,201
T39080,Cloud,2025-01-13T20:32:00.000Z,0.402234539,0.654064341,0.246209603,0.420166324,13334,133,683
T39081,AI,2025-01-04T22:51:00.000Z,0.500796855,0.069663567,0.629448796,0.692426343,18396,724,146
T39085,Finance,2025-01-07T19:51:00.000Z,0.249783044,0.602376682,0.02795248,0.423525269,17413,1706,834
T39095,Finance,2025-01-06T17:31:00.000Z,0.500796855,0.074853812,0.856635527,0.092468883,10130,3970,355
T39102,Finance,2025-01-09T09:44:00.000Z,0.500796855,0.98262649,0.944465702,0.466647099,13612,3250,316
T39103,AI,2025-01-03T23:12:00.000Z,0.500796855,0.641765159,0.165327862,0.584240872,3205,1111,771
T39111,Cloud,2025-01-06T04:41:00.000Z,0.817514198,0.499040887,0.492344545,0.669885551,18179,989,221
T39123,Cloud,2025-01-20T12:52:00.000Z,0.500796855,0.903804376,0.006906131,0.402226609,19936,1084,339
T3913,Finance,2025-01-07T00:42:00.000Z,0.366618588,0.49738816,0.822757157,0.486361392,2518,2586,886
T39132,AI,2025-01-05T18:43:00.000Z,0.500796855,0.49738816,0.72160277,0.946266668,18980,1174,151
T39148,Sports,2025-01-15T10:02:00.000Z,0.500796855,0.921673398,0.835859045,0.351382315,14400,4306,94
T39163,Cloud,2025-01-20T20:48:00.000Z,0.500796855,0.904098607,0.216745495,0.585939673,17774,2577,754
T39166,Cloud,2025-01-16T02:20:00.000Z,0.822076808,0.118645751,0.679269769,0.045850865,14672,4495,695
T3917,AI,2025-01-11T11:47:00.000Z,0.15768564,0.076899528,0.281492306,0.972724359,964,2191,455
T39174,AI,2025-01-14T13:58:00.000Z,0.500796855,0.832231142,0.888361836,0.562149976,18632,857,458
T39182,Finance,2025-01-17T10:00:00.000Z,0.653950832,0.49738816,0.492344545,0.200417926,19879,1651,445
T39209,Finance,2025-01-20T05:16:00.000Z,0.500796855,0.184148125,0.839993579,0.221991169,19726,929,180
T39218,Cloud,2025-01-08T15:18:00.000Z,0.500796855,0.366441353,0.753782811,0.051597561,13242,3316,456
T39227,AI,2025-01-03T01:46:00.000Z,0.500796855,0.154737092,0.956606249,0.656669303,9569,927,524
T39237,Cloud,2025-01-01T18:28:00.000Z,0.710224142,0.811778544,0.555388859,0.608912746,6549,2750,413
T3924,Cloud,2025-01-24T02:55:00.000Z,0.500796855,0.634016862,0.418988599,0.709429792,10130,3267,330
T3925,Cloud,2025-01-23T20:06:00.000Z,0.023255882,0.158564234,0.492344545,0.412462533,17011,3189,500
T39251,Cloud,2025-01-02T13:53:00.000Z,0.361404025,0.651758141,0.173630617,0.307356493,14094,3986,968
T39264,Sports,2025-01-22T16:47:00.000Z,0.500796855,0.689808719,0.653748439,0.504428297,9286,3344,822
T39285,Sports,2025-01-05T21:45:00.000Z,0.500796855,0.351893481,0.040021128,0.077405893,18616,2401,458
T39289,AI,2025-01-06T22:26:00.000Z,0.894204491,0.49738816,0.042738345,0.661064744,14118,2224,789
T3929,Sports,2025-01-10T23:17:00.000Z,0.765433313,0.575116663,0.197288683,0.420236412,5501,4791,362
T39293,Cloud,2025-01-08T12:50:00.000Z,0.500796855,0.427973937,0.161302279,0.175525602,12647,1903,691
T39295,Sports,2025-01-09T17:11:00.000Z,0.500796855,0.713457054,0.176712995,0.017248499,13513,781,952
T3931,Cloud,2025-01-02T06:01:00.000Z,0.500796855,0.062362338,0.806118648,0.597117722,4327,4697,605
T3932,Cloud,2025-01-14T14:00:00.000Z,0.042759533,0.025822556,0.297063874,0.313727996,10130,1404,977
T3933,Finance,2025-01-17T08:03:00.000Z,0.954689714,0.419010226,0.7050186,0.921951972,1569,3085,183
T39337,Cloud,2025-01-13T07:57:00.000Z,0.136007404,0.81593608,0.300994852,0.519643109,16221,3680,288
T39343,Sports,2025-01-02T08:54:00.000Z,0.783746367,0.469542335,0.675716705,0.843079804,16854,2553,507
T39349,Sports,2025-01-13T02:28:00.000Z,0.500796855,0.924119365,0.928449733,0.517722981,19341,3086,665
T39352,Finance,2025-01-06T12:35:00.000Z,0.500796855,0.669184151,0.427850829,0.48891164,8448,3305,453
T39363,Cloud,2025-01-22T14:15:00.000Z,0.500796855,0.608872905,0.497477073,0.504428297,14568,4789,622
T39371,Sports,2025-01-15T01:42:00.000Z,0.441592593,0.882044815,0.275610572,0.378645221,3306,2823,967
T39378,AI,2025-01-10T15:35:00.000Z,0.726342196,0.304348268,0.946377755,0.504428297,15269,4830,666
T39381,Finance,2025-01-02T04:01:00.000Z,0.500796855,0.481095128,0.782586297,0.877122879,14915,4711,332
T39383,Finance,2025-01-06T09:24:00.000Z,0.76996846,0.295967967,0.673125487,0.504428297,4471,1408,501
T39393,Sports,2025-01-13T04:05:00.000Z,0.243758476,0.49738816,0.053517048,0.1258862,16789,4516,387
T39405,Finance,2025-01-23T10:21:00.000Z,0.500796855,0.882360168,0.318946843,0.454935662,3943,779,501
T39411,Finance,2025-01-22T00:25:00.000Z,0.291883867,0.589668754,0.549183217,0.055502305,13762,4766,649
T39419,Cloud,2025-01-11T00:29:00.000Z,0.500796855,0.248954533,0.05010924,0.078501415,17333,1104,961
T3943,Finance,2025-01-22T01:28:00.000Z,0.318362536,0.045533615,0.953607387,0.441148661,1615,4402,561
T39432,AI,2025-01-02T14:28:00.000Z,0.500796855,0.512187635,0.340395231,0.613363746,17157,3847,471
T39447,AI,2025-01-09T14:35:00.000Z,0.222039817,0.319288797,0.221318516,0.577099073,9201,1522,164
T39456,Cloud,2025-01-22T14:47:00.000Z,0.500796855,0.820399199,0.018608039,0.816928749,6369,1286,669
T39457,AI,2025-01-07T22:14:00.000Z,0.500796855,0.658872411,0.133971859,0.504428297,14025,4695,501
T39458,AI,2025-01-16T03:25:00.000Z,0.311425826,0.29786742,0.492344545,0.710925279,10496,703,406
T39467,Cloud,2025-01-19T20:09:00.000Z,0.796934167,0.064446957,0.175586899,0.28507966,7623,4595,377
T39473,Sports,2025-01-05T05:20:00.000Z,0.570669105,0.401106832,0.318688117,0.612647516,17133,993,944
T3948,AI,2025-01-13T16:32:00.000Z,0.318311311,0.803603819,0.761197561,0.978775585,17420,4511,47
T39499,Finance,2025-01-03T19:32:00.000Z,0.323363102,0.014592538,0.843591932,0.224700848,3883,3370,212
T39504,AI,2025-01-19T19:35:00.000Z,0.500796855,0.160925152,0.378347906,0.821416989,7818,4549,970
T39508,Sports,2025-01-09T02:39:00.000Z,0.335749366,0.020492911,0.369055177,0.034793558,13658,4333,773
T39523,Cloud,2025-01-04T18:59:00.000Z,0.15897893,0.668845945,0.48132817,0.336205294,2482,1053,884
T39527,Cloud,2025-01-20T23:30:00.000Z,0.387017264,0.695882247,0.939119848,0.27937079,19821,3307,316
T39528,AI,2025-01-18T22:45:00.000Z,0.500796855,0.668307686,0.143257523,0.468785836,13314,2364,493
T39533,Cloud,2025-01-01T06:26:00.000Z,0.500796855,0.49738816,0.877936712,0.504428297,4773,194,862
T3954,AI,2025-01-09T17:40:00.000Z,0.218110174,0.395571875,0.925316702,0.047227047,19513,3031,321
T39544,Finance,2025-01-09T18:58:00.000Z,0.177454537,0.757749632,0.898356884,0.841714136,5182,4220,9
T39546,Sports,2025-01-04T10:36:00.000Z,0.668662635,0.178957963,0.162953618,0.195612525,17626,1702,86
T39548,Cloud,2025-01-10T18:22:00.000Z,0.992884299,0.974399331,0.445081336,0.240369731,19836,3093,338
T39553,AI,2025-01-04T13:46:00.000Z,0.684136113,0.677217777,0.213575767,0.971496849,6090,981,319
T39555,Sports,2025-01-09T18:34:00.000Z,0.500796855,0.184814235,0.759761138,0.383880291,7832,2538,352
T39559,Sports,2025-01-15T08:41:00.000Z,0.121745628,0.3853049,0.822639843,0.243400461,14759,272,776
T39560,Cloud,2025-01-07T16:11:00.000Z,0.794566402,0.032586361,0.319508875,0.391268142,13254,2230,365
T39568,AI,2025-01-03T14:51:00.000Z,0.646620612,0.591012398,0.748770647,0.200384029,9189,3995,77
T39580,Cloud,2025-01-18T12:36:00.000Z,0.22379345,0.67949169,0.92678482,0.952443094,1735,4377,350
T39588,Cloud,2025-01-10T18:15:00.000Z,0.511221765,0.037341802,0.89993286,0.351152076,1132,541,151
T39600,Sports,2025-01-20T08:12:00.000Z,0.196741817,0.268207642,0.067378607,0.343259436,12395,3066,507
T39625,Sports,2025-01-16T06:58:00.000Z,0.500796855,0.322184304,0.278693332,0.114110298,10943,3042,587
T39627,Finance,2025-01-21T08:38:00.000Z,0.997672735,0.865848971,0.362182325,0.011030664,5114,2178,874
T39640,Sports,2025-01-09T12:01:00.000Z,0.500796855,0.105973168,0.998468038,0.504428297,18146,453,888
T39649,Sports,2025-01-03T08:49:00.000Z,0.500796855,0.612267371,0.583549541,0.65859926,2878,754,384
T3966,Sports,2025-01-01T10:15:00.000Z,0.500796855,0.410950524,0.221539631,0.561863717,7964,3361,987
T39666,Finance,2025-01-15T08:37:00.000Z,0.500796855,0.255570142,0.323523521,0.918598601,15722,1007,501
T39668,Cloud,2025-01-22T15:20:00.000Z,0.500796855,0.69742712,0.137973469,0.298918555,6246,3915,684
T39701,Cloud,2025-01-03T01:47:00.000Z,0.356964114,0.955595421,0.779694315,0.663100185,1855,452,358
T39702,Sports,2025-01-05T19:14:00.000Z,0.495650465,0.73702384,0.167942057,0.617664377,17284,81,636
T39704,Sports,2025-01-04T19:27:00.000Z,0.457535449,0.49738816,0.972405627,0.437372178,19553,4003,302
T3971,AI,2025-01-12T21:10:00.000Z,0.500796855,0.815276839,0.975867663,0.211800966,11776,3915,137
T39723,Finance,2025-01-22T09:43:00.000Z,0.131733173,0.051606447,0.283513151,0.802557131,2586,2329,501
T39725,Finance,2025-01-05T16:14:00.000Z,0.500796855,0.837960987,0.978759324,0.252254517,3294,602,687
T39729,Finance,2025-01-18T17:04:00.000Z,0.796134638,0.762643218,0.322465867,0.377667903,18754,2798,906
T39733,Cloud,2025-01-03T21:39:00.000Z,0.468525517,0.249581459,0.358028378,0.930629323,9529,4050,813
T39735,Finance,2025-01-16T22:46:00.000Z,0.500796855,0.015908069,0.978135986,0.23202194,18820,2823,390
T39748,Finance,2025-01-01T19:26:00.000Z,0.697864687,0.326508796,0.493085634,0.005642472,7694,2494,583
T39752,Cloud,2025-01-16T02:31:00.000Z,0.500796855,0.605812283,0.753261007,0.856032825,5582,49,66
T39762,Sports,2025-01-23T08:45:00.000Z,0.500796855,0.371788773,0.594625059,0.993566329,10130,1382,875
T39764,AI,2025-01-11T00:13:00.000Z,0.24867155,0.444140579,0.643392509,0.697570837,3086,2697,193
T39770,AI,2025-01-02T04:56:00.000Z,0.500796855,0.345371716,0.839463464,0.809141212,7228,1915,33
T39781,AI,2025-01-07T20:51:00.000Z,0.500796855,0.15197769,0.492344545,0.177929264,2477,233,796
T39789,Cloud,2025-01-19T23:07:00.000Z,0.500796855,0.242931002,0.177547571,0.719390191,3932,3542,544
T39790,Cloud,2025-01-06T09:38:00.000Z,0.449060884,0.244330634,0.548697824,0.02042094,15751,4782,124
T39792,AI,2025-01-21T03:41:00.000Z,0.500796855,0.49738816,0.331513021,0.283810748,3895,3023,371
T39799,Sports,2025-01-20T18:16:00.000Z,0.500796855,0.426893777,0.769840271,0.538417947,12569,2863,372
T39804,Finance,2025-01-22T09:55:00.000Z,0.500796855,0.64518948,0.440002144,0.451681477,2200,1379,875
T39815,Cloud,2025-01-18T10:02:00.000Z,0.972082555,0.49738816,0.808084403,0.685827046,15009,71,393
T39821,AI,2025-01-07T17:24:00.000Z,0.500796855,0.569626748,0.677538303,0.237248986,17161,1333,657
T39824,AI,2025-01-06T16:25:00.000Z,0.329245367,0.484034195,0.90174757,0.936332757,5059,2843,682
T39829,Finance,2025-01-15T00:27:00.000Z,0.500796855,0.795291253,0.380498161,0.951596272,434,2324,482
T39834,Cloud,2025-01-08T18:45:00.000Z,0.291932178,0.75249313,0.584165919,0.086646904,8206,3946,128
T39846,AI,2025-01-12T02:39:00.000Z,0.823536181,0.103166736,0.874235012,0.81133923,10568,3960,598
T3985,Cloud,2025-01-02T11:23:00.000Z,0.671895498,0.375507944,0.67136058,0.571569731,10189,2494,422
T39856,Cloud,2025-01-19T03:33:00.000Z,0.500796855,0.883056494,0.149604722,0.493430048,11402,4329,374
T39858,Sports,2025-01-22T12:51:00.000Z,0.702821507,0.649887936,0.326212517,0.459241273,6797,4429,331
T39861,Sports,2025-01-17T12:53:00.000Z,0.446218915,0.910575635,0.449266712,0.693805338,13212,3425,963
T39869,Sports,2025-01-01T20:17:00.000Z,0.500796855,0.170905399,0.157232324,0.08172675,19979,3888,160
T39875,AI,2025-01-17T03:41:00.000Z,0.500796855,0.499990077,0.216004372,0.010853417,3457,608,613
T3989,Cloud,2025-01-22T07:52:00.000Z,0.500796855,0.21024749,0.0052033,0.504428297,11541,4256,703
T39899,Cloud,2025-01-12T08:03:00.000Z,0.500796855,0.995634101,0.452422324,0.204587244,6113,3667,134
T39938,AI,2025-01-20T22:36:00.000Z,0.500796855,0.891152413,0.31547164,0.091573926,3755,3724,961
T39941,Sports,2025-01-23T17:30:00.000Z,0.867323166,0.532702269,0.678320002,0.50699005,12072,361,152
T39963,Sports,2025-01-16T18:30:00.000Z,0.500513304,0.743058013,0.903355657,0.291580367,7693,4257,549
T39974,Finance,2025-01-03T11:22:00.000Z,0.060961298,0.335238646,0.860378343,0.518648659,5848,1018,178
T39988,Finance,2025-01-04T23:26:00.000Z,0.500796855,0.49738816,0.492344545,0.878946342,6080,110,640
T39994,AI,2025-01-09T11:42:00.000Z,0.500796855,0.9859287,0.368892353,0.250202238,18911,1707,721
T39998,Finance,2025-01-06T00:07:00.000Z,0.500796855,0.64165146,0.039670316,0.489251202,9546,399,542
T4003,Finance,2025-01-13T06:38:00.000Z,0.500796855,0.191108999,0.816608561,0.504428297,4131,2494,180
T4011,AI,2025-01-01T21:15:00.000Z,0.176379919,0.809737149,0.888202127,0.868265829,9181,4864,249
T4022,AI,2025-01-14T11:19:00.000Z,0.500796855,0.028343449,0.07905866,0.453400296,2424,926,153
T4024,Finance,2025-01-13T05:01:00.000Z,0.500796855,0.992748037,0.735471601,0.964247165,16904,2494,372
T4026,Cloud,2025-01-15T00:34:00.000Z,0.500796855,0.898091983,0.40051145,0.990673693,3481,984,700
T4029,Sports,2025-01-10T22:15:00.000Z,0.854028953,0.263541781,0.884101725,0.090926135,10130,1785,851
T4054,Cloud,2025-01-01T19:42:00.000Z,0.500796855,0.252174287,0.650990728,0.604331113,7753,2494,536
T4073,Sports,2025-01-13T12:57:00.000Z,0.500796855,0.001238891,0.492344545,0.274724286,2525,2494,597
T4095,AI,2025-01-22T11:51:00.000Z,0.500796855,0.516143736,0.011554497,0.438825022,10130,4022,474
T4106,Finance,2025-01-01T23:36:00.000Z,0.500796855,0.78987777,0.34710544,0.361751462,9422,660,690
T4112,Cloud,2025-01-14T11:05:00.000Z,0.026671168,0.49738816,0.65518031,0.720794437,19620,2419,83
T4141,Cloud,2025-01-05T17:22:00.000Z,0.500796855,0.679856272,0.882718953,0.309090339,10418,3985,245
T4148,Finance,2025-01-09T11:24:00.000Z,0.500796855,0.840783237,0.132200012,0.712216818,16467,1710,302
T4152,Sports,2025-01-11T00:46:00.000Z,0.500796855,0.424098605,0.625653921,0.195899191,6534,4624,339
T416,Finance,2025-01-08T12:28:00.000Z,0.500796855,0.902672505,0.838355182,0.978968541,18583,510,659
T4183,AI,2025-01-19T15:04:00.000Z,0.284891613,0.38265058,0.975820867,0.311664853,7995,2827,7
T4195,Cloud,2025-01-11T13:47:00.000Z,0.422967476,0.195602214,0.492344545,0.220673512,17082,3525,332
T4203,Cloud,2025-01-04T13:05:00.000Z,0.199783609,0.234599472,0.183583135,0.94552131,16864,3919,533
T4218,Sports,2025-01-18T07:59:00.000Z,0.500796855,0.217380654,0.540980992,0.886965397,11617,2128,869
T4224,AI,2025-01-07T18:03:00.000Z,0.500796855,0.838632906,0.492344545,0.635351496,7254,4505,882
T4237,Sports,2025-01-05T18:48:00.000Z,0.731022334,0.525741863,0.03637437,0.811569019,10130,1278,727
T4247,AI,2025-01-14T20:59:00.000Z,0.049241816,0.915159763,0.326877519,0.482094901,1826,4410,956
T4262,Sports,2025-01-03T18:07:00.000Z,0.554046151,0.986792944,0.652150117,0.214731911,19625,1245,501
T4275,Cloud,2025-01-08T17:15:00.000Z,0.500796855,0.095849002,0.320548157,0.474539311,18927,4970,796
T4295,Finance,2025-01-13T02:33:00.000Z,0.413517376,0.371637586,0.603006528,0.940739794,5424,2673,81
T4296,Finance,2025-01-22T03:37:00.000Z,0.500796855,0.359260931,0.769173572,0.937337949,10130,1000,295
T4317,Cloud,2025-01-18T02:17:00.000Z,0.500796855,0.956095132,0.588512032,0.990387011,17771,2667,506
T4325,Sports,2025-01-04T10:01:00.000Z,0.500796855,0.974199528,0.37831375,0.17257572,19287,2192,908
T4328,Sports,2025-01-03T17:32:00.000Z,0.400743337,0.49738816,0.128364753,0.835207226,852,524,896
T4338,Finance,2025-01-16T07:33:00.000Z,0.31736392,0.643170542,0.735478538,0.089643704,6750,1563,501
T436,Finance,2025-01-03T13:01:00.000Z,0.342737046,0.223864503,0.28286749,0.164595822,3072,2694,756
T4362,AI,2025-01-23T03:37:00.000Z,0.2293294,0.084108713,0.312802467,0.839923307,830,3294,101
T4368,Sports,2025-01-18T21:58:00.000Z,0.500796855,0.979911729,0.524373283,0.309167156,4397,1913,827
T437,Cloud,2025-01-10T04:17:00.000Z,0.500796855,0.257164922,0.025762268,0.736910848,8844,459,448
T438,Sports,2025-01-18T02:14:00.000Z,0.500796855,0.064872966,0.492344545,0.728270924,3253,3614,645
T4381,Sports,2025-01-02T01:37:00.000Z,0.417663906,0.833195497,0.493138177,0.94773354,3213,2206,569
T4392,Cloud,2025-01-09T12:26:00.000Z,0.500796855,0.931991745,0.191899445,0.089639549,9816,2299,940
T4397,Cloud,2025-01-04T03:30:00.000Z,0.500796855,0.463977651,0.243649823,0.011648284,15066,2496,299
T4441,Cloud,2025-01-22T10:04:00.000Z,0.500796855,0.49738816,0.267253094,0.728396996,10130,3705,804
T4446,Cloud,2025-01-07T23:16:00.000Z,0.500796855,0.151636717,0.405416885,0.456350488,18179,1478,108
T4455,Finance,2025-01-07T11:08:00.000Z,0.500796855,0.031193454,0.03724676,0.737997576,10359,2964,855
T4476,AI,2025-01-23T11:00:00.000Z,0.007696465,0.77197518,0.666275919,0.436027249,15412,2559,145
T4486,Sports,2025-01-13T22:08:00.000Z,0.118817992,0.409132633,0.515280656,0.473259052,13367,1300,699
T4496,Finance,2025-01-06T08:00:00.000Z,0.323699705,0.501169499,0.266021988,0.370864769,8589,380,445
T4497,AI,2025-01-01T05:19:00.000Z,0.842328811,0.569436396,0.448806159,0.698448058,10130,2792,134
T4503,Finance,2025-01-10T21:56:00.000Z,0.500796855,0.49738816,0.079995069,0.410859212,13398,2074,182
T4504,Sports,2025-01-04T00:35:00.000Z,0.768557457,0.390986074,0.774553744,0.791224717,6963,4067,886
T4506,Sports,2025-01-04T09:41:00.000Z,0.738293721,0.49738816,0.348394223,0.859751157,3662,1386,504
T4516,Cloud,2025-01-15T14:08:00.000Z,0.949427446,0.15579178,0.97071338,0.171037902,11489,4266,607
T4523,Cloud,2025-01-13T04:24:00.000Z,0.500796855,0.365369483,0.900049809,0.504428297,10130,1062,587
T4530,Finance,2025-01-17T07:09:00.000Z,0.500796855,0.809510331,0.326883424,0.200162753,17187,4660,475
T4537,Sports,2025-01-06T15:55:00.000Z,0.04994525,0.823001385,0.345209719,0.263876668,17912,4835,283
T4565,Finance,2025-01-03T18:06:00.000Z,0.500796855,0.613422284,0.525931848,0.398031363,10130,4995,435
T4570,Finance,2025-01-20T03:40:00.000Z,0.500796855,0.904309491,0.130404571,0.613414793,7242,1332,679
T4572,Cloud,2025-01-07T17:52:00.000Z,0.500796855,0.49738816,0.492344545,0.648613672,9,1820,383
T4573,Finance,2025-01-11T18:12:00.000Z,0.211303142,0.6250949,0.736527059,0.620715997,2902,2837,995
T4577,Sports,2025-01-22T17:43:00.000Z,0.500796855,0.157438963,0.974453854,0.840656012,8403,440,904
T4578,Finance,2025-01-03T16:23:00.000Z,0.500796855,0.611027577,0.221504688,0.02795323,15102,2672,344
T458,Cloud,2025-01-02T13:43:00.000Z,0.500796855,0.381318182,0.906816631,0.831186435,19793,3651,431
T4585,Cloud,2025-01-15T01:36:00.000Z,0.693970346,0.091272654,0.640087579,0.031924038,15696,848,332
T4591,Finance,2025-01-14T17:27:00.000Z,0.017344611,0.716238007,0.738213134,0.734145139,17172,2750,846
T460,Cloud,2025-01-05T23:11:00.000Z,0.78136672,0.460459306,0.399270645,0.164902743,10790,3731,396
T4604,Cloud,2025-01-16T15:10:00.000Z,0.500796855,0.169403721,0.13361128,0.229738796,17901,1015,28
T4606,AI,2025-01-21T20:32:00.000Z,0.500796855,0.973068882,0.47743492,0.402020533,16354,2087,169
T4620,Sports,2025-01-20T10:14:00.000Z,0.500796855,0.49738816,0.638236727,0.464177862,14706,2722,758
T4621,Sports,2025-01-08T20:01:00.000Z,0.462073971,0.390173082,0.864287069,0.953008736,8396,3701,802
T4626,Cloud,2025-01-14T21:45:00.000Z,0.600549902,0.772398818,0.861544009,0.344754074,11430,742,505
T4639,Finance,2025-01-21T20:43:00.000Z,0.481186719,0.61409236,0.492344545,0.361186719,10130,1331,638
T4647,Cloud,2025-01-08T23:08:00.000Z,0.749962332,0.790816056,0.56318398,0.658953736,16851,4820,859
T4663,Finance,2025-01-08T10:56:00.000Z,0.500796855,0.710349373,0.492344545,0.53468875,9385,2691,883
T4665,Cloud,2025-01-22T07:41:00.000Z,0.22545455,0.17237105,0.596159704,0.404289633,19456,449,176
T4670,AI,2025-01-22T14:14:00.000Z,0.007324022,0.942460918,0.6672751,0.247208166,16958,1508,948
T4677,AI,2025-01-24T02:38:00.000Z,0.679334362,0.933450118,0.362395236,0.541822225,12555,3290,808
T4683,Sports,2025-01-09T02:11:00.000Z,0.500796855,0.011368715,0.553371899,0.983973287,18040,4181,217
T4687,Cloud,2025-01-04T09:35:00.000Z,0.500796855,0.317647325,0.04909565,0.589523158,11168,3041,685
T469,AI,2025-01-21T12:18:00.000Z,0.500796855,0.13760058,0.123025299,0.70785641,15536,4328,24
T4692,Finance,2025-01-14T19:22:00.000Z,0.500796855,0.787763027,0.398725038,0.108150676,4168,333,831
T4694,Sports,2025-01-01T04:58:00.000Z,0.500796855,0.286735198,0.504052144,0.692973161,18143,4915,952
T4698,AI,2025-01-14T05:26:00.000Z,0.212991339,0.830537536,0.309335123,0.26765201,14751,1658,950
T4708,AI,2025-01-22T05:51:00.000Z,0.500796855,0.496593697,0.25989264,0.52007734,1093,4485,303
T4711,AI,2025-01-05T14:51:00.000Z,0.500796855,0.49738816,0.492344545,0.704815914,18482,1213,374
T4720,Cloud,2025-01-23T02:57:00.000Z,0.500796855,0.438555938,0.366186466,0.320030853,18535,2949,871
T4728,Sports,2025-01-01T22:41:00.000Z,0.500796855,0.298220945,0.350561733,0.334706776,5918,1363,247
T4736,Cloud,2025-01-18T05:06:00.000Z,0.900339018,0.406112944,0.536485104,0.639385183,6951,1799,486
T4739,Cloud,2025-01-08T19:31:00.000Z,0.742300174,0.971551326,0.932598289,0.472871771,8481,4761,100
T4740,AI,2025-01-04T15:30:00.000Z,0.787297105,0.163307033,0.080631319,0.121036939,4467,52,923
T481,AI,2025-01-12T06:40:00.000Z,0.1866519,0.193487154,0.840632603,0.59750536,6404,940,570
T4823,Finance,2025-01-03T00:09:00.000Z,0.500796855,0.268614936,0.784429482,0.225014493,16591,810,396
T4841,Cloud,2025-01-15T08:00:00.000Z,0.691164348,0.834927338,0.35848431,0.735602821,18313,3061,230
T4861,Finance,2025-01-23T02:42:00.000Z,0.504660683,0.179135977,0.379622753,0.098127327,10057,202,864
T4876,Sports,2025-01-21T21:50:00.000Z,0.500796855,0.877407181,0.69775943,0.137924526,10945,22,492
T4890,Sports,2025-01-03T19:38:00.000Z,0.500796855,0.49738816,0.065303989,0.914798943,9426,4598,184
T4896,Sports,2025-01-14T06:38:00.000Z,0.946342585,0.945871294,0.385524202,0.864492609,15201,1364,552
T49,Sports,2025-01-23T11:28:00.000Z,0.006094819,0.859829956,0.401543319,0.504428297,9333,4100,29
T4909,Cloud,2025-01-14T20:35:00.000Z,0.500796855,0.88697767,0.969477767,0.04908466,4576,755,356
T4914,Finance,2025-01-01T11:12:00.000Z,0.818340208,0.49235009,0.675429838,0.512086149,17928,1416,328
T4917,Cloud,2025-01-15T19:54:00.000Z,0.490459709,0.430604415,0.657101168,0.187732039,14954,393,217
T4935,Finance,2025-01-21T02:55:00.000Z,0.577670096,0.84392314,0.052550866,0.6633239,10224,1892,686
T4938,Finance,2025-01-14T03:05:00.000Z,0.500796855,0.886135033,0.625431314,0.900431923,1817,318,554
T4941,Finance,2025-01-12T09:28:00.000Z,0.500796855,0.856403877,0.492344545,0.51678523,5729,4801,639
T4943,Sports,2025-01-04T10:14:00.000Z,0.500796855,0.429003741,0.83531342,0.635939417,6735,1604,247
T4952,AI,2025-01-21T01:46:00.000Z,0.500796855,0.699819732,0.717046865,0.678545485,2145,3176,602
T4955,Finance,2025-01-01T11:38:00.000Z,0.500796855,0.228457143,0.527879076,0.883227834,16020,1906,929
T496,Finance,2025-01-23T10:18:00.000Z,0.500796855,0.297503374,0.685931471,0.504428297,12825,990,353
T4968,Cloud,2025-01-06T00:21:00.000Z,0.500796855,0.292974742,0.495721277,0.394191489,18041,3103,197
T497,AI,2025-01-08T10:04:00.000Z,0.483825422,0.27326216,0.344831754,0.914471787,2130,365,107
T4974,Finance,2025-01-09T00:40:00.000Z,0.500796855,0.512215969,0.603322383,0.165220275,843,1353,568
T4976,Finance,2025-01-16T07:57:00.000Z,0.625860234,0.754122838,0.545159922,0.120448447,18212,3393,410
T4979,Cloud,2025-01-22T19:42:00.000Z,0.524726549,0.345441131,0.580461565,0.173862262,128,2709,925
T4980,AI,2025-01-22T21:08:00.000Z,0.89650003,0.955440389,0.241272243,0.344889711,14756,2097,856
T4985,Cloud,2025-01-06T06:02:00.000Z,0.500796855,0.05333364,0.975346337,0.944883486,9526,741,750
T4986,Cloud,2025-01-08T04:09:00.000Z,0.500796855,0.49738816,0.268269891,0.924164438,5310,1931,199
T4990,Finance,2025-01-10T16:00:00.000Z,0.486013911,0.004304747,0.528007764,0.125892939,9228,3879,446
T4996,Cloud,2025-01-08T10:34:00.000Z,0.500796855,0.242517334,0.679519866,0.820047689,12147,2818,71
T5002,Sports,2025-01-16T22:16:00.000Z,0.500796855,0.112176774,0.25253482,0.915421236,8643,740,651
T5028,AI,2025-01-23T18:27:00.000Z,0.472309731,0.49738816,0.987183758,0.511890497,14012,1970,6
T5038,AI,2025-01-13T01:38:00.000Z,0.443562408,0.017561366,0.978789199,0.581280747,388,3123,646
T5040,Cloud,2025-01-13T17:23:00.000Z,0.500796855,0.023128974,0.515446069,0.867158339,2007,2501,253
T5044,Cloud,2025-01-15T19:47:00.000Z,0.369147587,0.499762874,0.627217857,0.324802364,7685,2318,510
T5048,Sports,2025-01-02T04:19:00.000Z,0.500796855,0.64001551,0.031935018,0.590090169,10130,1964,545
T5050,AI,2025-01-08T08:56:00.000Z,0.500796855,0.979508898,0.688285202,0.542863765,16779,1949,219
T5056,Cloud,2025-01-17T02:51:00.000Z,0.500796855,0.533551717,0.83690762,0.148299713,3069,2205,637
T5066,Sports,2025-01-19T04:15:00.000Z,0.500796855,0.324636742,0.131017104,0.594871029,17445,2494,555
T5071,Sports,2025-01-02T04:59:00.000Z,0.64485538,0.11104464,0.273253536,0.504428297,1856,1602,361
T5075,AI,2025-01-23T23:52:00.000Z,0.500796855,0.163690952,0.172842404,0.857242477,2394,11,811
T5076,Finance,2025-01-12T17:40:00.000Z,0.416758543,0.628257717,0.525044138,0.27321824,12350,850,249
T508,Finance,2025-01-22T22:34:00.000Z,0.492146404,0.158935162,0.231263681,0.118096458,3468,2494,844
T5113,Finance,2025-01-10T19:56:00.000Z,0.500796855,0.360122371,0.542005273,0.523476556,7560,1937,415
T5118,AI,2025-01-19T06:34:00.000Z,0.460489882,0.600661489,0.517696289,0.504428297,19087,1457,235
T5120,Cloud,2025-01-07T23:52:00.000Z,0.466058707,0.384829037,0.492344545,0.078366691,14874,1779,432
T5143,Cloud,2025-01-15T16:00:00.000Z,0.806111924,0.761989802,0.801877079,0.388929003,661,2676,932
T5144,Sports,2025-01-07T19:11:00.000Z,0.825440457,0.770053276,3.31E-04,0.702801024,6752,3672,642
T5153,AI,2025-01-08T02:11:00.000Z,0.500796855,0.574645522,0.0959562,0.431552164,15857,2543,370
T5182,Sports,2025-01-09T03:21:00.000Z,0.500796855,0.041198099,0.383234052,0.476429099,11057,3763,503
T5184,AI,2025-01-16T01:02:00.000Z,0.793440609,0.965406948,0.735256092,0.765667898,10130,2387,567
T5191,Sports,2025-01-23T23:47:00.000Z,0.195685083,0.755796629,0.504503848,0.694953257,12565,2326,373
T5195,Sports,2025-01-23T11:25:00.000Z,0.090443115,0.224419133,0.467355297,0.277239393,212,1641,600
T5201,Sports,2025-01-09T00:42:00.000Z,0.500796855,0.132502694,0.400570403,0.209764332,17687,2620,294
T5213,AI,2025-01-13T23:25:00.000Z,0.500796855,0.126347797,0.308208567,0.948756551,9577,149,756
T5214,Finance,2025-01-23T09:30:00.000Z,0.372733974,0.099351495,0.567781679,0.204901725,12459,684,596
T5218,Sports,2025-01-14T01:08:00.000Z,0.500796855,0.450844327,0.994952522,0.148777762,18977,3904,214
T5221,AI,2025-01-03T04:35:00.000Z,0.38699206,0.093729787,0.431923029,0.633704368,11384,2997,49
T5223,Finance,2025-01-10T03:01:00.000Z,0.500796855,0.441255973,0.940751707,0.531919748,16827,2494,220
T5236,Finance,2025-01-22T19:54:00.000Z,0.41675154,0.601243094,0.105499042,0.654151523,13194,2162,113
T5253,Sports,2025-01-08T08:43:00.000Z,0.500796855,0.348968309,0.845502617,0.927938603,9206,3910,766
T5271,Sports,2025-01-02T00:20:00.000Z,0.500796855,0.475189746,0.735748883,0.512313861,1969,3361,445
T5275,Cloud,2025-01-02T01:53:00.000Z,0.684209001,0.205806234,0.31967684,0.309171697,5320,3055,422
T528,Cloud,2025-01-22T19:03:00.000Z,0.500796855,0.808849974,0.151225031,0.615376817,14850,4589,492
T5285,AI,2025-01-04T23:10:00.000Z,0.530227873,0.99585194,0.597036939,0.887009963,15739,4510,722
T5287,Sports,2025-01-17T16:27:00.000Z,0.500796855,0.288080168,0.098246861,0.402420933,13115,3330,917
T5298,Sports,2025-01-06T10:48:00.000Z,0.654919775,0.174044266,0.831456974,0.945595532,582,4175,878
T5305,Sports,2025-01-07T23:41:00.000Z,0.92141212,0.220921924,0.804484669,0.905623891,7905,2124,321
T5329,AI,2025-01-11T11:55:00.000Z,0.447650348,0.263906699,0.434792177,0.018380654,15870,3977,622
T5330,Sports,2025-01-11T12:10:00.000Z,0.14681758,0.442975896,0.427407654,0.999134545,1143,4420,410
T5334,Finance,2025-01-06T08:26:00.000Z,0.370886257,0.397878859,0.492344545,0.287437351,15620,3675,335
T5356,Sports,2025-01-23T13:07:00.000Z,0.500796855,0.020893947,0.709332516,0.332390509,257,1275,109
T5362,AI,2025-01-01T16:05:00.000Z,0.358179737,0.121747579,0.724370716,0.070215813,11361,4458,501
T5365,AI,2025-01-05T13:31:00.000Z,0.511118201,0.157177158,0.229943419,0.008500919,11008,2890,734
T5366,Finance,2025-01-02T18:07:00.000Z,0.500796855,0.198466206,0.521284275,0.465281858,14949,1,998
T5375,Cloud,2025-01-19T04:07:00.000Z,0.601415094,0.625944236,0.702582419,0.496212913,16057,328,788
T5387,Cloud,2025-01-08T20:49:00.000Z,0.500796855,0.718058384,0.647140425,0.268234434,15333,2494,732
T5424,Sports,2025-01-23T05:20:00.000Z,0.051742455,0.677908121,0.012953793,0.104574708,9122,467,733
T5428,Cloud,2025-01-10T20:05:00.000Z,0.769865514,0.152106106,0.344856979,0.963167868,14837,1837,254
T5437,AI,2025-01-03T00:07:00.000Z,0.500796855,0.439398439,0.268819351,0.805204601,3066,2062,745
T5446,Cloud,2025-01-05T23:12:00.000Z,0.500796855,0.99039349,0.120210093,0.394734967,13282,3998,968
T5460,AI,2025-01-06T11:19:00.000Z,0.500796855,0.29707103,0.184990168,0.844413728,7001,978,611
T5465,Sports,2025-01-11T04:40:00.000Z,0.500796855,0.513261985,0.795310612,0.351972157,17949,4197,364
T5468,Sports,2025-01-23T07:48:00.000Z,0.500796855,0.873854878,0.392589986,0.387112057,7198,2116,945
T547,Finance,2025-01-17T17:19:00.000Z,0.89133848,0.390999459,0.326862594,0.83589729,9362,2494,210
T5470,AI,2025-01-18T19:23:00.000Z,0.500796855,0.902508654,0.416125138,0.624558602,18217,635,144
T5480,AI,2025-01-19T07:54:00.000Z,0.500796855,0.579585635,0.413367166,0.977805963,3264,1905,772
T5481,Cloud,2025-01-09T01:26:00.000Z,0.500796855,0.402724435,0.592182666,0.035660359,9187,300,930
T5495,Finance,2025-01-22T02:27:00.000Z,0.500796855,0.259105278,0.429259546,0.702718117,2548,2909,153
T5503,AI,2025-01-14T19:58:00.000Z,0.500796855,0.278048733,0.464486256,0.946996117,10454,4378,992
T5505,Finance,2025-01-05T14:56:00.000Z,0.500796855,0.803638527,0.489221503,0.442188242,15063,3996,789
T5512,Finance,2025-01-06T01:04:00.000Z,0.500796855,0.452311275,0.120542111,0.60527347,18310,4296,348
T5528,Sports,2025-01-20T20:13:00.000Z,0.500796855,0.560368159,0.960466008,0.121802858,2235,2169,216
T553,Cloud,2025-01-22T11:05:00.000Z,0.473509191,0.213751716,0.055723632,0.564376901,7881,1752,743
T5532,Sports,2025-01-04T04:39:00.000Z,0.933662967,0.001920426,0.080367987,0.724615799,16650,2325,460
T5537,Finance,2025-01-19T13:01:00.000Z,0.361114817,7.65E-04,0.856377029,0.504428297,1505,3106,514
T5542,AI,2025-01-01T16:52:00.000Z,0.970138774,0.184937752,0.573376043,0.750161395,8970,254,363
T555,Sports,2025-01-12T09:57:00.000Z,0.500796855,0.873606231,0.435474215,0.68270917,10157,1727,447
T5553,Cloud,2025-01-23T15:24:00.000Z,0.500796855,0.135058664,0.558580294,0.473900547,77,4516,501
T5559,Sports,2025-01-11T12:17:00.000Z,0.500796855,0.529255889,0.626605596,0.704375708,7905,4778,957
T5563,Sports,2025-01-06T00:55:00.000Z,0.500796855,0.789122472,0.925133409,0.026263885,16432,1933,803
T5579,Cloud,2025-01-06T16:09:00.000Z,0.500796855,0.850094494,0.492344545,0.704652183,10979,1150,692
T5592,AI,2025-01-01T16:02:00.000Z,0.533391117,0.49738816,0.405905323,0.837438459,17178,4645,542
T5598,AI,2025-01-19T11:58:00.000Z,0.500796855,0.474640792,0.687235067,0.565411509,19351,2182,725
T5613,AI,2025-01-03T22:07:00.000Z,0.500796855,0.98097268,0.142853534,0.232995533,643,2394,566
T5622,Cloud,2025-01-22T05:23:00.000Z,0.500796855,0.576211308,0.207690692,0.250376721,16421,2171,160
T5628,Sports,2025-01-18T20:59:00.000Z,0.500796855,0.789694755,0.492344545,0.454112458,3937,3765,423
T5635,Finance,2025-01-01T23:05:00.000Z,0.18223593,0.76032282,0.492344545,0.650610036,10744,1282,881
T5636,Sports,2025-01-03T18:19:00.000Z,0.500796855,0.311539777,0.71241013,0.950436255,10130,4690,2
T5639,Cloud,2025-01-04T19:56:00.000Z,0.500796855,0.352191621,0.654311098,0.884921821,797,4438,210
T565,Finance,2025-01-03T09:41:00.000Z,0.64115053,0.976573761,0.376446653,0.110789812,12968,2504,457
T5656,AI,2025-01-12T00:45:00.000Z,0.855544196,0.724000315,0.316411231,0.365372792,7761,2959,381
T5659,Sports,2025-01-10T13:32:00.000Z,0.260684365,0.54604525,0.492344545,0.121846548,593,2131,6
T5706,Finance,2025-01-13T13:17:00.000Z,0.500796855,0.691949725,0.492344545,0.891722159,10287,1600,708
T5719,Cloud,2025-01-14T00:35:00.000Z,0.59199524,0.987851891,0.788998725,0.929040352,10471,1563,984
T572,AI,2025-01-08T07:53:00.000Z,0.500796855,0.884627042,0.498250148,0.729790802,12424,688,694
T5733,Cloud,2025-01-17T03:09:00.000Z,0.092939078,0.858052219,0.772136532,0.926916164,19233,2390,493
T5735,Sports,2025-01-22T03:03:00.000Z,0.500796855,0.097321898,0.744486065,0.678489883,15979,333,501
T574,Cloud,2025-01-21T11:59:00.000Z,0.500796855,0.067160958,0.258503019,0.999335459,218,359,765
T5749,AI,2025-01-08T18:31:00.000Z,0.500796855,0.729050677,0.492344545,0.269298651,10594,3948,849
T5765,AI,2025-01-23T19:58:00.000Z,0.500796855,0.083855355,0.307573642,0.093807211,3130,3630,924
T5767,Sports,2025-01-02T22:16:00.000Z,0.500796855,0.691383139,0.216628891,0.477380572,16245,421,821
T5781,Sports,2025-01-16T22:38:00.000Z,0.61236726,0.216985762,0.922321883,0.396709374,19002,1549,484
T5803,Cloud,2025-01-19T20:41:00.000Z,0.500796855,0.875971477,0.597207161,0.323538425,18044,4768,865
T5807,AI,2025-01-05T11:57:00.000Z,0.500796855,0.851058156,0.111109734,0.605618377,18011,2744,358
T5819,Finance,2025-01-14T07:41:00.000Z,0.500796855,0.928865034,0.10985795,0.621444335,337,2494,744
T5856,AI,2025-01-10T09:48:00.000Z,0.500796855,0.166308938,0.312227579,0.255508973,17714,456,908
T586,Finance,2025-01-22T22:00:00.000Z,0.500796855,0.115623442,0.913977355,0.17993659,8507,1640,501
T5860,Cloud,2025-01-06T06:44:00.000Z,0.500796855,0.276444515,0.731081074,0.98795986,6643,2561,458
T5869,Finance,2025-01-16T08:32:00.000Z,0.500796855,0.266075895,0.731807015,0.351280529,15466,2378,637
T5873,Finance,2025-01-09T19:02:00.000Z,0.500796855,0.329669733,0.161504376,0.631379929,18142,2475,746
T5883,AI,2025-01-22T18:12:00.000Z,0.500796855,0.191073792,0.652548229,0.278479679,1378,2027,481
T5884,Cloud,2025-01-11T04:33:00.000Z,0.783720973,0.723494873,0.871470732,0.931265659,8190,911,366
T5889,Finance,2025-01-14T07:32:00.000Z,0.500796855,0.437686034,0.492344545,0.475999014,18484,2622,398
T5906,Finance,2025-01-12T17:12:00.000Z,0.862723394,0.134470567,0.48018299,0.963918705,9334,4460,693
T5919,AI,2025-01-23T16:54:00.000Z,0.500796855,0.122450384,0.186639034,0.270269879,9480,1548,501
T5922,AI,2025-01-03T14:37:00.000Z,0.796287318,0.474201403,0.143872702,0.500661938,12040,1338,157
T5936,AI,2025-01-20T08:07:00.000Z,0.500796855,0.951554022,0.816458019,0.157480054,13340,4781,778
T5951,Cloud,2025-01-17T02:59:00.000Z,0.399025321,0.624761607,0.583006748,0.028814881,10671,346,286
T5952,AI,2025-01-15T11:46:00.000Z,0.500796855,0.522129031,0.191380951,0.784935374,75,4190,117
T5958,AI,2025-01-01T22:37:00.000Z,0.500796855,0.804177277,0.276815891,0.578143942,16203,4127,0
T5969,Cloud,2025-01-12T07:11:00.000Z,0.500796855,0.531648183,0.492344545,0.883591569,1909,3845,535
T5971,Cloud,2025-01-06T04:41:00.000Z,0.215602703,0.876009738,0.95776155,0.837645113,12715,4165,661
T598,Finance,2025-01-05T11:36:00.000Z,0.646663002,0.442036186,0.45046672,0.405135895,17125,2494,787
T5984,Sports,2025-01-02T08:51:00.000Z,0.500796855,0.877758195,0.780257856,0.805913276,16212,225,637
T5985,AI,2025-01-20T19:39:00.000Z,0.500796855,0.447049047,0.103341105,0.826158346,6954,664,108
T5986,Cloud,2025-01-07T11:21:00.000Z,0.500796855,0.894141283,0.553831218,0.523810093,14336,107,794
T6001,Cloud,2025-01-18T08:11:00.000Z,0.785510369,0.349620403,0.837688896,0.748581792,12474,3153,837
T6008,Cloud,2025-01-04T17:02:00.000Z,0.711259315,0.46543265,0.820254968,0.786891848,10750,4893,252
T601,Sports,2025-01-10T18:21:00.000Z,0.500796855,0.723610299,0.459698194,0.635956169,10773,1742,409
T6020,AI,2025-01-16T16:11:00.000Z,0.500796855,0.130752307,0.03571036,0.01706684,14764,359,387
T603,Finance,2025-01-13T19:31:00.000Z,0.500796855,0.337646534,0.664626767,0.959587603,11873,23,277
T6042,AI,2025-01-19T04:17:00.000Z,0.500796855,0.513552537,0.702930376,0.594698505,18928,3895,459
T6044,AI,2025-01-14T17:19:00.000Z,0.500796855,0.49738816,0.943539262,0.547951013,11210,1015,715
T6048,Sports,2025-01-18T01:47:00.000Z,0.838671722,0.968734988,0.785051798,0.742123787,456,4616,820
T605,AI,2025-01-18T11:36:00.000Z,0.815612782,0.597906848,0.757459376,0.960158083,12361,2023,436
T6051,Finance,2025-01-14T19:26:00.000Z,0.500796855,0.922085288,0.30323613,0.651186552,12165,922,966
T6056,Cloud,2025-01-07T17:39:00.000Z,0.500796855,0.846540907,0.87714664,0.751119843,15505,882,311
T6065,Cloud,2025-01-19T01:21:00.000Z,0.032553045,0.933440363,0.464512394,0.757499664,16009,2494,142
T6077,Finance,2025-01-20T04:41:00.000Z,0.500796855,0.719798109,0.606199265,0.020563826,18959,1512,242
T6079,Sports,2025-01-08T06:35:00.000Z,0.214357997,0.84011624,0.3394446,0.670014609,6309,1090,238
T608,Cloud,2025-01-06T11:46:00.000Z,0.490518037,0.12273177,0.86589968,0.173834975,7749,1571,149
T6093,Finance,2025-01-07T06:29:00.000Z,0.500796855,0.730364612,0.137687608,0.464204783,5454,1759,959
T6099,Cloud,2025-01-09T04:34:00.000Z,0.500796855,0.992457685,0.381652065,0.854787229,1973,279,150
T6104,AI,2025-01-09T23:44:00.000Z,0.230786814,0.291551245,0.277134291,0.92647383,3512,2913,987
T6124,Finance,2025-01-09T02:23:00.000Z,0.500796855,0.455364601,0.709914592,0.307338326,16937,4377,251
T6131,Finance,2025-01-21T15:17:00.000Z,0.817368396,0.702511922,0.78633457,0.727014336,13932,2094,214
T6133,Finance,2025-01-22T16:12:00.000Z,0.316594439,0.824924684,0.987566787,0.148733862,12363,2494,225
T6145,Cloud,2025-01-17T06:27:00.000Z,0.605587938,0.719547843,0.689299384,0.728990126,15915,3742,811
T615,Finance,2025-01-17T22:26:00.000Z,0.500796855,0.796136891,0.081497832,0.257813932,10130,1900,452
T6157,Sports,2025-01-16T20:31:00.000Z,0.65377463,0.884282597,0.552592004,0.263152916,1114,3638,369
T6171,AI,2025-01-08T15:13:00.000Z,0.500796855,0.585613584,0.680442479,0.047539035,2988,4869,113
T6179,Finance,2025-01-07T11:58:00.000Z,0.143595573,0.562435312,0.077456763,0.408895321,14382,42,508
T6182,Cloud,2025-01-07T19:40:00.000Z,0.408922898,0.752482095,0.151756607,0.352498216,2146,644,947
T6194,Finance,2025-01-21T19:56:00.000Z,0.500796855,0.281933612,0.124801722,0.076866351,10130,2521,803
T6210,AI,2025-01-16T18:10:00.000Z,0.353917249,0.075985964,0.932504305,0.266110766,2516,2535,755
T6213,Sports,2025-01-02T02:11:00.000Z,0.545490756,0.355148008,0.630267131,0.745170116,2801,2494,227
T6217,Cloud,2025-01-11T22:31:00.000Z,0.500796855,0.839138328,0.774926321,0.785236678,19714,1649,95
T623,AI,2025-01-05T22:40:00.000Z,0.500796855,0.956547874,0.397534889,0.082969961,8559,1278,655
T624,Sports,2025-01-10T19:54:00.000Z,0.281941733,0.391883422,0.891160321,0.422382765,11203,3875,543
T6246,Cloud,2025-01-16T01:03:00.000Z,0.903652395,0.167149038,0.408120512,0.812510743,3136,332,498
T6248,Sports,2025-01-01T07:35:00.000Z,0.8427067,0.987480139,0.331884833,0.333354715,4472,2844,338
T6257,Finance,2025-01-18T05:40:00.000Z,0.556261372,0.710560963,0.364167291,0.487593309,8386,1615,925
T6279,AI,2025-01-11T21:51:00.000Z,0.186644793,0.879593107,0.52332105,0.650722027,10767,1291,541
T6281,Finance,2025-01-12T03:05:00.000Z,0.500796855,0.926373035,0.763598518,0.51479675,15874,4549,472
T6283,AI,2025-01-21T12:02:00.000Z,0.500796855,0.49738816,0.619241523,0.439589856,13692,3638,756
T6285,Finance,2025-01-01T04:48:00.000Z,0.500796855,0.471197284,0.175394693,0.378215855,10622,487,660
T6297,Cloud,2025-01-20T13:08:00.000Z,0.414369823,0.412237686,0.889568882,0.504428297,15087,2760,833
T630,Cloud,2025-01-20T06:54:00.000Z,0.500796855,0.109597327,0.617576059,0.671524242,6343,4243,393
T6307,Sports,2025-01-19T18:01:00.000Z,0.529689243,0.515127684,0.361670636,0.527627235,10930,1805,838
T6318,Cloud,2025-01-14T08:09:00.000Z,0.359374961,0.170370489,0.195673963,0.943400459,14133,2494,569
T6393,AI,2025-01-18T02:18:00.000Z,0.500796855,0.629854648,0.090444887,0.135021504,13272,2190,864
T6400,Finance,2025-01-17T14:38:00.000Z,0.458100465,0.785904641,0.069893915,0.263393892,9943,1042,133
T641,AI,2025-01-05T09:05:00.000Z,0.494462122,0.870914716,0.881112969,0.471287602,381,1002,186
T6412,Cloud,2025-01-02T23:04:00.000Z,0.801973731,0.609825655,0.276260925,0.962925013,11278,1610,663
T6414,Cloud,2025-01-21T04:09:00.000Z,0.500796855,0.800060007,0.366562818,0.687734153,14465,4924,203
T642,AI,2025-01-07T17:41:00.000Z,0.500796855,0.057583948,0.813956791,0.722410244,15212,463,954
T6427,Cloud,2025-01-12T22:18:00.000Z,0.500796855,0.434581215,0.564895949,0.632474086,15017,1003,201
T6430,Sports,2025-01-23T15:25:00.000Z,0.776487894,0.08516155,0.417533559,0.287501037,1376,4233,965
T6452,Sports,2025-01-22T12:15:00.000Z,0.298177511,0.570555882,0.729245008,0.298636741,12920,3566,501
T6453,Sports,2025-01-12T17:26:00.000Z,0.938858064,0.672366994,0.203241569,0.782333714,2336,2851,554
T6454,Cloud,2025-01-17T20:14:00.000Z,0.081008561,0.11004222,0.872873142,0.340271195,510,2835,931
T6480,Sports,2025-01-09T20:05:00.000Z,0.365394676,0.146208749,0.790295388,0.370916081,12704,3260,582
T6482,Finance,2025-01-11T08:18:00.000Z,0.500796855,0.49738816,0.883135816,0.444351379,5658,4687,723
T6488,AI,2025-01-13T15:02:00.000Z,0.180656752,0.33363588,0.701330242,0.899665502,5275,462,12
T6528,Sports,2025-01-20T20:10:00.000Z,0.775671357,0.752066813,0.806115881,0.396209172,5247,3334,501
T653,Sports,2025-01-12T13:30:00.000Z,0.500796855,0.769554866,0.868692377,0.829086926,11144,2787,795
T6569,Finance,2025-01-13T03:56:00.000Z,0.587337347,0.321848679,0.616652008,0.504428297,547,2379,683
T6574,Cloud,2025-01-11T22:14:00.000Z,0.500796855,0.24602254,0.260188422,0.316226518,2596,2647,8
T6629,Cloud,2025-01-05T10:31:00.000Z,0.500796855,0.161063677,0.809621449,0.504428297,19394,660,811
T6633,AI,2025-01-21T01:15:00.000Z,0.615324454,0.260887743,0.492344545,0.020076912,16508,1766,950
T6654,Sports,2025-01-08T07:30:00.000Z,0.824478084,0.803375945,0.823549654,0.106807378,10071,528,392
T667,Cloud,2025-01-15T17:01:00.000Z,0.500796855,0.794828467,0.598109514,0.28442426,16939,4873,59
T6675,Sports,2025-01-05T18:32:00.000Z,0.500796855,0.187741833,0.974247152,0.430104816,9925,2870,146
T6678,AI,2025-01-03T03:15:00.000Z,0.266761159,0.642283749,0.134493582,0.94361678,11044,2308,424
T6685,Finance,2025-01-07T07:42:00.000Z,0.500796855,0.188061513,0.909555038,0.502806088,2362,2623,404
T6690,Finance,2025-01-14T04:24:00.000Z,0.419742218,0.046221947,0.395622575,0.342450649,12931,786,619
T6703,Cloud,2025-01-07T23:59:00.000Z,0.788476054,0.518688489,0.406164941,0.066444833,11435,2451,810
T6727,Cloud,2025-01-20T05:43:00.000Z,0.218401418,0.656174069,0.492344545,0.62838877,10130,4605,657
T673,Cloud,2025-01-23T03:38:00.000Z,0.759227867,0.369413951,0.953401482,0.062541791,2742,3227,935
T6735,Finance,2025-01-08T08:15:00.000Z,0.06011971,0.710979526,0.896624323,0.553587046,10130,2522,57
T6743,Finance,2025-01-11T19:19:00.000Z,0.500796855,0.059257198,0.009045661,0.243534337,2078,3506,259
T6749,Finance,2025-01-02T15:58:00.000Z,0.64120801,0.480205857,0.836747467,0.714074721,1965,4365,726
T6753,Cloud,2025-01-11T00:43:00.000Z,0.635603105,0.816249979,0.246164013,0.262862419,12166,2354,265
T6756,Finance,2025-01-08T13:31:00.000Z,0.335605878,0.49738816,0.242389798,0.619473765,1569,1964,180
T6763,Finance,2025-01-08T17:13:00.000Z,0.500796855,0.59989087,0.977867694,0.97810728,1376,278,122
T6766,AI,2025-01-15T23:03:00.000Z,0.500796855,0.49738816,0.035881656,0.728148415,3812,165,810
T6769,Sports,2025-01-13T11:23:00.000Z,0.500796855,0.447116126,0.570991997,0.979787985,15818,2406,151
T6776,AI,2025-01-10T14:48:00.000Z,0.500796855,0.511839046,0.575920666,0.608069928,543,3956,580
T6779,Finance,2025-01-08T22:27:00.000Z,0.500796855,0.57134486,0.417614814,0.309550431,6732,526,525
T6782,AI,2025-01-07T08:54:00.000Z,0.630101779,0.74871558,0.450438278,0.92538804,6119,2524,264
T6791,AI,2025-01-09T08:33:00.000Z,0.372713333,0.736448986,0.416426364,0.568955684,17350,682,334
T680,AI,2025-01-15T23:01:00.000Z,0.500796855,0.174336095,0.732555487,0.780368841,19898,4721,468
T6822,Finance,2025-01-15T03:56:00.000Z,0.500796855,0.493749388,0.703578739,0.313990811,14793,3534,952
T6829,AI,2025-01-07T01:09:00.000Z,0.117368794,0.334475903,0.773216853,0.72846941,11451,2754,40
T6836,Cloud,2025-01-03T09:23:00.000Z,0.500796855,0.49738816,0.002925414,0.296667914,224,1103,293
T6838,AI,2025-01-14T11:15:00.000Z,0.500796855,0.939298755,0.345112914,0.864253559,2464,2686,24
T6846,Finance,2025-01-05T10:12:00.000Z,0.985287292,0.981449376,0.055499766,0.116846346,13518,4937,764
T6874,Cloud,2025-01-18T23:53:00.000Z,0.970234714,0.183724761,0.973332519,0.36397662,12699,3915,114
T6876,Sports,2025-01-02T23:47:00.000Z,0.475511037,0.086840664,0.630991476,0.79283922,18981,385,8
T6884,AI,2025-01-06T13:04:00.000Z,0.500796855,0.474039187,0.624372771,0.504428297,12886,3668,578
T6895,Cloud,2025-01-06T00:03:00.000Z,0.35306558,0.819226853,0.158718778,0.811699751,17810,198,479
T6906,Finance,2025-01-06T12:52:00.000Z,0.549185222,0.633032622,0.350784339,0.954244082,8202,4782,227
T6923,Cloud,2025-01-13T16:48:00.000Z,0.500796855,0.466794123,0.607364822,0.392907644,7154,1741,389
T6927,Finance,2025-01-11T01:00:00.000Z,0.494267306,0.399055948,0.517495451,0.755671266,12015,174,516
T6928,Cloud,2025-01-23T00:52:00.000Z,0.009013314,0.028066919,0.807869922,0.353790091,10130,3732,643
T6930,AI,2025-01-23T00:52:00.000Z,0.42549242,0.301936152,0.410547926,0.377368173,4605,1639,417
T6935,Finance,2025-01-12T14:47:00.000Z,0.012564561,0.450945203,0.372542402,0.976721496,2189,2434,501
T6943,Sports,2025-01-15T12:54:00.000Z,0.026758468,0.522179981,0.53934594,0.697379024,17737,3439,18
T696,AI,2025-01-08T22:44:00.000Z,0.500796855,0.109135508,0.423561545,0.810714301,2416,2419,516
T6964,Sports,2025-01-23T05:30:00.000Z,0.500796855,0.65038987,0.634899093,0.99515451,15427,4990,739
T6966,Finance,2025-01-20T21:15:00.000Z,0.067067352,0.149231279,0.780171811,0.92037741,6530,4005,681
T6968,Finance,2025-01-08T09:38:00.000Z,0.290716739,0.738664013,0.640054453,0.015139622,1357,294,466
T6969,AI,2025-01-16T10:43:00.000Z,0.500796855,0.094557015,0.142225098,0.895353069,8407,3445,693
T6970,Cloud,2025-01-20T06:15:00.000Z,0.500796855,0.087531635,0.267500052,0.013703219,18495,3047,984
T7003,AI,2025-01-16T18:11:00.000Z,0.500796855,0.642952287,0.712913019,0.92366288,6802,4364,99
T7005,Cloud,2025-01-23T22:34:00.000Z,0.500796855,0.252410849,0.798994584,0.292816946,3424,219,508
T7011,Finance,2025-01-01T04:21:00.000Z,0.500796855,0.993320129,0.492344545,0.436646899,3817,2026,561
T7031,Finance,2025-01-14T03:02:00.000Z,0.500796855,0.105299837,0.541241537,0.176672356,3143,4498,216
T704,Sports,2025-01-15T09:51:00.000Z,0.500796855,0.49738816,0.21247492,0.135909276,18457,2816,145
T7049,Sports,2025-01-10T14:01:00.000Z,0.500796855,0.443855423,0.086868159,0.661555361,2791,1689,474
T7051,Sports,2025-01-07T03:20:00.000Z,0.500796855,0.501414323,0.37412713,0.312986952,7496,3619,305
T7064,Sports,2025-01-06T02:11:00.000Z,0.500796855,0.990097662,0.015335112,0.864551595,8589,2066,595
T7066,Finance,2025-01-09T10:11:00.000Z,0.500796855,0.521358155,0.290506771,0.256549614,1941,1713,506
T7082,Cloud,2025-01-05T11:26:00.000Z,0.037621828,0.380129429,0.755140538,0.055010849,19131,107,757
T7088,Finance,2025-01-14T18:10:00.000Z,0.500796855,0.789018658,0.368651202,0.165869892,15124,1135,276
T7093,Cloud,2025-01-10T22:27:00.000Z,0.424249365,0.853215083,0.348505063,0.680294868,18188,2421,41
T7097,AI,2025-01-19T20:38:00.000Z,0.500796855,0.783516196,0.972066111,0.653011409,561,1609,501
T710,AI,2025-01-11T15:15:00.000Z,0.980811664,0.268314384,0.386344859,0.268371154,454,204,642
T7102,Finance,2025-01-23T18:08:00.000Z,0.19389177,0.892559247,0.416393837,0.25673749,13606,983,250
T7103,Finance,2025-01-17T18:45:00.000Z,0.500796855,0.535491153,0.974249074,0.064319738,18608,2577,119
T7106,Cloud,2025-01-24T03:03:00.000Z,0.500796855,0.61837159,0.104418631,0.416681905,10130,168,501
T7107,Sports,2025-01-09T17:48:00.000Z,0.66563587,0.937052508,0.881196902,0.939124134,7521,2690,174
T7108,AI,2025-01-19T20:41:00.000Z,0.500796855,0.02095427,0.54796641,0.772905034,14707,2615,153
T7110,Sports,2025-01-11T23:56:00.000Z,0.500796855,0.195673623,0.492344545,0.504428297,17338,331,589
T7115,Cloud,2025-01-06T00:48:00.000Z,0.959689978,0.932289104,0.871205176,0.819601081,17778,3901,382
T7146,Cloud,2025-01-17T20:16:00.000Z,0.841021618,0.49738816,0.419334109,0.647615326,19707,970,99
T7149,Finance,2025-01-17T15:50:00.000Z,0.525834013,0.590283008,0.492344545,0.115449766,16051,1090,49
T7157,Cloud,2025-01-23T11:29:00.000Z,0.502566228,0.149130337,0.138173612,0.965193265,11548,2427,779
T7179,Sports,2025-01-09T08:04:00.000Z,0.76254405,0.369886499,0.193188132,0.545970151,4503,2556,128
T7195,Sports,2025-01-17T23:02:00.000Z,0.762320062,0.613721631,0.053259051,0.724972672,14577,1927,250
T7214,AI,2025-01-17T11:23:00.000Z,0.500796855,0.415912553,0.894122362,0.001437185,16036,627,565
T7223,Cloud,2025-01-16T11:28:00.000Z,0.500796855,0.829288206,0.099562497,0.641185233,2628,2162,917
T7238,AI,2025-01-16T06:18:00.000Z,0.30468775,0.311706966,0.615342828,0.563885852,11161,43,523
T7249,Cloud,2025-01-17T13:53:00.000Z,0.641539545,0.648661275,0.999444493,0.989476385,15137,4004,473
T7250,Finance,2025-01-06T18:23:00.000Z,0.159871208,0.09075469,0.974640143,0.504428297,10991,3736,632
T7258,Finance,2025-01-04T20:56:00.000Z,0.500796855,0.433640471,0.492344545,0.63395648,7340,2206,730
T7274,AI,2025-01-04T11:04:00.000Z,0.500796855,0.549103965,0.782370651,0.415322556,703,2494,196
T7275,Sports,2025-01-08T04:03:00.000Z,0.500796855,0.845519972,0.310211786,0.626096123,9237,2424,810
T7276,Finance,2025-01-17T05:24:00.000Z,0.500796855,0.308379401,0.424312307,0.622848123,5698,3410,548
T7294,Finance,2025-01-20T21:26:00.000Z,0.500796855,0.794138746,0.397019563,0.801303268,1538,2387,283
T7316,Finance,2025-01-14T00:11:00.000Z,0.500796855,0.358126382,0.953465413,0.641754561,15855,929,518
T7344,Finance,2025-01-11T15:21:00.000Z,0.500796855,0.068494426,0.302495055,0.228645558,2364,4006,331
T7347,Cloud,2025-01-23T06:18:00.000Z,0.500796855,0.607488673,0.511627853,0.963989038,15007,1730,227
T7356,Finance,2025-01-12T15:50:00.000Z,0.475133701,0.501723276,0.149661166,0.159198435,19905,4739,689
T7374,Cloud,2025-01-05T13:33:00.000Z,0.476344102,0.278280975,0.340545653,0.205858023,2223,183,822
T7398,Sports,2025-01-12T13:00:00.000Z,0.649869817,0.280598865,0.866172015,0.408495743,10130,4554,454
T7402,Sports,2025-01-03T04:42:00.000Z,0.450432471,0.437713109,0.427766044,0.88481538,270,1683,135
T7417,Sports,2025-01-24T03:12:00.000Z,0.064256181,0.109017806,0.546152134,0.26596693,1733,3969,127
T7424,AI,2025-01-05T13:27:00.000Z,0.167760852,0.49738816,0.411937938,0.894453175,10834,1460,247
T7434,Cloud,2025-01-08T21:39:00.000Z,0.500796855,0.842535042,0.586962169,0.174810076,3905,1574,372
T7442,AI,2025-01-02T21:06:00.000Z,0.600649303,0.709834942,0.789023936,0.859610916,13275,1328,764
T745,AI,2025-01-22T22:13:00.000Z,0.500796855,0.75133726,0.183706488,0.820258046,15445,4474,729
T7465,Finance,2025-01-06T00:59:00.000Z,0.562898545,0.725294897,0.032273122,0.701125121,8809,2686,482
T7471,Finance,2025-01-10T06:03:00.000Z,0.356494773,0.962890439,0.110033343,0.334289809,12283,4921,357
T7477,AI,2025-01-11T23:49:00.000Z,0.851496204,0.797498814,0.35430227,0.007089751,8003,3817,316
T7480,Finance,2025-01-18T09:01:00.000Z,0.996549478,0.773273442,0.848493607,0.827771587,10809,4527,501
T7540,Finance,2025-01-15T14:32:00.000Z,0.500796855,0.341710046,0.819336391,0.762104232,19122,3297,751
T7546,Sports,2025-01-12T20:04:00.000Z,0.500796855,0.553039602,0.01462118,0.196164313,18399,628,501
T7550,AI,2025-01-15T10:32:00.000Z,0.098871909,0.796562897,0.355066211,0.457346524,12186,4476,374
T7559,Finance,2025-01-22T21:11:00.000Z,0.316950425,0.937726952,0.387676621,0.102546958,15495,4967,539
T7561,Sports,2025-01-06T18:00:00.000Z,0.500796855,0.232640708,0.169367497,0.504428297,8689,1215,215
T7571,AI,2025-01-18T18:43:00.000Z,0.500796855,0.660442174,0.957565591,0.708933749,5082,1174,394
T7576,Finance,2025-01-20T03:58:00.000Z,0.500796855,0.402188868,0.581862523,0.356064424,17935,2803,590
T7584,Finance,2025-01-07T18:36:00.000Z,0.500796855,0.500653778,0.222694538,0.961357046,17835,4158,351
T762,Finance,2025-01-19T02:12:00.000Z,0.500796855,0.342630689,0.33278118,0.318276543,15883,4355,189
T7625,Cloud,2025-01-11T11:51:00.000Z,0.500796855,0.904417552,0.62071401,0.732868474,8820,2539,924
T7628,AI,2025-01-09T01:09:00.000Z,0.500796855,0.012496584,0.147047491,0.675941615,7708,146,968
T7677,Cloud,2025-01-09T03:34:00.000Z,0.163558014,0.0643451,0.492344545,0.26429819,1084,3948,819
T7678,Cloud,2025-01-04T10:08:00.000Z,0.940103055,0.589776423,0.393613817,0.466279913,9586,749,143
T7681,Cloud,2025-01-11T18:27:00.000Z,0.76020623,0.967156306,0.120436983,0.469026984,13683,3245,501
T7685,Finance,2025-01-03T23:22:00.000Z,0.500796855,0.732165853,0.402518482,0.277952666,9917,3295,378
T7686,Cloud,2025-01-04T22:23:00.000Z,0.500796855,0.764208453,0.706229112,0.206035604,10562,2553,908
T7699,AI,2025-01-12T17:15:00.000Z,0.500796855,0.669695333,0.816482235,0.207232106,17505,876,323
T7705,Finance,2025-01-14T07:51:00.000Z,0.820157022,0.050536647,0.179460646,0.741101639,13983,3680,2
T7729,Sports,2025-01-11T11:39:00.000Z,0.500796855,0.277217216,0.276452641,0.379319766,485,1681,30
T7743,AI,2025-01-18T12:33:00.000Z,0.500796855,0.940109878,0.227717982,0.971768893,3327,4790,603
T7749,Cloud,2025-01-23T16:29:00.000Z,0.656861124,0.676437208,0.106124849,0.125223396,1261,3278,401
T7757,Sports,2025-01-08T18:59:00.000Z,0.264548095,0.167342216,0.132748357,0.629704315,19919,1732,684
T7760,Sports,2025-01-09T01:37:00.000Z,0.132721045,0.313072294,0.197151467,0.834937856,12512,2196,772
T7761,AI,2025-01-02T21:43:00.000Z,0.500796855,0.634877437,0.596495699,0.641769193,10090,679,360
T7766,Cloud,2025-01-02T21:49:00.000Z,0.871241389,0.977558077,0.64233187,0.462505312,8282,2436,583
T7775,Cloud,2025-01-02T19:10:00.000Z,0.500796855,0.143229599,0.492344545,0.948698684,18381,2658,158
T7778,Sports,2025-01-22T09:03:00.000Z,0.500796855,0.273811718,0.888575404,0.718628142,11604,4366,108
T7779,AI,2025-01-22T21:47:00.000Z,0.08542625,0.551622495,0.492344545,0.463679337,4036,39,508
T7781,AI,2025-01-15T10:29:00.000Z,0.500796855,0.571390563,0.624275531,0.419308022,7601,2777,834
T7793,Finance,2025-01-12T20:25:00.000Z,0.005360754,0.055531731,0.935383568,0.401323394,2279,2528,854
T7799,Cloud,2025-01-02T18:28:00.000Z,0.023698448,0.461393803,0.957948606,0.579382551,16039,1888,741
T7816,Sports,2025-01-19T16:34:00.000Z,0.607668179,0.866701911,0.110129638,0.096444042,16189,2853,754
T7832,Cloud,2025-01-03T04:35:00.000Z,0.500796855,0.062640573,0.981092609,0.314339756,5940,3735,322
T7834,Sports,2025-01-15T19:49:00.000Z,0.500796855,0.817951202,0.187112467,0.351178395,8089,4742,452
T7853,AI,2025-01-09T20:51:00.000Z,0.771857986,0.925038008,0.737565322,0.447607287,10464,1796,166
T7880,Sports,2025-01-22T21:33:00.000Z,0.500796855,0.535361587,0.174860837,0.673122062,1761,2476,673
T7884,AI,2025-01-21T19:14:00.000Z,0.538258605,0.401214942,0.902457355,0.001178145,15730,987,663
T7891,Cloud,2025-01-05T07:15:00.000Z,0.500796855,0.902934578,0.949088599,0.63502231,1251,3420,454
T7899,Finance,2025-01-23T09:05:00.000Z,0.323074172,0.994548567,0.492344545,0.272061596,16479,3610,229
T79,Finance,2025-01-02T14:48:00.000Z,0.409140353,0.181459897,0.492344545,0.504428297,15723,4583,880
T7927,Cloud,2025-01-22T08:51:00.000Z,0.679729629,0.49738816,0.04561214,0.33490258,10130,4908,501
T7935,Sports,2025-01-11T15:55:00.000Z,0.210707226,0.791756188,0.342443723,0.695498264,9051,4550,787
T7941,Finance,2025-01-07T05:34:00.000Z,0.234121854,0.7384271,0.398258816,0.141713218,9188,4060,169
T7945,Cloud,2025-01-18T06:11:00.000Z,0.246814348,0.676396083,0.090413103,0.867693812,8034,4743,363
T7947,Cloud,2025-01-19T18:26:00.000Z,0.118871087,0.89734701,0.086924014,0.467892771,19263,1218,864
T7953,Sports,2025-01-18T19:56:00.000Z,0.500796855,0.610624995,0.869625116,0.949493774,12155,3840,195
T7955,Finance,2025-01-19T18:31:00.000Z,0.500796855,0.929903969,0.430001297,0.131440863,4175,2103,473
T7957,AI,2025-01-20T18:54:00.000Z,0.229138115,0.675197582,0.897946239,0.302099735,11206,3206,949
T7959,Finance,2025-01-05T21:23:00.000Z,0.500796855,0.316026947,0.920317708,0.388757099,10209,3478,823
T796,Cloud,2025-01-11T01:36:00.000Z,0.500796855,0.478059959,0.370185538,0.226015453,19927,4952,814
T7967,Cloud,2025-01-05T17:48:00.000Z,0.775434047,0.024199626,0.761723301,0.467767753,10579,992,786
T7970,Cloud,2025-01-19T14:19:00.000Z,0.500796855,0.00474296,0.544119206,0.471441534,3266,1852,481
T7974,Finance,2025-01-18T00:51:00.000Z,0.500796855,0.437412131,0.141160244,0.554572092,12944,1984,430
T7977,Cloud,2025-01-17T22:18:00.000Z,0.667670931,0.308757356,0.116186604,0.49242202,19027,4024,542
T7982,Cloud,2025-01-04T10:26:00.000Z,0.500796855,0.49738816,0.239086095,0.788473718,11932,3692,266
T7991,Finance,2025-01-10T08:25:00.000Z,0.500796855,0.70494235,0.544936781,0.973513965,9992,1208,422
T8010,AI,2025-01-20T13:11:00.000Z,0.500796855,0.524786863,0.047639443,0.792458793,4781,1210,589
T8016,Finance,2025-01-16T12:28:00.000Z,0.75369953,0.770099545,0.492344545,0.355887431,12409,3742,785
T8019,AI,2025-01-01T23:45:00.000Z,0.999076847,0.10042977,0.935254239,0.504428297,1919,1616,81
T8020,Cloud,2025-01-21T16:12:00.000Z,0.285194562,0.484907207,0.540069623,0.181172808,2206,2986,306
T8021,AI,2025-01-08T06:37:00.000Z,0.36589286,0.400870181,0.724342373,0.505625865,9933,2845,911
T8030,Sports,2025-01-06T04:58:00.000Z,0.633449969,0.573427112,0.260377356,0.924664514,11937,3260,945
T8035,Cloud,2025-01-21T01:43:00.000Z,0.500796855,0.324456279,0.555073193,0.675082752,3102,3274,953
T8039,Cloud,2025-01-19T09:02:00.000Z,0.500796855,0.683565568,0.50018679,0.812468995,7833,4218,431
T8061,Sports,2025-01-22T17:13:00.000Z,0.554588797,0.961856139,0.715879143,0.466721084,15740,293,428
T8065,Cloud,2025-01-20T05:29:00.000Z,0.476856719,0.797255054,0.976098909,0.460961857,10120,2313,725
T8078,Finance,2025-01-02T18:24:00.000Z,0.500796855,0.517508882,0.478264623,0.786132273,11635,2893,582
T8090,AI,2025-01-06T08:36:00.000Z,0.500796855,0.071748326,0.051044611,0.639370819,16573,3416,603
T8092,Finance,2025-01-04T09:27:00.000Z,0.500796855,0.249876263,0.899148169,0.678419771,7459,703,282
T8093,AI,2025-01-03T02:10:00.000Z,0.500796855,0.311172096,0.891145134,0.384822302,57,545,55
T8098,Sports,2025-01-03T08:05:00.000Z,0.500796855,0.82976938,0.969264629,0.504428297,12117,793,559
T8109,Finance,2025-01-02T17:54:00.000Z,0.500796855,0.095594053,0.422425198,0.279377176,9540,902,482
T8119,AI,2025-01-17T04:04:00.000Z,0.500796855,0.120307312,0.466537948,0.521555757,5004,4743,244
T813,Cloud,2025-01-03T18:05:00.000Z,0.500796855,0.826580041,0.263367807,0.938840185,4286,1451,207
T8140,Sports,2025-01-02T06:57:00.000Z,0.500796855,0.046211731,0.489125848,0.800113494,6010,3662,488
T815,Cloud,2025-01-10T19:56:00.000Z,0.837779501,0.683927619,0.492344545,0.286080534,6486,3749,875
T8153,AI,2025-01-20T12:58:00.000Z,0.500796855,0.799872021,0.796629685,0.763506198,6569,1017,369
T8160,Cloud,2025-01-05T10:31:00.000Z,0.182218963,0.630972839,0.466638574,0.334001583,14215,1029,708
T8164,Finance,2025-01-22T11:53:00.000Z,0.243253207,0.527076681,0.71417833,0.504428297,2652,4195,602
T8201,AI,2025-01-13T23:55:00.000Z,0.833249827,0.321441455,0.492344545,0.003866516,14001,1753,938
T8204,Cloud,2025-01-10T02:05:00.000Z,0.500796855,0.098827372,0.552453189,0.845342629,6159,1095,239
T8206,Sports,2025-01-21T23:53:00.000Z,0.717346916,0.624661554,0.59800333,0.374036327,5007,2569,294
T8209,Finance,2025-01-08T18:05:00.000Z,0.500796855,0.042001327,0.917660372,0.570555635,14601,4268,341
T8217,Cloud,2025-01-17T16:11:00.000Z,0.447555246,0.587903296,0.252987724,0.059998896,5288,823,69
T8220,Finance,2025-01-06T07:46:00.000Z,0.500796855,0.230429612,0.573040411,0.504428297,16783,1495,750
T8240,Finance,2025-01-19T05:29:00.000Z,0.500796855,0.128208259,0.183104851,0.582344637,11916,1728,526
T8246,Sports,2025-01-24T03:25:00.000Z,0.500796855,0.880684683,0.650749323,0.3682815,11813,2494,418
T8247,AI,2025-01-23T16:34:00.000Z,0.500796855,0.216210495,0.636162027,0.131499843,10845,4943,158
T8248,Sports,2025-01-01T23:05:00.000Z,0.330430185,0.177086634,0.381935508,0.044975928,19509,2382,88
T8256,Finance,2025-01-03T02:32:00.000Z,0.500796855,0.034848223,0.817929164,0.199159913,19795,3346,725
T826,AI,2025-01-14T04:58:00.000Z,0.489041472,0.306668766,0.817546908,0.447184578,2877,1775,672
T8271,Cloud,2025-01-22T02:20:00.000Z,0.500796855,0.359593695,0.336378534,0.697266515,9788,2081,725
T8275,Sports,2025-01-23T12:09:00.000Z,0.25168042,0.918717535,0.042690751,0.310260122,5391,532,26
T8276,Finance,2025-01-09T17:36:00.000Z,0.500796855,0.49738816,0.156864337,0.263904513,1252,2597,724
T8280,Cloud,2025-01-04T05:35:00.000Z,0.721617032,0.725363539,0.605188332,0.848072374,10130,1366,516
T8297,AI,2025-01-18T18:27:00.000Z,0.500796855,0.990281535,0.854235699,0.059084889,3495,3789,486
T8302,Finance,2025-01-09T15:49:00.000Z,0.982937677,0.527826267,0.68222873,0.504428297,1536,30,975
T8306,Cloud,2025-01-22T19:35:00.000Z,0.500796855,0.12343331,0.971254555,0.383196026,769,3698,546
T8323,AI,2025-01-10T21:39:00.000Z,0.500796855,0.335032799,0.888033252,0.287578559,10130,1190,173
T8331,Cloud,2025-01-23T03:20:00.000Z,0.500796855,0.551407543,0.153555562,0.176501384,16194,4450,341
T8332,AI,2025-01-22T02:32:00.000Z,0.500796855,0.542480392,0.231661014,0.74699039,13519,2494,441
T8334,AI,2025-01-04T09:24:00.000Z,0.500796855,0.30708503,0.414062606,0.839281471,3857,3414,471
T8363,Cloud,2025-01-04T04:22:00.000Z,0.500796855,0.19579781,0.766499978,0.066204408,15156,4834,922
T8366,AI,2025-01-12T02:17:00.000Z,0.318003321,0.471102014,0.241869195,0.163457347,5946,4569,588
T8377,AI,2025-01-03T22:56:00.000Z,0.500796855,0.041939749,0.190224576,0.338822268,4069,2207,285
T8381,Cloud,2025-01-14T00:32:00.000Z,0.500796855,0.69522387,0.258243331,0.414645576,12482,4457,109
T8382,AI,2025-01-02T16:28:00.000Z,0.839545375,0.613515417,0.688987779,0.120680561,16148,654,815
T8387,Finance,2025-01-19T02:40:00.000Z,0.500796855,0.058205796,0.459600695,0.942606844,12867,4284,522
T8390,AI,2025-01-14T15:28:00.000Z,0.500796855,0.813372999,0.212198829,0.002333866,11651,4040,121
T8414,AI,2025-01-12T12:22:00.000Z,0.500796855,0.12685255,0.545267983,0.482361108,9733,4290,119
T8425,Sports,2025-01-14T22:01:00.000Z,0.500796855,0.713855903,0.492344545,0.441373336,970,2166,924
T8430,Finance,2025-01-02T17:06:00.000Z,0.596628358,0.969692642,0.343076335,0.888986447,503,556,724
T8436,Finance,2025-01-20T01:37:00.000Z,0.450802428,0.151610513,0.630424047,0.962518884,3119,902,437
T8460,AI,2025-01-15T21:30:00.000Z,0.500796855,0.940782488,0.084631512,0.311190615,12773,3986,443
T8465,AI,2025-01-23T05:40:00.000Z,0.991632085,0.630572464,0.520620804,0.504428297,6115,2352,872
T8471,Finance,2025-01-05T22:21:00.000Z,0.500796855,0.340301702,0.590930159,0.263223062,6528,2494,185
T8493,Cloud,2025-01-19T16:24:00.000Z,0.168931994,0.778300818,0.552776817,0.638134425,5296,3607,187
T8494,Sports,2025-01-13T04:49:00.000Z,0.500796855,0.26377563,0.379171039,0.289855377,11582,148,158
T85,Cloud,2025-01-05T13:55:00.000Z,0.796401284,0.49738816,0.081807383,0.717624466,3047,480,501
T8513,Cloud,2025-01-05T02:49:00.000Z,0.500796855,0.610681783,0.414103162,0.003454871,7017,3080,505
T8525,AI,2025-01-20T09:53:00.000Z,0.122283408,0.720082221,0.784288165,0.013915931,10130,3942,397
T8527,Sports,2025-01-07T00:12:00.000Z,0.500796855,0.49738816,0.322214201,0.122239376,9350,1657,998
T8529,Sports,2025-01-20T00:34:00.000Z,0.355069417,0.771760523,0.904284394,0.504428297,12907,4593,27
T8534,Cloud,2025-01-01T15:43:00.000Z,0.500796855,0.244394828,0.010455037,0.271165887,7943,2155,490
T8574,AI,2025-01-14T07:36:00.000Z,0.359385397,0.49738816,0.648049932,0.143892207,11185,2494,25
T8588,AI,2025-01-20T08:05:00.000Z,0.500796855,0.681178631,0.596961001,0.591052318,4422,1045,871
T859,Finance,2025-01-09T13:33:00.000Z,0.500796855,0.5257049,0.175517886,0.908831765,7577,1121,893
T8592,Finance,2025-01-10T02:01:00.000Z,0.500796855,0.393712619,0.693241317,0.097041547,9060,3756,950
T8599,Cloud,2025-01-17T02:46:00.000Z,0.555718046,0.583879421,0.198709477,0.333340691,15748,4038,931
T8601,Finance,2025-01-18T13:33:00.000Z,0.375501685,0.36433723,0.327471948,0.549936564,30,962,480
T8606,Cloud,2025-01-04T01:26:00.000Z,0.500796855,0.218764257,0.289775119,0.752333351,9781,1787,989
T8607,Finance,2025-01-03T17:08:00.000Z,0.927109727,0.014133822,0.256776411,0.05289053,18844,3540,496
T8621,Sports,2025-01-13T00:54:00.000Z,0.500796855,0.583485356,0.882478687,0.724334752,18580,4504,15
T8624,Finance,2025-01-19T07:54:00.000Z,0.500796855,0.691000653,0.256666768,0.724381617,4251,2971,631
T8625,Finance,2025-01-03T14:09:00.000Z,0.500796855,0.664118348,0.933873914,0.744576821,11955,1490,41
T8628,Sports,2025-01-02T04:49:00.000Z,0.500796855,0.29135905,0.812642176,0.97328727,3086,793,730
T8642,Finance,2025-01-14T07:29:00.000Z,0.386124583,0.496521857,0.280047244,0.180280744,1420,848,944
T8648,Finance,2025-01-03T11:26:00.000Z,0.17947818,0.361381761,0.431666863,0.679639099,1850,2494,253
T8673,AI,2025-01-08T20:52:00.000Z,0.500796855,0.770426787,0.300363051,0.450394235,1764,980,945
T8685,Cloud,2025-01-21T12:01:00.000Z,0.500796855,0.220479465,0.043055609,0.067719656,8029,1158,198
T8687,Sports,2025-01-07T13:18:00.000Z,0.500796855,0.137066397,0.596361596,0.075249767,5284,87,738
T8689,Sports,2025-01-17T13:31:00.000Z,0.209015036,0.70708536,0.21141226,0.504428297,10036,4497,935
T8700,Sports,2025-01-19T07:46:00.000Z,0.500796855,0.732324119,0.619622678,0.60142153,15305,774,76
T8702,Sports,2025-01-04T16:57:00.000Z,0.500796855,0.832275101,0.423923653,0.309801078,10068,2952,672
T8714,AI,2025-01-15T20:07:00.000Z,0.500796855,0.627312063,0.407436726,0.937926905,10130,2013,302
T8726,AI,2025-01-09T17:15:00.000Z,0.500796855,0.855359433,0.598062576,0.20439541,1585,3,381
T8733,Cloud,2025-01-08T20:23:00.000Z,0.163093304,0.081033505,0.333283707,0.564408103,9228,2494,417
T8735,Finance,2025-01-07T22:29:00.000Z,0.500796855,0.004357696,0.787409843,0.826993473,14162,4237,327
T8736,Cloud,2025-01-15T22:35:00.000Z,0.133014298,0.733634497,0.360972066,0.370325137,17075,1920,394
T8739,Finance,2025-01-07T01:50:00.000Z,0.952041595,0.336785774,0.552399906,0.504428297,5241,3069,377
T8741,Cloud,2025-01-08T15:15:00.000Z,0.500796855,0.653126653,0.007961132,0.781366626,11802,4444,847
T8754,AI,2025-01-04T13:23:00.000Z,0.500796855,0.872774894,0.133661204,0.489991849,10052,3269,509
T8761,Cloud,2025-01-17T11:19:00.000Z,0.796542035,0.25877782,0.375378878,0.066664494,10674,3541,912
T8764,Sports,2025-01-08T17:16:00.000Z,0.797283524,0.249570853,0.474611715,0.844292303,7456,1076,845
T8766,Finance,2025-01-22T05:21:00.000Z,0.500796855,0.186758411,0.548065348,0.782630354,13287,552,297
T8773,AI,2025-01-11T05:03:00.000Z,0.500796855,0.309544202,0.647672033,0.780656431,8043,1539,156
T8782,AI,2025-01-17T14:18:00.000Z,0.549769749,0.207975568,0.815271966,0.504428297,14648,4349,338
T8789,Sports,2025-01-17T13:05:00.000Z,0.496967199,0.867402212,0.227531303,0.639638148,10130,3648,824
T8793,AI,2025-01-03T06:24:00.000Z,0.500796855,0.070266185,0.914989076,0.407376924,10130,2063,379
T8802,AI,2025-01-18T03:26:00.000Z,0.309108541,0.112102837,0.004756089,0.032146935,14108,1802,501
T8809,AI,2025-01-18T03:54:00.000Z,0.500796855,0.889505836,0.53792629,0.315518249,11172,142,726
T8812,Cloud,2025-01-07T10:40:00.000Z,0.500796855,0.931275669,0.758183033,0.408604217,1100,3881,547
T8822,AI,2025-01-05T13:54:00.000Z,0.500796855,0.111588878,0.3982287,0.822581129,9662,3941,488
T8839,Sports,2025-01-11T04:56:00.000Z,0.500796855,0.117987207,0.946108122,0.209038311,6074,3753,127
T8844,Cloud,2025-01-18T17:35:00.000Z,0.500796855,0.521465088,0.938007263,0.27005732,7582,274,450
T8849,AI,2025-01-20T02:59:00.000Z,0.35309592,0.993201666,0.580395126,0.219286428,12152,155,501
T8851,Sports,2025-01-17T19:44:00.000Z,0.500796855,0.829630229,0.492344545,0.504428297,19315,460,808
T8855,Finance,2025-01-03T04:07:00.000Z,0.500796855,0.681086578,0.729939496,0.963115239,14492,2395,303
T8868,AI,2025-01-01T18:26:00.000Z,0.868087015,0.268859072,0.642752195,0.867253895,10130,2688,698
T8872,Sports,2025-01-20T12:08:00.000Z,0.500796855,0.231176862,0.635337441,0.565644248,19629,2494,14
T8889,AI,2025-01-04T08:59:00.000Z,0.64812621,0.767502644,0.706222366,0.238090589,10118,1007,862
T8891,Finance,2025-01-16T17:49:00.000Z,0.894940119,0.228621705,0.5929882,0.380032926,12465,1466,400
T8931,AI,2025-01-15T05:03:00.000Z,0.500796855,0.813845626,0.427132087,0.644619146,18078,2355,188
T8942,AI,2025-01-05T08:00:00.000Z,0.705534944,0.612069107,0.207083479,0.832937929,5278,2494,770
T8944,AI,2025-01-14T16:33:00.000Z,0.695858205,0.013687939,0.319362589,0.623766959,17066,2494,597
T8962,Sports,2025-01-09T23:31:00.000Z,0.774591008,0.415655316,0.190269243,0.016420981,19351,691,194
T8978,Finance,2025-01-09T03:23:00.000Z,0.500796855,0.714890503,0.073463918,0.100715268,8507,1787,397
T8992,Finance,2025-01-15T14:02:00.000Z,0.500796855,0.016797009,0.173322757,0.122659515,2907,3752,742
T8997,Sports,2025-01-10T22:26:00.000Z,0.949361334,0.415123742,0.571989415,0.372985047,1519,3281,501
T9000,Finance,2025-01-23T04:38:00.000Z,0.500796855,0.206361385,0.359072199,0.924818484,72,3231,220
T9025,Sports,2025-01-22T13:52:00.000Z,0.500796855,0.49738816,0.126305547,0.277423797,17078,3408,822
T9032,AI,2025-01-01T13:59:00.000Z,0.444238045,0.191372238,0.380836928,0.14293548,4973,2494,274
T9033,Finance,2025-01-20T02:40:00.000Z,0.598937511,0.745087191,0.318281347,0.862090333,3031,4215,950
T9035,Finance,2025-01-08T00:34:00.000Z,0.34418883,0.458357955,0.424175387,0.504428297,8463,4001,585
T9047,Sports,2025-01-22T20:23:00.000Z,0.500796855,0.802599147,0.439387776,0.384335236,14647,4198,308
T9057,AI,2025-01-16T19:42:00.000Z,0.500796855,0.433120203,0.308590268,0.703673111,639,3829,591
T9062,Sports,2025-01-09T07:57:00.000Z,0.839763877,0.608889536,0.730098945,0.751067408,7959,992,946
T9090,Finance,2025-01-04T18:49:00.000Z,0.221427414,0.990294493,0.198091792,0.01585573,1736,3514,304
T9125,Cloud,2025-01-04T06:11:00.000Z,0.733573789,0.765106483,0.761823891,0.027961238,11856,3466,146
T9126,Cloud,2025-01-20T19:39:00.000Z,0.500796855,0.602387667,0.414892584,0.368958625,815,2855,628
T9129,Sports,2025-01-14T11:31:00.000Z,0.500796855,0.754959033,0.143198816,0.764812587,19661,127,651
T913,Sports,2025-01-21T05:42:00.000Z,0.500796855,0.335124948,0.725497765,0.168470661,11735,775,331
T9136,AI,2025-01-09T07:27:00.000Z,0.094965352,0.785659988,0.187524521,0.818165034,1988,445,912
T9143,Sports,2025-01-10T06:44:00.000Z,0.500796855,0.49738816,0.244869172,0.661063939,11938,4143,810
T9144,Sports,2025-01-10T06:33:00.000Z,0.598251844,0.075162437,0.819773833,0.128763761,17328,607,708
T9159,Cloud,2025-01-21T06:30:00.000Z,0.881930539,0.734370695,0.701048274,0.461312341,13392,513,930
T9176,Cloud,2025-01-23T13:34:00.000Z,0.566603296,0.30628237,0.04623144,0.271151734,17860,3443,777
T9179,Finance,2025-01-20T15:24:00.000Z,0.864434402,0.49738816,0.377725943,0.210882515,19111,120,921
T9191,AI,2025-01-20T05:11:00.000Z,0.500796855,0.015966144,0.989327656,0.658834285,17031,670,54
T9194,AI,2025-01-16T19:33:00.000Z,0.500796855,0.278760613,0.833998523,0.603846814,16279,3178,210
T9198,Cloud,2025-01-18T13:06:00.000Z,0.500796855,0.234646691,0.036029604,0.539831047,10480,3292,268
T920,Cloud,2025-01-17T04:31:00.000Z,0.500796855,0.192463613,0.189642397,0.718104344,92,3056,543
T9200,Sports,2025-01-20T18:22:00.000Z,0.500796855,0.776382946,0.956178789,0.44760386,10577,2137,394
T9205,Sports,2025-01-08T08:50:00.000Z,0.500796855,0.407825301,0.561655124,0.215362362,8866,2098,495
T9206,AI,2025-01-10T12:29:00.000Z,0.860203567,0.806589348,0.798224291,0.223059673,10130,4194,738
T9217,Cloud,2025-01-03T02:32:00.000Z,0.500796855,0.903336306,0.024782801,0.89898449,17071,228,901
T923,Cloud,2025-01-03T08:14:00.000Z,0.831294545,0.166806265,0.154386932,0.034603967,19510,219,20
T9238,AI,2025-01-01T22:37:00.000Z,0.500796855,0.186464617,0.260976119,0.66389641,14556,504,94
T9243,Finance,2025-01-15T07:12:00.000Z,0.899054662,0.369830578,0.1562171,0.643802424,13497,481,888
T9255,AI,2025-01-13T03:07:00.000Z,0.861293098,0.855853041,0.230951797,0.466466763,16139,4228,508
T9261,AI,2025-01-06T02:10:00.000Z,0.605784491,0.307510167,0.971580127,0.111956455,15992,1427,313
T9296,AI,2025-01-02T07:20:00.000Z,0.544241827,0.62177273,0.595035519,0.504428297,16210,3986,525
T9299,AI,2025-01-12T07:38:00.000Z,0.740555058,0.626825577,0.447329679,0.290335028,10130,479,633
T932,Cloud,2025-01-01T17:11:00.000Z,0.156619023,0.629467913,0.297780421,0.715372195,2064,2175,405
T9320,Finance,2025-01-01T07:35:00.000Z,0.466928939,0.152276051,0.102168823,0.888490371,12541,474,332
T9322,Sports,2025-01-02T11:22:00.000Z,0.171115201,0.840081872,0.741088968,0.625970989,18201,1014,395
T9323,Sports,2025-01-18T06:19:00.000Z,0.773322397,0.529833834,0.231265523,0.16195408,9199,4711,724
T9346,AI,2025-01-07T08:20:00.000Z,0.500796855,0.970163609,0.885192984,0.235795829,5532,3058,816
T9355,Finance,2025-01-16T02:27:00.000Z,0.319152563,0.253983407,0.061901194,0.657532258,1577,4800,865
T9365,Finance,2025-01-18T00:55:00.000Z,0.927212617,0.781272626,0.752267613,0.074812946,9786,3670,117
T9376,Sports,2025-01-18T22:38:00.000Z,0.500796855,0.054263334,0.820501574,0.800156999,3354,2716,168
T9378,Cloud,2025-01-08T00:44:00.000Z,0.500796855,0.913378962,0.839224419,0.471989308,12141,2973,259
T9390,Finance,2025-01-05T06:30:00.000Z,0.318356304,0.49738816,0.202628801,0.560344399,7151,336,808
T9416,AI,2025-01-20T13:52:00.000Z,0.500796855,0.49738816,0.545502494,0.2368579,8745,1768,609
T9419,Sports,2025-01-06T00:47:00.000Z,0.921836537,0.966530485,0.344325778,0.354146661,1138,4050,83
T942,Cloud,2025-01-06T03:31:00.000Z,0.500796855,0.780237665,0.272736419,0.512015962,17533,3207,675
T9426,Sports,2025-01-14T19:33:00.000Z,0.500796855,0.49738816,0.335122371,0.100432636,19853,82,114
T9442,AI,2025-01-08T08:13:00.000Z,0.500796855,0.324970488,0.688464143,0.960822051,15490,4920,807
T9458,Finance,2025-01-21T00:36:00.000Z,0.412821538,0.388575185,0.731890025,0.01168371,5153,4556,587
T9466,AI,2025-01-07T17:30:00.000Z,0.506540648,0.967175038,0.500811285,0.264196247,9950,779,989
T9470,Finance,2025-01-04T08:50:00.000Z,0.534038138,0.670406422,0.240787549,0.880560529,6409,1264,877
T949,Cloud,2025-01-17T18:36:00.000Z,0.500796855,0.49738816,0.681014542,0.87233614,12908,1129,149
T9493,Finance,2025-01-19T21:35:00.000Z,0.500796855,0.906677537,0.841153394,0.040787694,5982,4884,501
T9497,AI,2025-01-02T01:52:00.000Z,0.577814417,0.872508341,0.956779433,0.746673736,5406,1637,672
T9499,Sports,2025-01-22T11:04:00.000Z,0.500796855,0.710117593,0.5344936,0.053737441,3028,2306,834
T950,Cloud,2025-01-21T02:51:00.000Z,0.500796855,0.73093629,0.973089166,0.789261071,2024,3865,721
T9580,Sports,2025-01-17T22:40:00.000Z,0.500796855,0.437671262,0.278385744,0.736336072,14321,4567,283
T9601,Sports,2025-01-05T20:30:00.000Z,0.500796855,0.953298513,0.138611415,0.179954539,15134,584,537
T9603,Cloud,2025-01-20T15:11:00.000Z,0.500796855,0.985845012,0.700825794,0.428615927,1663,870,182
T9611,Sports,2025-01-24T02:50:00.000Z,0.500796855,0.96389403,0.492344545,0.248561164,8099,4677,617
T9614,AI,2025-01-07T11:36:00.000Z,0.500796855,0.49738816,0.166240409,0.18031101,17502,3162,501
T9619,Finance,2025-01-05T11:06:00.000Z,0.500796855,0.693228148,0.712139822,0.485160761,18760,1110,235
T9634,Sports,2025-01-08T07:32:00.000Z,0.500796855,0.817078401,0.824898011,0.537793891,10130,702,689
T9636,Cloud,2025-01-09T13:02:00.000Z,0.561223853,0.49738816,0.341099978,0.771400785,76,161,236
T9637,AI,2025-01-13T23:35:00.000Z,0.500796855,0.49738816,0.431819134,0.579829881,9187,3747,399
T9643,Cloud,2025-01-09T01:26:00.000Z,0.500796855,0.145897971,0.552547135,0.806835036,14655,544,578
T9662,Finance,2025-01-11T15:57:00.000Z,0.552776787,0.271545397,0.752579787,0.892468367,10200,493,755
T9667,Sports,2025-01-05T20:16:00.000Z,0.91565747,0.468244999,0.47736858,0.94505791,15084,4292,420
T9703,Finance,2025-01-22T11:34:00.000Z,0.544373463,0.550098305,0.502877308,0.504428297,12450,9,562
T9706,Cloud,2025-01-04T05:05:00.000Z,0.048180575,0.84849598,0.790413156,0.437108018,13035,2699,123
T9710,Cloud,2025-01-19T11:47:00.000Z,0.688354842,0.080211544,0.521661503,0.728285939,1684,913,597
T9711,Finance,2025-01-22T03:14:00.000Z,0.155820637,0.00278988,0.5196604,0.968768848,4336,61,947
T9715,AI,2025-01-17T13:45:00.000Z,0.500796855,0.187405722,0.827846251,5.69E-04,18639,1649,501
T9716,AI,2025-01-15T17:49:00.000Z,0.500796855,0.882481543,0.32785848,0.746573184,3651,3985,493
T972,Finance,2025-01-03T14:45:00.000Z,0.049419713,0.58348987,0.698527462,0.909961054,17982,2494,112
T9725,AI,2025-01-01T16:54:00.000Z,0.902248929,0.785055622,0.738127178,0.058704812,8021,752,974
T9728,Finance,2025-01-21T19:33:00.000Z,0.500796855,0.238090521,0.89200256,0.642810129,16723,2607,630
T9737,AI,2025-01-02T07:05:00.000Z,0.500796855,0.990528573,0.59373231,0.819324646,12819,841,945
T974,Finance,2025-01-01T06:37:00.000Z,0.500796855,0.014122708,0.426612261,0.707531487,12987,4516,154
T9773,AI,2025-01-01T05:21:00.000Z,0.500796855,0.785979363,0.259299744,0.815100125,4810,3876,163
T9781,Cloud,2025-01-08T03:19:00.000Z,0.500796855,0.086664559,0.282029015,0.169592723,11469,4663,527
T9787,Finance,2025-01-06T23:23:00.000Z,0.500796855,0.959912046,0.086381182,0.413971325,10941,4180,662
T9789,Sports,2025-01-23T19:25:00.000Z,0.408188048,0.417749898,0.533337278,0.504428297,18153,1321,490
T9795,Sports,2025-01-10T00:25:00.000Z,0.500796855,0.265158767,0.356217725,0.182121827,8595,3724,195
T9798,Cloud,2025-01-22T22:23:00.000Z,0.162808693,0.0365402,0.540351081,0.348618867,7136,4930,729
T9810,Sports,2025-01-19T09:56:00.000Z,0.500796855,0.273053718,0.862268039,0.932277903,17686,2951,712
T983,Cloud,2025-01-21T06:50:00.000Z,0.439894302,0.49738816,0.181230402,0.570074055,427,4596,908
T9831,AI,2025-01-17T22:08:00.000Z,0.911566326,0.598861068,0.81331337,0.142559038,15502,2189,492
T9833,Sports,2025-01-10T15:51:00.000Z,0.603593658,0.716185452,0.462467241,0.85866438,2727,2210,949
T9835,Finance,2025-01-09T05:53:00.000Z,0.285039944,0.395226804,0.202184237,0.934610098,17883,3704,141
T9839,Cloud,2025-01-23T16:36:00.000Z,0.500796855,0.079915564,0.505996957,0.441959467,4587,2884,70
T984,Finance,2025-01-14T05:27:00.000Z,0.500796855,0.301959197,0.463521172,0.724302679,5760,2782,140
T9850,Sports,2025-01-10T05:01:00.000Z,0.652504394,0.715468554,0.426076291,0.062885589,9906,3436,697
T9855,AI,2025-01-22T15:20:00.000Z,0.787046571,0.626052542,0.665715916,0.54418521,7744,1294,180
T9857,Cloud,2025-01-06T11:45:00.000Z,0.500796855,0.81073319,0.754880081,0.91457191,10130,3158,42
T9866,AI,2025-01-03T01:52:00.000Z,0.500796855,0.106550397,0.68504463,0.918354534,3574,4055,40
T9870,Finance,2025-01-11T15:29:00.000Z,0.500796855,0.783166399,0.415285887,0.153104308,7797,186,921
T9871,AI,2025-01-13T11:05:00.000Z,0.500796855,0.939474223,0.512416658,0.798572235,12916,1596,92
T9875,Sports,2025-01-07T21:24:00.000Z,0.500796855,0.816537187,0.55263535,0.651061927,14041,1337,177
T9878,Cloud,2025-01-22T04:01:00.000Z,0.924378201,0.01266494,0.854611995,0.499751529,10575,1526,146
T988,AI,2025-01-03T22:12:00.000Z,0.500796855,0.209973959,0.296646866,0.231818772,1001,1943,501
T9889,Finance,2025-01-13T23:16:00.000Z,0.500796855,0.832742877,0.492344545,0.37359812,14561,4366,264
T9891,Finance,2025-01-10T12:12:00.000Z,0.500796855,0.908572897,0.492344545,0.569490665,13642,1051,398
T9894,Cloud,2025-01-01T11:15:00.000Z,0.378412404,0.287035868,0.631865933,0.445063675,2068,4012,343
T99,Sports,2025-01-14T01:01:00.000Z,0.503982246,0.393982851,0.480791114,0.209648132,7898,2577,705
T9903,Cloud,2025-01-22T01:29:00.000Z,0.500796855,0.652901952,0.055730073,0.981359385,3936,1323,467
T9913,Sports,2025-01-10T06:27:00.000Z,0.500796855,0.340265,0.696982854,0.522870817,15516,65,259
T9946,AI,2025-01-04T17:21:00.000Z,0.154979662,0.001919686,0.591082615,0.987378392,15908,1746,780
T9958,Sports,2025-01-14T18:36:00.000Z,0.500796855,0.49738816,0.677875189,0.504428297,2456,2494,77
T9967,Cloud,2025-01-07T13:47:00.000Z,0.500796855,0.804538271,0.749295,0.506944112,8696,2494,855
T9975,Finance,2025-01-04T21:17:00.000Z,0.500796855,0.914442211,0.001881982,0.058112446,243,4787,501
T9976,Cloud,2025-01-10T06:29:00.000Z,0.395292087,0.439144825,0.271741842,0.920653813,5882,9,40
T9982,Sports,2025-01-11T01:26:00.000Z,0.284025362,0.083632404,0.148347054,0.043424227,6776,729,501
T9993,AI,2025-01-12T17:46:00.000Z,0.042770305,0.866350008,0.072486411,0.06208007,212,3369,39
T9995,Finance,2025-01-10T14:51:00.000Z,0.398331647,0.469360297,0.260524531,0.488055386,13484,2881,81
