tweet_id,user_id,tweet_text,timestamp,timestamp.1,likes,retweets,replies,impressions,engagement
T10004,4747,Testing!!!@@@###,ios,2025-01-09T00:10:00.000Z,961,3349,907,2872,1020
T10008,9484,Great product!!! #AI,ios,2025-01-14T23:59:00.000Z,16598,539,730,684,1540
T10012,2769,Good & Bad mixed!!!,api,2025-01-02T15:59:00.000Z,18195,1486,388,1937,641
T10013,2240,Streaming $$$ working,ios,2025-01-10T18:48:00.000Z,4220,1168,8,292,1552
T10016,4445,Spark > Hadoop ???,ios,2025-01-12T21:22:00.000Z,1021,1398,399,1276,484
T10021,3603,Data pipeline broke @ midnight!!!,web,2025-01-12T12:11:00.000Z,8172,3030,298,1025,864
T10022,4673,Love this!!! 😊,api,2025-01-04T17:48:00.000Z,19090,2907,456,1968,1935
T10032,5749,Good & Bad mixed!!!,unknown,2025-01-05T20:41:00.000Z,46,4557,207,1609,787
T10034,2178,Null?? value??,android,2025-01-19T12:19:00.000Z,7161,3123,648,213,730
T10046,1735,Testing!!!@@@###,android,2025-01-07T11:34:00.000Z,10766,1058,13,2463,230
T10071,4858,Testing!!!@@@###,ios,2025-01-19T23:06:00.000Z,11503,916,955,2267,1934
T10105,8515,Testing!!!@@@###,api,2025-01-20T17:02:00.000Z,4264,4442,838,1658,260
T10115,9565,Good & Bad mixed!!!,ios,2025-01-18T04:59:00.000Z,19315,3746,758,611,1436
T10116,3510,Great product!!! #AI,api,2025-01-21T17:09:00.000Z,7186,945,128,1487,1188
T10144,2807,Worst service ever :(,ios,2025-01-18T05:04:00.000Z,10027,3929,654,410,1314
T10146,6359,Streaming $$$ working,api,2025-01-07T13:13:00.000Z,7164,1844,419,628,807
T10165,7482,Worst service ever :(,web,2025-01-01T20:21:00.000Z,4391,3274,16,1487,1351
T1017,6729,Null?? value??,api,2025-01-23T13:21:00.000Z,10961,924,500,1202,1259
T10179,2982,Streaming $$$ working,api,2025-01-13T19:16:00.000Z,1677,429,571,1232,530
T1019,4264,Worst service ever :(,ios,2025-01-15T22:25:00.000Z,5362,4383,307,2022,1892
T10202,8853,Spark > Hadoop ???,android,2025-01-01T21:20:00.000Z,18648,2471,265,1356,1001
T10205,2178,Worst service ever :(,web,2025-01-15T22:39:00.000Z,7839,2863,775,2732,1527
T10220,3968,Streaming $$$ working,web,2025-01-21T16:45:00.000Z,810,1437,595,2364,1260
T10222,3280,Error###Detected,api,2025-01-16T00:14:00.000Z,10237,416,652,2310,1532
T10228,2242,Great product!!! #AI,android,2025-01-02T15:29:00.000Z,8593,2471,83,1912,756
T10238,7299,Good & Bad mixed!!!,web,2025-01-08T14:47:00.000Z,5584,4158,106,1319,1949
T10242,8418,Testing!!!@@@###,api,2025-01-22T00:39:00.000Z,5841,3002,726,323,951
T10258,9889,Love this!!! 😊,api,2025-01-11T13:28:00.000Z,5792,4467,308,2210,695
T10269,4544,Data pipeline broke @ midnight!!!,web,2025-01-15T17:59:00.000Z,5785,2010,400,2341,361
T1029,8118,Data pipeline broke @ midnight!!!,ios,2025-01-20T00:05:00.000Z,5541,93,202,2395,1363
T10306,7201,Good & Bad mixed!!!,ios,2025-01-01T05:34:00.000Z,12533,3818,593,761,747
T1031,2654,Testing!!!@@@###,api,2025-01-21T08:40:00.000Z,17002,2583,738,1820,850
T10318,8965,Error###Detected,web,2025-01-23T03:55:00.000Z,14388,1410,705,2460,183
T1033,6746,Love this!!! 😊,web,2025-01-14T18:36:00.000Z,10027,2471,886,317,1983
T10368,7164,Great product!!! #AI,ios,2025-01-22T22:23:00.000Z,9015,2317,31,2832,1999
T10371,2206,Worst service ever :(,api,2025-01-17T20:42:00.000Z,10027,4143,2,1798,1425
T10373,4036,Good & Bad mixed!!!,android,2025-01-15T17:35:00.000Z,4435,263,536,2191,163
T10375,2369,Spark > Hadoop ???,android,2025-01-21T17:45:00.000Z,6235,3055,574,837,1464
T10393,9937,Spark > Hadoop ???,api,2025-01-21T17:41:00.000Z,10027,700,492,2117,1655
T10397,8431,Worst service ever :(,android,2025-01-08T12:00:00.000Z,5544,292,442,1759,432
T104,4805,Worst service ever :(,ios,2025-01-23T18:26:00.000Z,1446,3970,46,1681,312
T10402,2708,Testing!!!@@@###,api,2025-01-06T00:48:00.000Z,12852,4609,124,1079,1949
T10419,7980,Worst service ever :(,ios,2025-01-14T16:23:00.000Z,10027,3035,373,1820,174
T10429,7945,Love this!!! 😊,web,2025-01-06T21:31:00.000Z,14671,4197,781,2760,700
T1043,5728,Good & Bad mixed!!!,android,2025-01-23T13:39:00.000Z,5737,2685,46,212,1784
T10447,8592,Streaming $$$ working,ios,2025-01-02T05:59:00.000Z,18793,2217,116,766,1001
T10448,8160,Worst service ever :(,api,2025-01-09T23:43:00.000Z,6656,2012,114,1845,1671
T10449,4492,Worst service ever :(,web,2025-01-22T01:10:00.000Z,954,2337,492,253,1099
T10454,4942,Great product!!! #AI,ios,2025-01-05T18:01:00.000Z,12877,2933,507,1487,382
T10456,6422,Streaming $$$ working,api,2025-01-07T21:52:00.000Z,13113,52,432,2819,857
T10459,9311,Love this!!! 😊,ios,2025-01-20T16:24:00.000Z,3068,1257,674,625,1066
T10470,2384,Error###Detected,android,2025-01-16T23:14:00.000Z,19450,37,908,1855,1140
T10474,8096,Great product!!! #AI,ios,2025-01-11T16:35:00.000Z,12750,4172,864,1492,1500
T10475,3711,Testing!!!@@@###,ios,2025-01-02T00:09:00.000Z,10152,880,213,828,1366
T10483,4176,Good & Bad mixed!!!,web,2025-01-12T16:01:34.000Z,8329,3131,719,2832,2
T10503,4419,Streaming $$$ working,web,2025-01-22T20:03:00.000Z,11380,178,700,2230,1001
T10514,5575,Great product!!! #AI,web,2025-01-05T06:49:00.000Z,10869,4660,701,2004,169
T10526,6179,Love this!!! 😊,ios,2025-01-19T18:49:00.000Z,8530,142,588,1366,537
T10531,8574,Love this!!! 😊,android,2025-01-21T14:21:00.000Z,19097,726,268,2120,1431
T10533,3994,Good & Bad mixed!!!,api,2025-01-03T22:37:00.000Z,17359,3171,948,1853,1806
T10543,7888,Great product!!! #AI,api,2025-01-14T18:44:00.000Z,5542,560,326,2404,893
T10549,6569,Spark > Hadoop ???,web,2025-01-18T15:21:00.000Z,3834,4479,928,903,924
T10552,5962,Streaming $$$ working,api,2025-01-05T10:21:00.000Z,3493,3963,569,71,42
T10563,1609,Spark > Hadoop ???,ios,2025-01-09T18:47:00.000Z,19464,2644,725,984,1351
T10585,1266,Testing!!!@@@###,android,2025-01-04T04:21:00.000Z,16964,3518,543,2007,638
T10591,4357,Null?? value??,android,2025-01-06T12:42:00.000Z,1708,4593,255,853,885
T10601,7413,Worst service ever :(,api,2025-01-06T16:42:00.000Z,1566,3145,433,293,451
T10603,8178,Testing!!!@@@###,api,2025-01-03T14:10:00.000Z,4163,674,800,2449,692
T10610,8261,Testing!!!@@@###,api,2025-01-06T13:14:00.000Z,15677,1754,667,1286,1133
T10612,1758,Data pipeline broke @ midnight!!!,api,2025-01-18T19:54:00.000Z,18797,3285,175,1955,1442
T10621,6007,Error###Detected,web,2025-01-11T15:03:00.000Z,12568,4633,895,1176,528
T10630,9308,Null?? value??,web,2025-01-03T10:21:00.000Z,2289,397,612,2028,582
T10644,8884,Data pipeline broke @ midnight!!!,android,2025-01-18T04:37:00.000Z,4159,3608,593,276,1001
T10648,8164,Error###Detected,web,2025-01-20T19:29:00.000Z,19357,1105,59,988,166
T10700,9396,Great product!!! #AI,web,2025-01-22T05:25:00.000Z,18841,960,901,2003,1480
T10718,1907,Null?? value??,android,2025-01-02T07:24:00.000Z,11797,2557,721,299,721
T10721,6829,Spark > Hadoop ???,ios,2025-01-03T11:51:00.000Z,3073,3062,974,385,1395
T10724,4036,Great product!!! #AI,api,2025-01-01T09:26:00.000Z,2843,2813,314,534,1647
T10735,7664,Love this!!! 😊,unknown,2025-01-14T14:53:00.000Z,5581,2266,408,1061,1634
T10743,7218,Great product!!! #AI,web,2025-01-08T12:58:00.000Z,14426,3350,225,793,1462
T10751,8527,Great product!!! #AI,android,2025-01-11T15:52:00.000Z,17848,3794,770,861,635
T10752,1170,Worst service ever :(,api,2025-01-22T14:03:00.000Z,13849,2639,10,1220,640
T10755,3233,Great product!!! #AI,unknown,2025-01-12T16:01:34.000Z,3190,1096,667,1446,312
T10765,8382,Love this!!! 😊,android,2025-01-10T10:42:00.000Z,9887,1057,492,1160,909
T10767,2939,Error###Detected,web,2025-01-04T09:52:00.000Z,14242,744,743,110,380
T1078,5362,Testing!!!@@@###,api,2025-01-19T09:41:00.000Z,2789,1046,492,1623,1439
T10784,3347,Love this!!! 😊,android,2025-01-11T20:12:00.000Z,5729,1529,303,2799,1574
T10785,2829,Data pipeline broke @ midnight!!!,web,2025-01-10T00:01:00.000Z,5050,498,578,1487,1720
T10786,7766,Data pipeline broke @ midnight!!!,web,2025-01-08T00:57:00.000Z,13379,2991,804,1935,1931
T10788,3552,Spark > Hadoop ???,api,2025-01-19T20:16:00.000Z,12772,4546,677,1329,717
T10791,2822,Data pipeline broke @ midnight!!!,ios,2025-01-16T23:59:00.000Z,17990,2471,567,2954,694
T10797,1324,Good & Bad mixed!!!,ios,2025-01-20T02:39:00.000Z,5152,3180,299,2780,1505
T108,8444,Love this!!! 😊,ios,2025-01-08T05:39:00.000Z,12696,2009,187,1934,1334
T10811,8035,Spark > Hadoop ???,api,2025-01-01T02:29:00.000Z,2415,955,414,2912,1215
T10812,8011,Worst service ever :(,android,2025-01-16T12:32:00.000Z,18154,4634,228,1977,750
T10830,1899,Error###Detected,android,2025-01-06T15:15:00.000Z,3460,1841,133,202,1280
T10837,4971,Great product!!! #AI,ios,2025-01-06T09:15:00.000Z,56,3006,135,2614,1943
T10860,3702,Love this!!! 😊,web,2025-01-21T11:15:00.000Z,3333,4395,79,1137,1318
T10869,7881,Good & Bad mixed!!!,ios,2025-01-06T21:24:00.000Z,13211,2098,39,87,1025
T10870,9408,Love this!!! 😊,web,2025-01-14T19:27:00.000Z,5107,637,308,1984,1821
T10889,1971,Streaming $$$ working,web,2025-01-02T17:06:00.000Z,15770,2567,119,354,1310
T10901,2998,Great product!!! #AI,web,2025-01-24T00:27:00.000Z,1012,0,259,1487,1619
T10906,6901,Null?? value??,api,2025-01-20T03:21:00.000Z,4060,3333,952,2197,554
T10917,3766,Error###Detected,api,2025-01-22T12:57:00.000Z,10027,1989,152,796,63
T10925,8318,Love this!!! 😊,api,2025-01-15T12:55:00.000Z,10252,4186,522,304,517
T10954,1776,Null?? value??,unknown,2025-01-04T16:20:00.000Z,9042,3832,622,879,685
T10964,8334,Testing!!!@@@###,ios,2025-01-19T12:26:00.000Z,8771,1019,77,289,1067
T10979,9699,Null?? value??,web,2025-01-04T19:28:00.000Z,4205,3732,25,936,70
T10990,9802,Spark > Hadoop ???,web,2025-01-18T13:30:00.000Z,1553,4774,671,1487,1980
T11016,3791,Testing!!!@@@###,ios,2025-01-19T19:45:00.000Z,1945,3996,343,285,1080
T11020,2918,Testing!!!@@@###,android,2025-01-06T18:54:00.000Z,7210,4703,123,1960,937
T11021,1978,Null?? value??,ios,2025-01-06T23:58:00.000Z,17617,2300,274,693,1350
T11024,9948,Good & Bad mixed!!!,unknown,2025-01-12T16:01:34.000Z,1543,2020,492,1487,1943
T11027,4101,Streaming $$$ working,api,2025-01-01T15:53:00.000Z,12497,610,289,2700,1357
T1103,8170,Great product!!! #AI,web,2025-01-09T18:17:00.000Z,1713,955,105,2283,625
T11041,6847,Data pipeline broke @ midnight!!!,api,2025-01-06T19:13:00.000Z,13258,64,606,242,584
T11049,1352,Good & Bad mixed!!!,web,2025-01-13T23:33:00.000Z,9718,2270,532,607,597
T11090,1884,Love this!!! 😊,web,2025-01-09T02:44:00.000Z,10067,1929,888,1708,457
T11098,5558,Love this!!! 😊,web,2025-01-04T14:46:00.000Z,16748,4974,552,678,1187
T11102,6715,Love this!!! 😊,android,2025-01-07T12:28:00.000Z,14966,464,781,275,1917
T11103,2287,Data pipeline broke @ midnight!!!,android,2025-01-06T23:44:00.000Z,15081,1800,566,1095,881
T11130,8225,Good & Bad mixed!!!,ios,2025-01-02T15:15:00.000Z,7340,756,175,2842,746
T11144,5919,Null?? value??,web,2025-01-24T02:13:00.000Z,5387,1434,744,2909,600
T11160,7610,Good & Bad mixed!!!,android,2025-01-02T12:25:00.000Z,6538,2051,777,309,77
T11166,2751,Great product!!! #AI,ios,2025-01-04T14:09:00.000Z,13144,4964,398,2692,1083
T11179,2033,Testing!!!@@@###,ios,2025-01-11T19:56:00.000Z,18944,2206,535,248,957
T11186,1124,Spark > Hadoop ???,api,2025-01-18T09:21:00.000Z,4821,182,206,2233,538
T11187,6207,Testing!!!@@@###,ios,2025-01-13T13:23:00.000Z,2670,2629,862,2939,1311
T1119,5364,Data pipeline broke @ midnight!!!,android,2025-01-09T00:05:00.000Z,1542,1873,395,2398,1397
T11200,3814,Error###Detected,api,2025-01-14T08:02:00.000Z,11585,1252,840,417,1150
T11203,1678,Data pipeline broke @ midnight!!!,web,2025-01-19T01:37:00.000Z,19734,3858,686,2502,1447
T11224,7569,Streaming $$$ working,api,2025-01-02T05:05:00.000Z,2778,4250,652,2704,864
T11225,1835,Spark > Hadoop ???,web,2025-01-07T11:02:00.000Z,10174,4628,283,1813,639
T11229,2778,Spark > Hadoop ???,ios,2025-01-03T14:40:00.000Z,19103,3374,816,2939,1597
T11233,2417,Good & Bad mixed!!!,unknown,2025-01-20T03:25:00.000Z,6515,4904,489,1487,1001
T1126,8828,Great product!!! #AI,web,2025-01-14T10:08:00.000Z,12321,215,539,2123,828
T11266,6799,Data pipeline broke @ midnight!!!,web,2025-01-11T09:51:00.000Z,9627,4338,411,690,433
T11269,8240,Testing!!!@@@###,android,2025-01-22T04:15:00.000Z,13153,3772,852,190,22
T1129,5793,Great product!!! #AI,web,2025-01-09T13:22:00.000Z,254,4052,866,212,297
T11293,4131,Love this!!! 😊,api,2025-01-23T14:35:00.000Z,5,3298,389,2364,375
T11303,5384,Worst service ever :(,web,2025-01-22T23:17:00.000Z,14969,3765,16,1570,1768
T11307,9808,Great product!!! #AI,api,2025-01-12T18:10:00.000Z,3203,4991,470,130,1638
T11325,4327,Error###Detected,unknown,2025-01-14T09:09:00.000Z,8812,4221,668,2848,69
T1133,4869,Streaming $$$ working,api,2025-01-09T08:05:00.000Z,636,1825,524,2627,1714
T11334,7828,Great product!!! #AI,ios,2025-01-09T08:13:00.000Z,18678,1256,590,1247,258
T11345,6481,Error###Detected,android,2025-01-12T16:01:34.000Z,3531,3448,938,482,597
T11346,8409,Good & Bad mixed!!!,api,2025-01-09T13:12:00.000Z,17471,247,53,1660,734
T11351,4556,Great product!!! #AI,android,2025-01-12T16:01:34.000Z,4509,2160,864,1487,1104
T11359,7151,Null?? value??,api,2025-01-20T19:01:00.000Z,1840,2471,721,653,772
T11366,5240,Love this!!! 😊,web,2025-01-23T14:43:00.000Z,2863,4668,492,327,175
T1137,7579,Worst service ever :(,ios,2025-01-13T09:47:00.000Z,18180,1521,940,1543,251
T1139,8020,Love this!!! 😊,web,2025-01-16T23:18:00.000Z,8431,4618,477,1594,190
T11392,2200,Worst service ever :(,web,2025-01-15T07:28:00.000Z,8069,2349,675,1762,1329
T11397,7764,Null?? value??,web,2025-01-01T04:41:00.000Z,8624,2783,245,650,1001
T11413,3666,Data pipeline broke @ midnight!!!,api,2025-01-06T00:52:00.000Z,18185,4111,232,2157,158
T11414,4301,Streaming $$$ working,android,2025-01-07T10:19:00.000Z,12898,2526,391,1475,1054
T11417,4298,Testing!!!@@@###,api,2025-01-02T18:57:00.000Z,16640,2182,326,1610,1391
T1143,5482,Spark > Hadoop ???,api,2025-01-23T09:30:00.000Z,10027,3770,580,2921,627
T11474,2921,Streaming $$$ working,android,2025-01-06T14:54:00.000Z,12331,3402,812,481,346
T11476,1444,Good & Bad mixed!!!,ios,2025-01-20T00:03:00.000Z,19748,429,994,1317,1123
T11520,4606,Love this!!! 😊,ios,2025-01-18T05:19:00.000Z,18673,1491,843,1193,303
T11521,4658,Null?? value??,web,2025-01-10T21:45:00.000Z,4635,3343,349,2400,1502
T11555,2649,Worst service ever :(,android,2025-01-19T02:24:00.000Z,17732,4164,927,2333,1528
T11558,5193,Data pipeline broke @ midnight!!!,api,2025-01-11T07:05:00.000Z,5561,3767,904,1832,418
T11567,6365,Error###Detected,android,2025-01-22T22:36:00.000Z,12750,355,335,1292,1173
T11571,4765,Streaming $$$ working,web,2025-01-14T05:23:00.000Z,2160,1435,845,943,1001
T11573,5295,Error###Detected,api,2025-01-08T12:04:00.000Z,9591,2257,782,141,1103
T11576,4473,Streaming $$$ working,android,2025-01-22T02:14:00.000Z,4937,4181,317,2037,1750
T11579,8755,Great product!!! #AI,web,2025-01-02T09:18:00.000Z,10027,4909,182,2763,550
T11595,9419,Good & Bad mixed!!!,web,2025-01-02T07:28:00.000Z,2208,2792,633,1625,722
T116,9669,Love this!!! 😊,web,2025-01-19T02:52:00.000Z,14924,3737,492,1394,1496
T11613,7923,Spark > Hadoop ???,web,2025-01-21T06:51:00.000Z,7130,89,369,57,1256
T11614,2485,Spark > Hadoop ???,web,2025-01-23T08:34:00.000Z,1326,2743,689,2755,62
T11620,2360,Testing!!!@@@###,web,2025-01-10T15:20:00.000Z,3359,4042,311,913,109
T11643,8798,Spark > Hadoop ???,android,2025-01-20T20:28:00.000Z,7219,2471,492,1322,396
T11652,8370,Null?? value??,web,2025-01-08T09:21:00.000Z,5890,4486,666,2453,1530
T11657,8454,Spark > Hadoop ???,ios,2025-01-10T12:51:00.000Z,15593,1784,625,1386,1533
T11662,4509,Data pipeline broke @ midnight!!!,ios,2025-01-12T10:12:00.000Z,19696,3083,942,1703,396
T1167,1189,Great product!!! #AI,web,2025-01-17T02:33:00.000Z,13962,4802,149,833,696
T11675,1310,Null?? value??,ios,2025-01-03T20:32:00.000Z,16457,4082,623,2229,352
T11683,6445,Spark > Hadoop ???,android,2025-01-06T05:14:00.000Z,7278,2053,209,1695,108
T11694,8857,Good & Bad mixed!!!,android,2025-01-16T18:20:00.000Z,6606,2851,810,2194,893
T11697,7489,Worst service ever :(,web,2025-01-03T19:23:00.000Z,1416,4939,264,2092,1565
T1170,1801,Streaming $$$ working,api,2025-01-20T21:54:00.000Z,2094,1394,492,2808,1251
T11701,5012,Love this!!! 😊,ios,2025-01-17T14:54:00.000Z,14182,2471,587,961,1822
T11706,2862,Testing!!!@@@###,api,2025-01-16T18:52:00.000Z,14721,2963,720,1490,564
T11710,3541,Data pipeline broke @ midnight!!!,web,2025-01-12T21:24:00.000Z,3603,3849,108,1480,1001
T11719,7027,Great product!!! #AI,android,2025-01-15T08:49:00.000Z,7461,193,876,2751,430
T11720,6022,Null?? value??,web,2025-01-15T21:09:00.000Z,5745,3342,333,1659,1727
T11723,9691,Great product!!! #AI,web,2025-01-05T12:03:00.000Z,7469,3981,408,2117,1001
T1173,5577,Worst service ever :(,ios,2025-01-05T20:58:00.000Z,10027,2605,834,2134,1279
T11733,8766,Null?? value??,web,2025-01-04T00:32:00.000Z,14833,2471,471,841,1064
T11739,4896,Error###Detected,android,2025-01-13T14:24:00.000Z,10027,4897,278,2124,543
T11740,8718,Error###Detected,ios,2025-01-20T21:45:00.000Z,5515,1907,464,247,1431
T11751,7244,Null?? value??,web,2025-01-16T00:54:00.000Z,1688,4275,619,987,1700
T11753,2155,Spark > Hadoop ???,web,2025-01-12T04:33:00.000Z,11105,3090,587,1327,1033
T11766,9786,Love this!!! 😊,ios,2025-01-01T05:22:00.000Z,7019,3641,673,2213,1866
T11776,7497,Spark > Hadoop ???,android,2025-01-04T19:10:00.000Z,5659,2591,492,1626,400
T1178,3208,Streaming $$$ working,android,2025-01-20T02:24:00.000Z,2031,85,263,271,701
T11785,4957,Great product!!! #AI,api,2025-01-19T21:55:00.000Z,15593,2520,823,443,1448
T11786,6934,Streaming $$$ working,web,2025-01-01T17:00:00.000Z,1668,859,24,946,1096
T11789,8279,Streaming $$$ working,android,2025-01-21T11:12:00.000Z,1965,2471,952,1276,15
T11794,9110,Good & Bad mixed!!!,api,2025-01-11T21:15:00.000Z,14906,1459,437,2348,1313
T11818,7098,Great product!!! #AI,android,2025-01-05T04:52:00.000Z,8736,4725,692,2528,1420
T11819,8945,Good & Bad mixed!!!,api,2025-01-17T17:46:00.000Z,7448,1605,440,127,1193
T11820,7675,Great product!!! #AI,web,2025-01-08T08:25:00.000Z,11719,2495,294,2036,1691
T11829,7807,Data pipeline broke @ midnight!!!,api,2025-01-23T05:56:00.000Z,7563,2737,865,2741,916
T11832,8966,Worst service ever :(,android,2025-01-12T11:58:00.000Z,10349,414,633,360,898
T11843,1128,Good & Bad mixed!!!,android,2025-01-06T09:41:00.000Z,17367,2691,707,539,1317
T11846,4617,Worst service ever :(,android,2025-01-23T06:58:00.000Z,13439,605,507,2249,1164
T11847,8107,Good & Bad mixed!!!,android,2025-01-11T14:48:00.000Z,5937,860,105,317,1962
T11859,9400,Good & Bad mixed!!!,ios,2025-01-22T09:53:00.000Z,10615,2217,376,2891,233
T11884,9163,Love this!!! 😊,api,2025-01-23T16:04:00.000Z,4675,2471,263,2996,844
T11898,1938,Love this!!! 😊,api,2025-01-03T19:34:00.000Z,16973,2131,418,1550,1500
T11902,4728,Null?? value??,web,2025-01-02T23:21:00.000Z,17238,4068,143,373,1645
T11922,5859,Data pipeline broke @ midnight!!!,ios,2025-01-22T13:28:00.000Z,11023,2471,909,1792,1113
T11949,5468,Love this!!! 😊,api,2025-01-10T09:56:00.000Z,11835,510,966,1487,1001
T11954,6918,Good & Bad mixed!!!,web,2025-01-11T15:08:00.000Z,14548,1680,860,2519,1536
T11959,8097,Testing!!!@@@###,ios,2025-01-21T20:46:00.000Z,12335,1876,632,288,1725
T11960,1801,Null?? value??,ios,2025-01-13T00:21:00.000Z,13760,3720,338,1210,1118
T11968,5545,Streaming $$$ working,web,2025-01-08T22:11:00.000Z,19639,4999,617,657,546
T1197,8642,Great product!!! #AI,api,2025-01-12T16:01:34.000Z,18462,2521,317,1673,1014
T11975,7738,Data pipeline broke @ midnight!!!,web,2025-01-15T13:40:00.000Z,16812,2643,275,243,1651
T11983,8997,Good & Bad mixed!!!,ios,2025-01-17T00:37:00.000Z,5599,1750,695,707,109
T11986,7754,Streaming $$$ working,api,2025-01-01T11:37:00.000Z,5624,803,508,396,1001
T11992,3703,Data pipeline broke @ midnight!!!,android,2025-01-12T16:01:34.000Z,13921,3419,512,2991,1320
T11996,8354,Love this!!! 😊,web,2025-01-04T13:40:00.000Z,961,1997,598,775,1001
T12000,7891,Worst service ever :(,web,2025-01-07T18:46:00.000Z,15759,350,323,2317,1111
T12019,7880,Spark > Hadoop ???,api,2025-01-20T19:35:00.000Z,2659,956,299,1267,1910
T12020,5791,Good & Bad mixed!!!,api,2025-01-23T07:28:00.000Z,4881,2855,382,432,108
T1203,7320,Error###Detected,android,2025-01-03T10:20:00.000Z,5744,4292,247,522,1045
T12036,3114,Streaming $$$ working,android,2025-01-16T04:34:00.000Z,18212,2471,745,1254,1690
T12039,9862,Love this!!! 😊,web,2025-01-07T06:12:00.000Z,16263,2668,919,1953,759
T12063,4793,Spark > Hadoop ???,ios,2025-01-15T21:40:00.000Z,1387,4191,13,1841,440
T12066,5876,Error###Detected,api,2025-01-04T11:17:00.000Z,11177,3425,155,1988,1062
T12071,4437,Love this!!! 😊,android,2025-01-02T13:22:00.000Z,1764,2252,347,1479,754
T12079,5579,Spark > Hadoop ???,web,2025-01-04T16:05:00.000Z,10401,1536,154,265,788
T12080,5933,Love this!!! 😊,api,2025-01-14T13:40:00.000Z,10205,985,794,1254,824
T12083,7862,Data pipeline broke @ midnight!!!,unknown,2025-01-14T19:34:00.000Z,18324,920,144,903,1001
T12090,9595,Streaming $$$ working,web,2025-01-12T00:57:00.000Z,14572,2287,883,654,1505
T12106,6222,Worst service ever :(,android,2025-01-19T15:18:00.000Z,3355,4558,699,964,483
T12121,6492,Great product!!! #AI,android,2025-01-20T10:54:00.000Z,2806,4963,220,1494,1665
T12123,3911,Worst service ever :(,android,2025-01-10T10:40:00.000Z,16171,4536,230,2584,1001
T12129,4385,Testing!!!@@@###,ios,2025-01-23T09:53:00.000Z,16239,1808,255,516,1218
T12130,4501,Spark > Hadoop ???,api,2025-01-20T17:57:00.000Z,1247,504,677,1342,476
T12133,9772,Spark > Hadoop ???,ios,2025-01-14T16:34:00.000Z,13483,4556,609,491,709
T12134,2129,Worst service ever :(,android,2025-01-08T19:08:00.000Z,5508,2746,916,492,1270
T12153,6433,Worst service ever :(,ios,2025-01-16T16:15:00.000Z,5893,3167,58,1827,339
T12169,5743,Data pipeline broke @ midnight!!!,ios,2025-01-20T11:13:00.000Z,18343,3586,183,1495,115
T1217,3297,Good & Bad mixed!!!,web,2025-01-19T08:41:00.000Z,12327,4105,982,914,1444
T12182,4631,Worst service ever :(,api,2025-01-01T07:16:00.000Z,4477,4493,66,763,959
T12214,4262,Data pipeline broke @ midnight!!!,ios,2025-01-13T05:29:00.000Z,2594,1672,178,2814,522
T12232,2411,Error###Detected,api,2025-01-22T09:08:00.000Z,7786,4905,778,1312,1110
T12240,7382,Data pipeline broke @ midnight!!!,unknown,2025-01-19T13:04:00.000Z,16630,292,408,2766,656
T1225,1106,Null?? value??,android,2025-01-11T08:16:00.000Z,8945,2732,911,2671,1095
T12260,2057,Love this!!! 😊,web,2025-01-18T08:56:00.000Z,5610,580,404,2458,98
T12272,2262,Spark > Hadoop ???,api,2025-01-09T00:06:00.000Z,10456,1272,739,1542,464
T12286,8472,Worst service ever :(,api,2025-01-19T12:03:00.000Z,10027,4637,296,1957,754
T12297,1166,Spark > Hadoop ???,ios,2025-01-07T05:15:00.000Z,9667,3372,484,2046,782
T12304,9328,Spark > Hadoop ???,ios,2025-01-18T03:13:00.000Z,17185,4690,907,628,1747
T1234,3450,Love this!!! 😊,ios,2025-01-06T02:13:00.000Z,4140,3105,476,836,843
T12351,7455,Null?? value??,api,2025-01-11T21:33:00.000Z,18584,1264,789,1892,343
T12387,8120,Worst service ever :(,ios,2025-01-19T21:06:00.000Z,7526,4766,387,58,1094
T12391,3940,Null?? value??,web,2025-01-01T20:21:00.000Z,16215,3500,766,1760,1090
T12408,9587,Null?? value??,android,2025-01-12T16:01:34.000Z,10027,3590,329,2265,1805
T12411,3734,Data pipeline broke @ midnight!!!,api,2025-01-16T01:00:00.000Z,8410,3998,152,2543,1457
T12433,7849,Great product!!! #AI,ios,2025-01-12T16:01:34.000Z,11172,1053,62,4,719
T12434,2991,Love this!!! 😊,ios,2025-01-20T18:17:00.000Z,6523,4713,580,568,1383
T12443,2872,Worst service ever :(,web,2025-01-18T20:13:00.000Z,3485,4593,1,1037,1121
T12451,7307,Great product!!! #AI,ios,2025-01-22T05:52:00.000Z,8650,1444,718,870,549
T12461,3661,Testing!!!@@@###,web,2025-01-18T10:20:00.000Z,11507,2433,991,2686,1324
T12467,1603,Great product!!! #AI,android,2025-01-03T15:43:00.000Z,15426,3602,640,1520,1924
T12468,7016,Great product!!! #AI,android,2025-01-02T18:06:00.000Z,17730,2471,730,1229,1134
T12470,2357,Testing!!!@@@###,api,2025-01-24T02:42:00.000Z,16820,4692,565,1633,1397
T12485,1159,Worst service ever :(,web,2025-01-19T11:18:00.000Z,14395,1140,675,2045,1450
T12493,4150,Love this!!! 😊,api,2025-01-11T00:31:00.000Z,12025,2797,492,361,1137
T12503,5070,Good & Bad mixed!!!,web,2025-01-10T17:28:00.000Z,4902,2117,793,1140,909
T12505,6844,Null?? value??,unknown,2025-01-20T00:47:00.000Z,2745,2633,492,2154,1081
T12509,4574,Streaming $$$ working,api,2025-01-06T00:06:00.000Z,3595,2738,850,1963,257
T12513,7619,Worst service ever :(,android,2025-01-16T05:57:00.000Z,834,3286,371,1264,375
T12519,6407,Great product!!! #AI,unknown,2025-01-04T01:14:00.000Z,7095,135,256,1008,650
T12527,2811,Good & Bad mixed!!!,api,2025-01-03T16:40:00.000Z,16889,2471,880,440,167
T1254,2602,Null?? value??,api,2025-01-12T16:01:34.000Z,12330,876,608,1487,1940
T12542,5551,Worst service ever :(,api,2025-01-09T23:33:00.000Z,10340,1466,955,585,390
T12552,2598,Data pipeline broke @ midnight!!!,api,2025-01-18T20:52:00.000Z,3525,3742,492,2107,1705
T12558,2691,Great product!!! #AI,android,2025-01-13T18:46:00.000Z,710,2841,554,141,1110
T12564,7306,Worst service ever :(,api,2025-01-12T16:01:34.000Z,13563,1443,349,477,524
T12566,6647,Streaming $$$ working,api,2025-01-23T23:28:00.000Z,17496,2447,673,1105,1329
T12572,7351,Great product!!! #AI,web,2025-01-07T20:21:00.000Z,701,1692,492,11,1001
T12575,8250,Great product!!! #AI,android,2025-01-04T06:58:00.000Z,1527,2980,492,260,1446
T12582,6577,Error###Detected,api,2025-01-16T18:40:00.000Z,11413,2181,728,2994,1627
T12621,6503,Streaming $$$ working,api,2025-01-09T18:38:00.000Z,5406,1245,939,2845,1493
T12635,8007,Love this!!! 😊,api,2025-01-12T13:36:00.000Z,19028,3192,167,641,1485
T12646,1103,Spark > Hadoop ???,android,2025-01-19T07:20:00.000Z,9177,2471,766,1118,1052
T1266,1461,Love this!!! 😊,api,2025-01-22T19:35:00.000Z,18392,2654,502,312,842
T12671,7978,Good & Bad mixed!!!,api,2025-01-21T00:14:00.000Z,15709,2116,655,2163,486
T12673,7105,Great product!!! #AI,android,2025-01-16T03:42:00.000Z,1354,4500,246,2044,424
T12677,3431,Null?? value??,web,2025-01-01T02:35:00.000Z,13037,4446,922,197,54
T12679,1785,Error###Detected,api,2025-01-19T07:51:00.000Z,6253,659,207,637,1503
T12688,3819,Great product!!! #AI,android,2025-01-08T10:00:00.000Z,6909,600,619,2687,840
T12694,5672,Worst service ever :(,web,2025-01-09T21:07:00.000Z,16606,3666,99,1441,972
T12698,8678,Testing!!!@@@###,android,2025-01-22T11:40:00.000Z,14337,442,183,2408,499
T12705,9889,Love this!!! 😊,api,2025-01-10T11:36:00.000Z,1011,646,449,2552,1169
T12710,2726,Data pipeline broke @ midnight!!!,unknown,2025-01-12T03:56:00.000Z,9243,644,390,891,1525
T12730,3322,Error###Detected,api,2025-01-03T02:00:00.000Z,11980,2864,74,1611,1391
T12736,3886,Spark > Hadoop ???,ios,2025-01-12T12:52:00.000Z,12382,2471,577,758,1666
T12739,7328,Testing!!!@@@###,api,2025-01-14T20:13:00.000Z,14745,2670,598,1104,656
T12742,3633,Testing!!!@@@###,android,2025-01-08T05:19:00.000Z,18541,2877,405,2985,1378
T12788,2505,Good & Bad mixed!!!,ios,2025-01-11T09:16:00.000Z,4077,3227,530,1109,561
T12800,6864,Data pipeline broke @ midnight!!!,web,2025-01-11T10:36:00.000Z,16358,3385,64,1574,1045
T12807,3537,Testing!!!@@@###,web,2025-01-04T04:31:00.000Z,19938,1180,488,2175,627
T12824,7872,Null?? value??,web,2025-01-01T08:28:00.000Z,3311,3373,578,1574,813
T12834,1754,Testing!!!@@@###,ios,2025-01-10T02:14:00.000Z,15141,4534,450,1230,629
T12837,6813,Good & Bad mixed!!!,api,2025-01-21T03:19:00.000Z,18554,1726,873,883,980
T12842,6585,Great product!!! #AI,api,2025-01-22T19:27:00.000Z,11390,2024,810,1645,167
T12853,1134,Testing!!!@@@###,ios,2025-01-20T21:01:00.000Z,11874,2162,65,1769,172
T12855,4761,Streaming $$$ working,android,2025-01-05T00:22:00.000Z,19091,2924,107,917,1376
T12856,5806,Love this!!! 😊,web,2025-01-11T01:15:00.000Z,19181,2779,841,2446,623
T12871,9907,Spark > Hadoop ???,android,2025-01-11T15:36:00.000Z,12563,1645,498,2843,421
T12903,9972,Spark > Hadoop ???,api,2025-01-23T19:34:00.000Z,13825,1795,284,1599,925
T12907,8760,Null?? value??,web,2025-01-15T04:26:00.000Z,9286,2759,369,853,1696
T12913,3397,Spark > Hadoop ???,ios,2025-01-22T04:18:00.000Z,10027,2860,652,315,1264
T12923,8810,Good & Bad mixed!!!,api,2025-01-05T05:16:00.000Z,6551,4854,619,389,579
T12925,6266,Love this!!! 😊,unknown,2025-01-03T17:10:00.000Z,6987,2613,153,35,1001
T12926,3065,Spark > Hadoop ???,web,2025-01-16T09:27:00.000Z,19887,1080,767,2510,1952
T12928,3855,Streaming $$$ working,web,2025-01-23T17:06:00.000Z,6938,4633,384,2498,791
T12932,2451,Data pipeline broke @ midnight!!!,ios,2025-01-04T14:40:00.000Z,624,3550,751,248,465
T12934,6883,Testing!!!@@@###,android,2025-01-19T05:40:00.000Z,10027,3488,738,2072,1509
T12938,2531,Love this!!! 😊,android,2025-01-23T06:31:00.000Z,2120,2263,644,395,1841
T12946,5165,Testing!!!@@@###,unknown,2025-01-13T03:49:00.000Z,18928,1005,219,1694,993
T12947,3606,Null?? value??,web,2025-01-23T11:20:00.000Z,3843,3201,554,1315,685
T12950,8611,Great product!!! #AI,web,2025-01-18T06:46:00.000Z,11112,3567,119,1308,833
T12959,1144,Great product!!! #AI,web,2025-01-12T16:01:34.000Z,18895,1523,671,807,1894
T12961,8879,Spark > Hadoop ???,ios,2025-01-22T20:04:00.000Z,10027,77,33,1132,1575
T12973,6583,Streaming $$$ working,ios,2025-01-12T15:26:00.000Z,19130,2281,646,2320,294
T12986,4153,Worst service ever :(,web,2025-01-16T16:58:00.000Z,6309,3415,894,1508,120
T13002,8268,Great product!!! #AI,android,2025-01-05T01:53:00.000Z,16097,518,184,581,555
T13004,6331,Streaming $$$ working,web,2025-01-11T07:09:00.000Z,19586,2471,993,1070,1361
T13031,2127,Worst service ever :(,api,2025-01-21T02:33:00.000Z,10064,1174,157,200,861
T13032,2244,Good & Bad mixed!!!,api,2025-01-02T01:30:00.000Z,18422,1267,990,2367,1001
T13054,4106,Streaming $$$ working,api,2025-01-18T11:25:00.000Z,10271,2668,136,2873,1739
T13067,6373,Worst service ever :(,api,2025-01-10T07:13:00.000Z,19219,3903,577,704,520
T13074,4420,Testing!!!@@@###,android,2025-01-01T11:15:00.000Z,19003,2352,130,573,499
T13077,1918,Good & Bad mixed!!!,ios,2025-01-07T09:31:00.000Z,9461,4553,284,1403,851
T13087,2061,Streaming $$$ working,ios,2025-01-17T02:35:00.000Z,5332,826,492,1225,1155
T13089,4705,Love this!!! 😊,unknown,2025-01-14T04:10:00.000Z,1711,437,887,2982,400
T13098,5125,Error###Detected,android,2025-01-14T04:12:00.000Z,7991,3113,223,1888,1589
T13106,3585,Worst service ever :(,ios,2025-01-12T16:01:34.000Z,13567,4353,492,1487,1314
T13111,7694,Data pipeline broke @ midnight!!!,android,2025-01-17T09:38:00.000Z,3264,2206,476,1375,493
T13116,3295,Data pipeline broke @ midnight!!!,web,2025-01-19T03:21:00.000Z,6909,1697,368,2472,1860
T13122,7597,Spark > Hadoop ???,android,2025-01-12T20:38:00.000Z,12103,3740,474,1599,27
T13137,9244,Data pipeline broke @ midnight!!!,api,2025-01-06T23:56:00.000Z,6505,4221,424,349,207
T13139,3484,Great product!!! #AI,android,2025-01-09T14:26:00.000Z,15869,4575,880,2930,1054
T13151,3293,Data pipeline broke @ midnight!!!,web,2025-01-18T01:38:00.000Z,17930,1800,159,1925,1453
T13167,9111,Great product!!! #AI,api,2025-01-06T12:04:00.000Z,2307,1037,843,2593,1984
T13168,3018,Love this!!! 😊,api,2025-01-22T15:25:00.000Z,12122,2602,798,1152,178
T13179,3234,Testing!!!@@@###,unknown,2025-01-04T00:44:00.000Z,10027,195,928,2715,183
T1318,1675,Good & Bad mixed!!!,ios,2025-01-04T15:26:00.000Z,18459,1431,75,1487,801
T13183,4734,Error###Detected,android,2025-01-10T15:30:00.000Z,8006,4828,661,1475,1271
T13192,1002,Testing!!!@@@###,android,2025-01-10T06:16:00.000Z,9152,4442,142,1947,1648
T13195,2972,Streaming $$$ working,web,2025-01-10T07:37:00.000Z,7153,3222,627,1063,1453
T13201,6954,Worst service ever :(,android,2025-01-21T09:12:00.000Z,13688,4679,569,2890,269
T13202,3341,Worst service ever :(,ios,2025-01-12T14:23:00.000Z,9436,226,509,283,204
T1321,7445,Testing!!!@@@###,ios,2025-01-21T02:52:00.000Z,17081,4422,459,2164,1001
T13212,5701,Testing!!!@@@###,android,2025-01-05T13:45:00.000Z,10027,2471,698,1421,1298
T13216,3166,Null?? value??,ios,2025-01-21T03:44:00.000Z,14245,4166,814,854,1110
T13218,4878,Love this!!! 😊,web,2025-01-01T22:27:00.000Z,3167,2471,602,1643,250
T13229,1718,Data pipeline broke @ midnight!!!,web,2025-01-21T15:02:00.000Z,4452,4362,359,1690,1214
T13236,5752,Good & Bad mixed!!!,android,2025-01-04T19:02:00.000Z,10481,3394,882,319,1108
T1325,5527,Null?? value??,ios,2025-01-04T05:51:00.000Z,18296,2562,186,2727,268
T13254,6192,Streaming $$$ working,api,2025-01-10T02:56:00.000Z,8108,1301,322,2650,1833
T13259,8104,Error###Detected,unknown,2025-01-19T23:43:00.000Z,12481,1939,604,1257,75
T1328,1031,Error###Detected,web,2025-01-15T08:12:00.000Z,14737,514,925,1075,1712
T13281,1123,Testing!!!@@@###,web,2025-01-09T21:49:00.000Z,16569,3325,682,2264,1472
T13296,1251,Error###Detected,ios,2025-01-05T03:14:00.000Z,11429,643,11,346,111
T13297,3532,Error###Detected,ios,2025-01-22T02:52:00.000Z,7277,839,191,1487,1872
T13298,4679,Data pipeline broke @ midnight!!!,api,2025-01-09T03:59:00.000Z,2896,2471,383,543,179
T13303,9852,Error###Detected,android,2025-01-17T15:54:00.000Z,10027,335,534,487,1249
T13316,1511,Streaming $$$ working,api,2025-01-15T18:48:00.000Z,16973,1296,415,1022,312
T1332,7587,Worst service ever :(,ios,2025-01-07T21:57:00.000Z,18619,4883,940,2980,667
T13321,3362,Love this!!! 😊,api,2025-01-01T12:41:00.000Z,8477,2117,593,2832,855
T13331,7838,Streaming $$$ working,android,2025-01-01T20:18:00.000Z,14122,2022,785,1916,1222
T13332,8264,Love this!!! 😊,ios,2025-01-21T18:21:00.000Z,10027,4902,43,1952,1275
T13347,6964,Good & Bad mixed!!!,web,2025-01-12T16:01:34.000Z,10582,2889,524,699,1939
T13350,6084,Streaming $$$ working,ios,2025-01-12T09:51:00.000Z,19580,2471,612,1487,602
T13351,2882,Error###Detected,web,2025-01-03T21:02:00.000Z,18758,3256,390,2265,1835
T13360,1160,Love this!!! 😊,web,2025-01-05T23:57:00.000Z,3134,1907,401,1550,785
T13367,5401,Love this!!! 😊,android,2025-01-02T02:41:00.000Z,12547,2109,583,1487,864
T13416,2741,Streaming $$$ working,ios,2025-01-23T23:27:00.000Z,7028,3952,224,2018,1114
T13446,6504,Null?? value??,ios,2025-01-13T10:16:00.000Z,17552,4387,461,2795,1972
T13449,5657,Streaming $$$ working,android,2025-01-13T06:54:00.000Z,1711,4282,459,2663,825
T13450,9040,Spark > Hadoop ???,unknown,2025-01-14T19:15:00.000Z,6267,3355,318,2279,317
T1346,7778,Spark > Hadoop ???,web,2025-01-05T16:31:00.000Z,10405,4664,241,2887,180
T13461,1046,Good & Bad mixed!!!,ios,2025-01-14T14:40:00.000Z,10782,2471,520,51,411
T13463,1903,Worst service ever :(,web,2025-01-17T05:10:00.000Z,9692,4091,619,1487,1349
T13468,2623,Great product!!! #AI,api,2025-01-08T10:56:00.000Z,8448,3484,313,487,1081
T1347,8661,Love this!!! 😊,web,2025-01-18T01:49:00.000Z,12410,1847,831,1663,1670
T13476,1781,Data pipeline broke @ midnight!!!,api,2025-01-12T01:02:00.000Z,17579,2245,17,1394,1139
T13499,3012,Null?? value??,ios,2025-01-03T10:49:00.000Z,2571,2749,326,2632,1136
T13527,9670,Null?? value??,android,2025-01-15T04:01:00.000Z,8704,1588,278,180,857
T1353,8815,Error###Detected,api,2025-01-14T08:27:00.000Z,14381,1983,113,1054,1897
T13536,6199,Worst service ever :(,ios,2025-01-12T16:01:34.000Z,4587,3168,524,2750,792
T13548,3556,Good & Bad mixed!!!,web,2025-01-10T21:46:00.000Z,9424,2804,296,680,1626
T13555,7539,Testing!!!@@@###,web,2025-01-05T09:41:00.000Z,11444,4138,274,1265,256
T13560,5281,Spark > Hadoop ???,api,2025-01-03T01:45:00.000Z,15503,2053,766,1196,1756
T13561,3018,Streaming $$$ working,api,2025-01-10T06:44:00.000Z,3681,3023,407,2148,40
T13566,2131,Spark > Hadoop ???,ios,2025-01-12T16:01:34.000Z,3809,3920,504,1583,1335
T13579,6212,Streaming $$$ working,api,2025-01-19T19:54:00.000Z,172,4087,36,866,1048
T13589,7869,Data pipeline broke @ midnight!!!,unknown,2025-01-15T14:29:00.000Z,8819,2834,195,46,1152
T13600,4637,Null?? value??,ios,2025-01-12T16:01:34.000Z,1122,2441,492,1991,1987
T13601,6356,Great product!!! #AI,api,2025-01-23T21:02:00.000Z,6220,1412,23,1628,613
T13623,4365,Spark > Hadoop ???,ios,2025-01-20T19:23:00.000Z,717,3191,865,652,1622
T13639,1837,Spark > Hadoop ???,android,2025-01-19T03:14:00.000Z,15183,2471,984,1478,1805
T13641,9084,Streaming $$$ working,ios,2025-01-05T21:29:00.000Z,17490,4669,285,2997,186
T13671,4198,Good & Bad mixed!!!,ios,2025-01-10T15:52:00.000Z,6464,2939,159,2046,17
T13674,7978,Great product!!! #AI,api,2025-01-02T20:06:00.000Z,18419,3196,432,1878,1961
T13678,8713,Love this!!! 😊,api,2025-01-11T23:37:00.000Z,5190,1409,230,1633,1564
T13701,6405,Worst service ever :(,android,2025-01-12T05:55:00.000Z,17444,3450,520,697,1930
T13702,5777,Love this!!! 😊,android,2025-01-13T07:05:00.000Z,5951,4201,67,1600,571
T13709,2199,Streaming $$$ working,ios,2025-01-22T03:36:00.000Z,14772,1026,807,1784,642
T13713,1622,Null?? value??,ios,2025-01-21T09:07:00.000Z,13904,1412,497,1982,759
T13741,7395,Error###Detected,api,2025-01-21T11:42:00.000Z,12594,931,27,1545,752
T13774,7071,Love this!!! 😊,unknown,2025-01-20T07:44:00.000Z,11884,1207,678,115,1801
T13775,9376,Spark > Hadoop ???,android,2025-01-07T20:41:00.000Z,19531,1809,756,143,1085
T13776,1883,Data pipeline broke @ midnight!!!,api,2025-01-14T01:23:00.000Z,11969,4636,200,1487,1605
T13777,8532,Data pipeline broke @ midnight!!!,api,2025-01-16T00:12:00.000Z,9078,1677,795,1185,1001
T13789,4342,Testing!!!@@@###,android,2025-01-06T13:20:00.000Z,18109,4828,853,1594,281
T13796,8407,Error###Detected,web,2025-01-14T11:31:00.000Z,7426,1857,99,1873,1654
T13812,6006,Spark > Hadoop ???,api,2025-01-09T23:02:00.000Z,3018,4460,94,2319,1857
T13813,7893,Testing!!!@@@###,android,2025-01-08T09:46:00.000Z,1114,307,587,1871,1001
T13822,5292,Spark > Hadoop ???,ios,2025-01-18T13:37:00.000Z,8400,2386,307,1114,625
T1383,9058,Worst service ever :(,ios,2025-01-18T13:11:00.000Z,10137,4981,571,503,1064
T13830,8036,Great product!!! #AI,web,2025-01-19T03:19:00.000Z,4653,2113,901,2094,421
T13831,7600,Worst service ever :(,api,2025-01-08T00:33:00.000Z,19893,1274,73,350,1551
T13846,8167,Spark > Hadoop ???,ios,2025-01-06T19:52:00.000Z,4534,2945,701,2117,134
T13848,3736,Good & Bad mixed!!!,android,2025-01-04T16:31:00.000Z,10979,4112,923,2793,1318
T13849,1625,Spark > Hadoop ???,android,2025-01-18T16:02:00.000Z,511,1061,686,2786,1829
T13851,8654,Data pipeline broke @ midnight!!!,web,2025-01-22T09:00:00.000Z,4282,414,583,74,103
T13852,3214,Good & Bad mixed!!!,web,2025-01-03T04:19:00.000Z,3756,4089,245,646,861
T13856,1416,Error###Detected,android,2025-01-16T13:45:00.000Z,3867,2959,643,1583,917
T13859,7571,Testing!!!@@@###,api,2025-01-20T05:51:00.000Z,9346,712,622,2027,429
T13872,7647,Error###Detected,api,2025-01-07T04:52:00.000Z,7310,4168,504,862,1626
T13906,2842,Spark > Hadoop ???,ios,2025-01-05T10:51:00.000Z,10027,570,867,1073,1157
T13908,5031,Love this!!! 😊,ios,2025-01-22T20:46:00.000Z,10701,4507,153,606,1218
T13911,3285,Testing!!!@@@###,ios,2025-01-17T12:23:00.000Z,7964,2478,20,1680,1622
T13919,5846,Data pipeline broke @ midnight!!!,ios,2025-01-14T20:58:00.000Z,10027,2722,36,1408,1268
T13929,4949,Streaming $$$ working,web,2025-01-07T18:58:00.000Z,3196,533,344,453,1152
T13932,3631,Spark > Hadoop ???,api,2025-01-11T00:02:00.000Z,13230,93,692,1166,1409
T13935,1900,Data pipeline broke @ midnight!!!,ios,2025-01-06T08:30:00.000Z,432,2415,975,575,1567
T13941,4304,Worst service ever :(,api,2025-01-05T01:01:00.000Z,9798,1822,355,1487,1784
T13944,8372,Data pipeline broke @ midnight!!!,android,2025-01-08T16:32:00.000Z,7750,4951,518,451,1168
T13946,9349,Data pipeline broke @ midnight!!!,web,2025-01-06T12:57:00.000Z,7207,3836,982,1509,1061
T13962,5550,Love this!!! 😊,android,2025-01-11T07:41:00.000Z,5611,1657,397,753,1822
T13988,6515,Great product!!! #AI,ios,2025-01-14T00:31:00.000Z,1110,3799,637,1957,20
T13989,7010,Testing!!!@@@###,android,2025-01-05T11:18:00.000Z,19949,2471,156,1134,704
T13993,1040,Spark > Hadoop ???,ios,2025-01-18T10:46:00.000Z,9701,2204,754,2559,62
T13994,2809,Null?? value??,ios,2025-01-14T03:42:00.000Z,9436,3931,477,2873,1640
T14002,2931,Love this!!! 😊,android,2025-01-13T19:47:00.000Z,18710,3634,492,2731,1949
T1401,2466,Null?? value??,ios,2025-01-01T14:01:00.000Z,19383,1428,112,2398,876
T14011,9769,Testing!!!@@@###,api,2025-01-04T17:30:00.000Z,64,4013,711,2662,165
T14012,7387,Testing!!!@@@###,unknown,2025-01-04T15:16:00.000Z,18411,2028,577,942,1819
T14022,8950,Streaming $$$ working,android,2025-01-02T12:40:00.000Z,83,2851,403,514,892
T14023,7073,Error###Detected,web,2025-01-17T15:01:00.000Z,10027,4536,879,102,1149
T14024,5696,Love this!!! 😊,ios,2025-01-12T12:39:00.000Z,824,2471,636,1351,66
T14026,6442,Testing!!!@@@###,api,2025-01-20T19:19:00.000Z,12585,697,492,1505,1777
T14036,1179,Testing!!!@@@###,ios,2025-01-15T06:21:00.000Z,6353,185,134,2360,842
T14038,2650,Love this!!! 😊,api,2025-01-05T10:17:00.000Z,13366,4761,211,1326,1545
T14056,1256,Data pipeline broke @ midnight!!!,unknown,2025-01-21T06:41:00.000Z,15034,3786,266,1495,920
T14061,9593,Great product!!! #AI,android,2025-01-16T15:48:00.000Z,10497,4795,492,2505,1327
T14070,6679,Error###Detected,api,2025-01-10T10:19:00.000Z,10027,2753,404,891,61
T14072,3097,Great product!!! #AI,web,2025-01-22T05:00:00.000Z,3750,3970,410,2903,254
T14081,4505,Streaming $$$ working,android,2025-01-18T04:00:00.000Z,15028,2471,153,1034,108
T14099,4261,Testing!!!@@@###,android,2025-01-10T21:15:00.000Z,1989,4647,408,1487,507
T14100,3860,Love this!!! 😊,ios,2025-01-06T22:46:00.000Z,683,880,164,1176,1452
T14102,5424,Worst service ever :(,web,2025-01-10T11:28:00.000Z,10027,1831,205,267,1599
T14107,6819,Great product!!! #AI,api,2025-01-12T08:21:00.000Z,6623,4104,337,87,1315
T14111,8963,Spark > Hadoop ???,web,2025-01-15T23:21:00.000Z,8715,3906,632,1455,1181
T14130,3245,Great product!!! #AI,android,2025-01-21T01:59:00.000Z,2434,3057,492,1193,6
T14131,5781,Good & Bad mixed!!!,api,2025-01-03T02:32:00.000Z,8284,4785,873,599,1001
T14153,3273,Good & Bad mixed!!!,web,2025-01-16T01:14:00.000Z,9556,1968,409,1563,1001
T14159,3960,Error###Detected,web,2025-01-04T17:58:00.000Z,16725,1623,132,2899,1991
T14190,3683,Error###Detected,ios,2025-01-09T11:36:00.000Z,11612,2456,185,1393,1047
T14195,9726,Great product!!! #AI,web,2025-01-06T08:38:00.000Z,9591,774,594,52,1010
T14196,6372,Great product!!! #AI,web,2025-01-18T04:49:00.000Z,17400,2876,813,563,181
T14198,1255,Spark > Hadoop ???,api,2025-01-01T03:40:00.000Z,16337,1254,559,2365,840
T14260,2145,Spark > Hadoop ???,android,2025-01-15T16:13:00.000Z,7926,4575,426,2674,1643
T14263,9189,Null?? value??,ios,2025-01-23T07:27:00.000Z,17802,1786,807,2290,320
T14265,5360,Love this!!! 😊,ios,2025-01-17T16:38:00.000Z,572,139,760,108,171
T1427,3365,Data pipeline broke @ midnight!!!,web,2025-01-21T15:31:00.000Z,17735,861,953,747,955
T14272,6757,Error###Detected,ios,2025-01-16T07:35:00.000Z,19646,2938,482,2052,1072
T14277,7641,Data pipeline broke @ midnight!!!,android,2025-01-12T18:01:00.000Z,10027,3517,314,1187,565
T14290,4251,Error###Detected,ios,2025-01-06T22:52:00.000Z,2624,2471,573,1403,1001
T14291,3236,Null?? value??,android,2025-01-14T14:54:00.000Z,1032,2030,675,437,152
T14301,7124,Testing!!!@@@###,web,2025-01-16T15:09:00.000Z,19706,2243,548,1238,1631
T14326,5905,Error###Detected,android,2025-01-15T14:59:00.000Z,17915,127,362,1142,86
T14330,7067,Great product!!! #AI,ios,2025-01-13T17:25:00.000Z,18276,55,858,2836,874
T14335,5338,Streaming $$$ working,web,2025-01-23T20:14:00.000Z,3479,2827,728,658,569
T14342,4342,Data pipeline broke @ midnight!!!,web,2025-01-13T08:37:00.000Z,16895,2577,883,968,1244
T14352,1907,Streaming $$$ working,web,2025-01-20T15:18:00.000Z,12925,1732,802,1817,1155
T14359,7279,Good & Bad mixed!!!,web,2025-01-06T03:48:00.000Z,13611,2471,149,2419,1073
T14368,6007,Testing!!!@@@###,android,2025-01-03T13:47:00.000Z,17942,3467,290,2519,536
T14384,3235,Testing!!!@@@###,ios,2025-01-14T17:16:00.000Z,3936,4664,808,2718,1636
T14398,7190,Data pipeline broke @ midnight!!!,web,2025-01-10T16:07:00.000Z,16556,1264,187,2356,608
T14401,8505,Error###Detected,android,2025-01-01T17:58:00.000Z,13689,2147,492,1214,1001
T14424,1204,Streaming $$$ working,api,2025-01-23T20:21:00.000Z,2389,951,709,51,561
T14425,1996,Spark > Hadoop ???,web,2025-01-15T17:23:00.000Z,3404,3950,638,1126,208
T14426,7515,Good & Bad mixed!!!,web,2025-01-23T22:30:00.000Z,10100,1026,696,2242,1505
T14438,1258,Testing!!!@@@###,api,2025-01-13T00:25:00.000Z,9251,616,657,2095,1812
T14449,4423,Worst service ever :(,android,2025-01-02T18:53:00.000Z,19803,2471,966,1109,894
T14454,2140,Love this!!! 😊,api,2025-01-18T21:06:00.000Z,19210,1067,406,1890,1698
T14458,9088,Streaming $$$ working,ios,2025-01-14T16:00:00.000Z,11005,3449,82,1112,1997
T14461,2988,Null?? value??,ios,2025-01-05T06:03:00.000Z,10027,3087,328,1782,1147
T14479,5925,Error###Detected,android,2025-01-11T01:31:00.000Z,2394,775,996,2029,200
T1448,9744,Data pipeline broke @ midnight!!!,web,2025-01-13T06:10:00.000Z,11769,3573,454,1073,230
T14481,4974,Data pipeline broke @ midnight!!!,web,2025-01-04T05:29:00.000Z,3034,3831,219,2108,1788
T14507,7723,Great product!!! #AI,android,2025-01-08T16:05:00.000Z,19459,233,612,664,816
T14540,9065,Good & Bad mixed!!!,android,2025-01-20T21:55:00.000Z,2463,2872,339,579,1001
T14550,6720,Good & Bad mixed!!!,web,2025-01-18T14:52:00.000Z,12976,1080,30,1188,827
T14552,3130,Great product!!! #AI,ios,2025-01-18T23:31:00.000Z,13560,340,113,2008,163
T14564,6676,Worst service ever :(,android,2025-01-20T12:19:00.000Z,4614,699,93,1909,1470
T14573,8616,Great product!!! #AI,api,2025-01-02T07:25:00.000Z,7459,2364,369,966,325
T14575,5745,Testing!!!@@@###,android,2025-01-11T21:30:00.000Z,17855,759,396,1764,1677
T14577,7918,Data pipeline broke @ midnight!!!,android,2025-01-22T10:38:00.000Z,10027,477,70,279,358
T14586,6481,Great product!!! #AI,api,2025-01-04T12:31:00.000Z,8362,755,193,2090,1603
T14590,1493,Streaming $$$ working,api,2025-01-12T16:01:34.000Z,16605,3495,610,1855,508
T14595,4961,Worst service ever :(,api,2025-01-01T12:46:00.000Z,10027,2631,33,1052,545
T14606,8291,Spark > Hadoop ???,ios,2025-01-19T09:37:00.000Z,17744,1394,723,1744,1016
T14642,3662,Error###Detected,ios,2025-01-03T02:59:00.000Z,9207,139,904,934,1943
T1466,8823,Good & Bad mixed!!!,web,2025-01-19T01:38:00.000Z,15504,1323,483,2775,1047
T14672,6823,Error###Detected,ios,2025-01-21T20:58:00.000Z,11602,1761,605,856,927
T14679,9271,Error###Detected,unknown,2025-01-07T21:25:00.000Z,12436,1371,9,1207,874
T14685,3736,Null?? value??,api,2025-01-04T18:43:00.000Z,2014,3500,634,2336,304
T14690,5868,Streaming $$$ working,android,2025-01-09T00:08:00.000Z,13933,1589,612,1968,1958
T14695,3185,Good & Bad mixed!!!,web,2025-01-10T12:39:00.000Z,11250,2471,166,2290,1422
T1471,8034,Testing!!!@@@###,api,2025-01-19T00:17:00.000Z,9295,850,683,1187,1048
T14710,1825,Testing!!!@@@###,api,2025-01-20T13:36:00.000Z,14071,1277,311,1848,1755
T14711,2653,Spark > Hadoop ???,api,2025-01-18T21:16:00.000Z,3022,506,1000,108,783
T14715,3775,Data pipeline broke @ midnight!!!,web,2025-01-13T05:34:00.000Z,17457,2832,757,427,1430
T14716,7931,Testing!!!@@@###,web,2025-01-12T16:01:34.000Z,10027,1536,849,2341,406
T14724,9221,Good & Bad mixed!!!,api,2025-01-13T01:15:00.000Z,9713,4439,955,2101,523
T14735,2274,Null?? value??,api,2025-01-14T22:35:00.000Z,2590,2471,742,48,1113
T14743,6236,Null?? value??,api,2025-01-20T03:19:00.000Z,12068,4734,492,1669,1268
T14753,4085,Null?? value??,android,2025-01-01T16:03:00.000Z,18980,4896,532,1887,1280
T14760,2127,Null?? value??,unknown,2025-01-04T15:26:00.000Z,15954,2103,186,1320,1647
T14764,7497,Love this!!! 😊,android,2025-01-04T01:16:00.000Z,14398,3805,338,2320,927
T14768,4436,Testing!!!@@@###,web,2025-01-21T17:53:00.000Z,9939,1131,749,2903,203
T14769,1686,Streaming $$$ working,api,2025-01-18T17:33:00.000Z,10027,1466,39,615,1151
T1478,3424,Data pipeline broke @ midnight!!!,ios,2025-01-14T18:57:00.000Z,16973,3445,127,1487,816
T14785,2032,Testing!!!@@@###,web,2025-01-11T11:23:00.000Z,11653,4428,641,887,1835
T14787,2360,Good & Bad mixed!!!,android,2025-01-12T18:17:00.000Z,17095,1552,525,1862,1352
T14795,5581,Worst service ever :(,api,2025-01-01T02:11:00.000Z,6434,3623,597,2413,50
T1483,6004,Testing!!!@@@###,ios,2025-01-12T16:01:34.000Z,71,387,547,2997,146
T14832,8898,Null?? value??,api,2025-01-08T19:12:00.000Z,2393,378,630,1019,843
T14836,7279,Data pipeline broke @ midnight!!!,web,2025-01-03T12:12:00.000Z,1893,2435,492,341,1414
T14840,6908,Good & Bad mixed!!!,api,2025-01-10T21:26:00.000Z,11670,259,347,189,1604
T14841,1376,Null?? value??,api,2025-01-12T16:01:34.000Z,12580,1671,82,1857,433
T14842,6362,Love this!!! 😊,android,2025-01-20T04:54:00.000Z,11962,4886,847,2487,1572
T14851,3318,Error###Detected,api,2025-01-23T08:06:00.000Z,11859,2970,420,1764,1292
T14852,4239,Testing!!!@@@###,ios,2025-01-12T16:01:34.000Z,6639,4168,772,612,1728
T14866,9943,Error###Detected,android,2025-01-03T21:15:00.000Z,4625,3917,65,1507,1211
T14875,4055,Love this!!! 😊,web,2025-01-12T16:01:34.000Z,8002,3540,673,1768,1690
T14877,2447,Testing!!!@@@###,web,2025-01-10T23:01:00.000Z,9434,2882,51,808,1703
T14885,6220,Worst service ever :(,android,2025-01-19T21:53:00.000Z,2218,2311,300,404,1053
T14896,5266,Streaming $$$ working,web,2025-01-21T04:17:00.000Z,5671,4795,512,87,171
T14900,4814,Error###Detected,ios,2025-01-20T01:38:00.000Z,9436,2471,118,2346,1438
T14901,2101,Love this!!! 😊,api,2025-01-20T05:23:00.000Z,8483,2471,109,1487,82
T1491,5212,Love this!!! 😊,android,2025-01-21T03:16:00.000Z,19475,3872,369,1149,1612
T14913,6419,Null?? value??,ios,2025-01-13T17:12:00.000Z,17430,367,753,1144,1083
T14924,5472,Spark > Hadoop ???,android,2025-01-07T13:04:00.000Z,33,2230,999,1941,1583
T14925,6594,Good & Bad mixed!!!,web,2025-01-12T16:01:34.000Z,2800,4750,342,1151,1907
T14927,8205,Testing!!!@@@###,api,2025-01-16T12:17:00.000Z,2174,4835,358,2210,1555
T14939,5942,Love this!!! 😊,web,2025-01-14T18:41:00.000Z,18167,2054,492,1206,339
T14945,5351,Worst service ever :(,api,2025-01-18T07:04:00.000Z,2534,970,866,2307,1001
T14946,9547,Error###Detected,web,2025-01-12T18:47:00.000Z,18301,4257,108,1134,725
T14958,7347,Good & Bad mixed!!!,ios,2025-01-18T20:02:00.000Z,5243,412,208,1284,1613
T1496,9166,Error###Detected,ios,2025-01-01T06:07:00.000Z,19646,89,373,2233,1527
T14967,1591,Data pipeline broke @ midnight!!!,web,2025-01-20T22:46:00.000Z,10935,41,964,1014,1889
T14969,6274,Streaming $$$ working,api,2025-01-03T01:20:00.000Z,15618,4157,949,909,1555
T14989,6051,Data pipeline broke @ midnight!!!,ios,2025-01-13T06:12:00.000Z,5593,2038,393,98,721
T15007,1152,Great product!!! #AI,android,2025-01-22T21:24:00.000Z,19142,4664,710,1040,65
T1502,1201,Good & Bad mixed!!!,android,2025-01-22T01:03:00.000Z,18266,3545,258,1836,349
T15034,8362,Good & Bad mixed!!!,ios,2025-01-07T12:01:00.000Z,14363,3689,487,1291,587
T1504,9189,Streaming $$$ working,ios,2025-01-07T23:36:00.000Z,13770,1045,707,411,767
T15040,7034,Error###Detected,api,2025-01-06T22:26:00.000Z,18306,63,471,2397,648
T15047,3257,Null?? value??,android,2025-01-04T22:02:00.000Z,10027,3504,911,2622,265
T1505,6036,Testing!!!@@@###,android,2025-01-18T06:35:00.000Z,4990,2471,220,2609,769
T15061,6208,Data pipeline broke @ midnight!!!,android,2025-01-21T19:25:00.000Z,10746,4469,698,160,1904
T15064,7942,Null?? value??,android,2025-01-11T11:39:00.000Z,601,4176,800,292,1396
T15075,2984,Testing!!!@@@###,ios,2025-01-22T06:19:00.000Z,10345,4975,664,1487,1001
T15088,9240,Spark > Hadoop ???,api,2025-01-07T21:31:00.000Z,6403,1359,92,2335,1691
T15094,4167,Testing!!!@@@###,android,2025-01-09T04:51:00.000Z,7388,4504,775,2966,97
T15099,9424,Null?? value??,web,2025-01-02T02:17:00.000Z,19295,243,35,2750,648
T15103,5558,Data pipeline broke @ midnight!!!,ios,2025-01-21T17:52:00.000Z,6160,2533,593,114,1919
T1511,8577,Testing!!!@@@###,ios,2025-01-13T18:28:00.000Z,11836,2861,353,550,240
T15119,6098,Null?? value??,api,2025-01-12T13:19:00.000Z,16793,2737,715,1487,659
T1512,8543,Good & Bad mixed!!!,api,2025-01-05T21:47:00.000Z,5906,2274,693,2137,1792
T15125,5621,Spark > Hadoop ???,web,2025-01-12T16:01:34.000Z,15775,2754,778,2560,1054
T15137,4416,Data pipeline broke @ midnight!!!,web,2025-01-04T21:54:00.000Z,12573,1733,625,1487,1474
T15171,2291,Testing!!!@@@###,android,2025-01-01T20:32:00.000Z,146,1300,634,2647,45
T15181,4573,Error###Detected,web,2025-01-12T16:01:34.000Z,688,2886,653,2277,726
T15190,9792,Great product!!! #AI,api,2025-01-23T02:37:00.000Z,434,3706,759,797,252
T15194,9747,Streaming $$$ working,android,2025-01-18T22:38:00.000Z,6601,4987,671,1268,1998
T1520,7181,Spark > Hadoop ???,web,2025-01-18T08:36:00.000Z,14514,3244,600,758,532
T15200,2620,Good & Bad mixed!!!,web,2025-01-12T16:01:34.000Z,10621,2997,324,136,1350
T15217,7189,Great product!!! #AI,web,2025-01-20T09:03:00.000Z,1245,3583,247,1269,1676
T15259,2121,Streaming $$$ working,android,2025-01-12T00:49:00.000Z,8796,3420,71,1487,35
T15284,7331,Null?? value??,ios,2025-01-23T11:51:00.000Z,2113,280,809,1517,1407
T15291,5687,Null?? value??,api,2025-01-01T11:15:00.000Z,4778,2750,905,1980,1119
T15296,6795,Great product!!! #AI,ios,2025-01-15T16:53:00.000Z,11734,4094,633,199,1242
T15301,9804,Worst service ever :(,ios,2025-01-18T06:14:00.000Z,13830,2925,66,638,1001
T15314,2184,Null?? value??,android,2025-01-08T15:36:00.000Z,17690,4559,889,1754,1001
T15332,4284,Spark > Hadoop ???,api,2025-01-12T16:01:34.000Z,973,4621,438,2403,1199
T15341,2299,Love this!!! 😊,ios,2025-01-17T21:05:00.000Z,3226,4118,737,644,1965
T15347,2836,Data pipeline broke @ midnight!!!,ios,2025-01-01T03:11:00.000Z,474,3322,134,2567,1536
T15353,4954,Good & Bad mixed!!!,android,2025-01-18T20:42:00.000Z,3974,2778,163,1068,943
T15354,4468,Testing!!!@@@###,android,2025-01-15T09:10:00.000Z,19638,2701,321,611,1513
T15357,3342,Error###Detected,web,2025-01-22T07:27:00.000Z,775,2808,935,1920,495
T15376,3869,Error###Detected,android,2025-01-12T16:01:34.000Z,8624,3090,852,1298,1553
T15402,2769,Good & Bad mixed!!!,android,2025-01-01T09:03:00.000Z,5477,2483,115,2974,646
T15407,1112,Testing!!!@@@###,api,2025-01-09T10:29:00.000Z,8003,3255,744,751,471
T1541,6374,Data pipeline broke @ midnight!!!,web,2025-01-12T20:02:00.000Z,2825,1140,844,2650,1462
T15426,3578,Null?? value??,android,2025-01-11T11:27:00.000Z,17232,4964,742,763,1200
T15441,6221,Streaming $$$ working,ios,2025-01-19T14:13:00.000Z,6111,1865,3,2003,901
T15444,2753,Good & Bad mixed!!!,android,2025-01-14T21:38:00.000Z,12379,114,913,1009,1651
T15449,9964,Data pipeline broke @ midnight!!!,android,2025-01-02T22:16:00.000Z,3840,485,761,2758,1764
T15451,7000,Spark > Hadoop ???,android,2025-01-07T00:45:00.000Z,6049,1322,63,1487,470
T15470,5026,Love this!!! 😊,unknown,2025-01-22T22:34:00.000Z,19594,2948,184,1404,735
T15491,1499,Error###Detected,ios,2025-01-13T05:17:00.000Z,7879,1968,148,2328,216
T1550,4998,Worst service ever :(,android,2025-01-14T00:52:00.000Z,829,2052,609,227,756
T15505,6871,Streaming $$$ working,web,2025-01-18T04:06:00.000Z,19360,3548,588,2157,74
T15516,7795,Great product!!! #AI,ios,2025-01-06T01:33:00.000Z,10027,600,303,1482,1753
T15523,4638,Love this!!! 😊,api,2025-01-14T06:31:00.000Z,5200,3609,310,13,722
T1553,5450,Love this!!! 😊,ios,2025-01-12T16:01:34.000Z,5746,3822,492,1500,1819
T15543,4590,Worst service ever :(,ios,2025-01-18T10:45:00.000Z,7002,3461,678,261,177
T15544,7296,Worst service ever :(,web,2025-01-20T14:17:00.000Z,12601,270,492,32,514
T15549,1351,Worst service ever :(,api,2025-01-05T10:01:00.000Z,19590,2769,232,1151,11
T15555,4286,Error###Detected,api,2025-01-22T23:39:00.000Z,4091,2169,593,1911,1001
T15565,3493,Worst service ever :(,ios,2025-01-05T19:48:00.000Z,9149,1557,939,1154,1705
T15569,3422,Streaming $$$ working,android,2025-01-06T17:16:00.000Z,7738,1636,830,680,177
T15573,8015,Error###Detected,ios,2025-01-13T00:38:00.000Z,1931,1809,547,850,343
T15574,3956,Worst service ever :(,api,2025-01-12T10:47:00.000Z,1184,1259,657,102,1829
T15610,6795,Great product!!! #AI,api,2025-01-01T09:20:00.000Z,10027,1276,211,803,1850
T15613,7934,Streaming $$$ working,web,2025-01-23T05:35:00.000Z,6287,1663,417,24,1338
T15615,4535,Great product!!! #AI,api,2025-01-21T11:51:00.000Z,2118,1613,228,2823,1525
T15616,8525,Worst service ever :(,android,2025-01-13T06:28:00.000Z,1142,963,375,1182,624
T15630,4547,Love this!!! 😊,ios,2025-01-13T00:03:00.000Z,15397,1196,931,461,1316
T15631,3442,Good & Bad mixed!!!,android,2025-01-02T07:14:00.000Z,13726,2876,695,1487,7
T15661,8464,Good & Bad mixed!!!,ios,2025-01-17T00:30:00.000Z,1406,3278,635,230,545
T15665,6308,Streaming $$$ working,api,2025-01-13T18:02:00.000Z,10027,2775,675,1891,1246
T15670,9581,Spark > Hadoop ???,ios,2025-01-12T16:01:34.000Z,15941,3111,145,2744,1001
T15678,3749,Null?? value??,api,2025-01-21T00:47:00.000Z,15085,1950,867,593,412
T15680,6145,Great product!!! #AI,web,2025-01-06T20:51:00.000Z,11807,2904,567,174,679
T15681,5430,Great product!!! #AI,web,2025-01-02T16:21:00.000Z,10027,483,556,69,1672
T15682,3255,Good & Bad mixed!!!,ios,2025-01-07T09:27:00.000Z,18456,201,42,669,1769
T15689,8662,Null?? value??,ios,2025-01-16T17:11:00.000Z,9666,4122,84,237,1298
T1570,4877,Spark > Hadoop ???,android,2025-01-07T03:36:00.000Z,6489,2445,259,990,1128
T15702,7412,Streaming $$$ working,api,2025-01-18T06:00:00.000Z,15583,3404,753,2125,483
T15706,6425,Testing!!!@@@###,android,2025-01-08T00:18:00.000Z,18168,2668,492,1376,1009
T15712,6434,Worst service ever :(,ios,2025-01-21T16:22:00.000Z,9684,708,208,358,711
T15725,1860,Love this!!! 😊,android,2025-01-03T06:44:00.000Z,19599,4460,911,678,1585
T15726,1073,Testing!!!@@@###,api,2025-01-14T08:47:00.000Z,11111,4150,492,2279,1549
T15732,4507,Great product!!! #AI,api,2025-01-15T07:01:00.000Z,290,667,258,2003,50
T15738,4110,Good & Bad mixed!!!,api,2025-01-20T23:50:00.000Z,13116,4769,139,325,1612
T15742,5989,Streaming $$$ working,api,2025-01-12T16:01:34.000Z,728,970,675,1291,999
T15787,9275,Testing!!!@@@###,android,2025-01-05T03:32:00.000Z,19693,4374,548,428,1706
T15794,6625,Love this!!! 😊,android,2025-01-01T14:54:00.000Z,5345,1488,806,37,162
T15802,4995,Love this!!! 😊,web,2025-01-12T16:01:34.000Z,3218,2672,676,1352,488
T15805,2372,Data pipeline broke @ midnight!!!,android,2025-01-01T22:15:00.000Z,16402,4581,624,1193,359
T15808,5464,Good & Bad mixed!!!,api,2025-01-06T09:26:00.000Z,10027,1287,251,888,1885
T15845,8683,Streaming $$$ working,ios,2025-01-18T04:31:00.000Z,741,3378,414,1359,1419
T15848,1527,Worst service ever :(,api,2025-01-05T17:19:00.000Z,10027,3426,45,184,640
T15862,7313,Love this!!! 😊,android,2025-01-06T07:21:00.000Z,16895,4221,68,216,876
T15875,6159,Null?? value??,web,2025-01-17T06:34:00.000Z,10027,2419,52,2409,1737
T15877,8966,Streaming $$$ working,web,2025-01-05T15:24:00.000Z,9608,3635,59,2497,50
T15878,6445,Great product!!! #AI,api,2025-01-19T04:25:00.000Z,17524,3918,307,1815,128
T15880,1122,Data pipeline broke @ midnight!!!,web,2025-01-11T03:14:00.000Z,16266,2471,822,1496,1744
T15887,8809,Spark > Hadoop ???,android,2025-01-16T16:08:00.000Z,3875,4697,687,2423,981
T15888,6232,Null?? value??,ios,2025-01-23T20:28:00.000Z,5144,1503,582,2171,1475
T15923,5755,Worst service ever :(,unknown,2025-01-02T17:57:00.000Z,5262,3544,240,236,660
T15932,5882,Love this!!! 😊,api,2025-01-03T22:05:00.000Z,13492,4116,354,1690,1302
T15938,7924,Great product!!! #AI,android,2025-01-11T16:59:00.000Z,13348,2625,819,899,743
T15956,3497,Data pipeline broke @ midnight!!!,web,2025-01-12T11:55:00.000Z,6054,4667,559,2619,1094
T15958,5864,Love this!!! 😊,unknown,2025-01-03T16:57:00.000Z,18679,2471,372,286,1086
T15962,2786,Streaming $$$ working,api,2025-01-14T13:14:00.000Z,10027,572,530,2128,448
T15995,2105,Error###Detected,ios,2025-01-16T00:48:00.000Z,13376,3314,249,2343,1743
T15997,1208,Error###Detected,api,2025-01-16T16:03:00.000Z,8426,266,984,738,1001
T16,6788,Love this!!! 😊,ios,2025-01-09T03:16:00.000Z,5302,3113,330,809,1001
T160,7812,Great product!!! #AI,android,2025-01-10T04:35:00.000Z,10027,4198,502,2732,995
T16002,6046,Data pipeline broke @ midnight!!!,android,2025-01-08T18:57:00.000Z,12704,2367,137,544,726
T16022,2775,Spark > Hadoop ???,api,2025-01-10T13:49:00.000Z,13909,4453,356,390,798
T16032,8846,Worst service ever :(,web,2025-01-12T16:01:34.000Z,14734,3500,40,15,137
T16036,6196,Testing!!!@@@###,api,2025-01-08T05:54:00.000Z,10754,3154,246,1652,127
T16046,5878,Streaming $$$ working,api,2025-01-09T00:17:00.000Z,10027,528,564,140,1381
T16048,2369,Null?? value??,api,2025-01-12T22:31:00.000Z,17990,274,343,103,1726
T16059,6431,Love this!!! 😊,web,2025-01-20T01:30:00.000Z,17194,2713,492,2896,883
T16066,5376,Love this!!! 😊,unknown,2025-01-16T08:18:00.000Z,16972,2471,618,2863,105
T16076,4519,Great product!!! #AI,ios,2025-01-12T16:01:34.000Z,8604,4585,586,2357,178
T1611,7992,Error###Detected,ios,2025-01-21T23:50:00.000Z,14411,2828,492,1487,796
T16110,5388,Spark > Hadoop ???,ios,2025-01-12T13:37:00.000Z,7097,483,248,448,845
T16115,6468,Error###Detected,ios,2025-01-18T05:40:00.000Z,18329,2945,606,2287,1001
T1613,8230,Error###Detected,ios,2025-01-07T23:44:00.000Z,18861,4903,904,1745,1506
T16130,4722,Love this!!! 😊,unknown,2025-01-13T16:44:00.000Z,1297,3270,710,977,159
T16135,8977,Error###Detected,android,2025-01-23T22:55:00.000Z,12666,4914,167,2307,1793
T16155,3307,Love this!!! 😊,web,2025-01-14T12:22:00.000Z,9798,2413,866,2047,915
T16174,5967,Streaming $$$ working,unknown,2025-01-15T05:50:00.000Z,11428,1549,126,2093,1576
T1618,6352,Good & Bad mixed!!!,ios,2025-01-13T04:05:00.000Z,10381,4934,583,2470,433
T16199,9926,Error###Detected,api,2025-01-08T09:55:00.000Z,1887,1545,420,1396,951
T1620,9258,Worst service ever :(,android,2025-01-13T09:41:00.000Z,10027,1449,298,1516,1346
T16210,4700,Null?? value??,android,2025-01-09T15:15:00.000Z,6045,4432,205,1046,645
T16242,6407,Testing!!!@@@###,web,2025-01-17T05:47:00.000Z,17138,3351,744,2619,1692
T16247,7730,Error###Detected,ios,2025-01-03T17:49:00.000Z,11284,2594,233,2081,1522
T16250,7403,Testing!!!@@@###,unknown,2025-01-09T22:20:00.000Z,14102,4125,754,561,1296
T16252,1338,Testing!!!@@@###,android,2025-01-15T11:07:00.000Z,19485,1692,109,905,1001
T16285,1174,Testing!!!@@@###,android,2025-01-18T15:35:00.000Z,3160,1995,643,2391,1317
T1629,6654,Null?? value??,api,2025-01-11T07:00:00.000Z,8824,2179,358,132,1243
T163,1953,Error###Detected,android,2025-01-22T05:05:00.000Z,8131,1619,492,2346,276
T16301,3694,Streaming $$$ working,api,2025-01-24T03:09:00.000Z,11377,135,6,2046,1001
T16321,5391,Love this!!! 😊,ios,2025-01-01T21:30:00.000Z,5938,4152,650,1891,719
T16341,7344,Good & Bad mixed!!!,web,2025-01-13T15:20:00.000Z,19516,2869,294,1272,723
T16354,2100,Spark > Hadoop ???,ios,2025-01-21T01:11:00.000Z,3933,2695,700,744,1278
T16373,8120,Null?? value??,android,2025-01-12T16:01:34.000Z,18170,2471,145,354,330
T16390,4134,Worst service ever :(,ios,2025-01-14T00:27:00.000Z,15805,1282,323,1945,466
T16393,9395,Data pipeline broke @ midnight!!!,api,2025-01-20T10:19:00.000Z,10206,1731,510,337,1674
T16407,9809,Error###Detected,web,2025-01-10T01:41:00.000Z,10027,810,172,125,216
T1643,7312,Great product!!! #AI,web,2025-01-12T16:01:34.000Z,18402,541,492,54,1543
T16434,1753,Streaming $$$ working,api,2025-01-23T08:32:00.000Z,10894,991,286,2004,1258
T16436,9837,Worst service ever :(,web,2025-01-18T02:35:00.000Z,5017,4226,520,961,1212
T16437,4996,Error###Detected,ios,2025-01-12T16:01:34.000Z,4506,4344,185,2348,1646
T16439,7001,Love this!!! 😊,web,2025-01-22T02:05:00.000Z,4367,2471,514,2887,1124
T16448,6777,Worst service ever :(,ios,2025-01-13T01:29:00.000Z,6489,2878,798,2869,1981
T1648,7011,Null?? value??,api,2025-01-19T16:26:00.000Z,641,2877,20,1487,795
T16481,7852,Null?? value??,api,2025-01-14T11:51:00.000Z,2704,3786,448,1675,757
T16485,9457,Spark > Hadoop ???,api,2025-01-14T14:06:00.000Z,2035,4350,832,1487,597
T16498,8692,Spark > Hadoop ???,api,2025-01-11T09:27:00.000Z,743,1147,760,2910,1517
T16506,4466,Great product!!! #AI,ios,2025-01-15T05:59:00.000Z,8204,445,634,2863,329
T16514,9034,Testing!!!@@@###,android,2025-01-15T23:06:00.000Z,1930,4517,344,1698,795
T16515,6112,Spark > Hadoop ???,web,2025-01-17T05:54:00.000Z,18401,2471,193,1582,712
T16537,8184,Great product!!! #AI,android,2025-01-19T17:10:00.000Z,15197,2471,910,96,851
T16549,2046,Testing!!!@@@###,android,2025-01-11T00:05:00.000Z,18563,791,490,2588,787
T1655,4675,Great product!!! #AI,android,2025-01-16T09:28:00.000Z,19086,2239,492,358,342
T16552,6921,Love this!!! 😊,api,2025-01-12T16:01:34.000Z,7883,1207,322,2559,1800
T16559,8499,Worst service ever :(,android,2025-01-17T23:43:00.000Z,2660,2454,372,1487,1675
T16602,9935,Spark > Hadoop ???,ios,2025-01-05T02:32:00.000Z,15969,989,564,642,67
T16610,9074,Error###Detected,unknown,2025-01-19T05:43:00.000Z,17515,4214,824,293,1514
T16624,8158,Error###Detected,web,2025-01-08T18:49:00.000Z,12142,592,777,2322,467
T16636,6023,Spark > Hadoop ???,android,2025-01-11T14:35:00.000Z,19365,4063,585,1487,541
T1664,7493,Good & Bad mixed!!!,web,2025-01-18T14:02:00.000Z,408,1076,862,2546,96
T16645,9201,Data pipeline broke @ midnight!!!,web,2025-01-02T05:39:00.000Z,13319,1542,533,2017,1072
T16650,6549,Great product!!! #AI,web,2025-01-07T15:22:00.000Z,400,3831,492,766,108
T16655,6525,Good & Bad mixed!!!,api,2025-01-01T05:05:00.000Z,4209,667,111,1934,1638
T1666,2033,Null?? value??,web,2025-01-03T15:27:00.000Z,17585,836,228,363,1306
T16666,7444,Streaming $$$ working,android,2025-01-03T17:51:00.000Z,14758,4820,263,2832,1876
T16677,9297,Null?? value??,web,2025-01-11T13:31:00.000Z,14558,2471,930,1487,1815
T16686,9591,Spark > Hadoop ???,web,2025-01-16T03:19:00.000Z,1671,3480,492,1154,1832
T16691,1381,Streaming $$$ working,ios,2025-01-18T19:15:00.000Z,5695,746,560,1266,341
T16696,1082,Good & Bad mixed!!!,web,2025-01-04T02:03:00.000Z,3551,2561,492,2400,25
T16699,8108,Streaming $$$ working,web,2025-01-17T20:18:00.000Z,14139,1276,350,2320,115
T16726,6091,Worst service ever :(,ios,2025-01-12T03:08:00.000Z,18554,3245,264,1997,28
T16742,6280,Good & Bad mixed!!!,api,2025-01-07T09:22:00.000Z,10027,3368,677,1003,1121
T16752,1028,Data pipeline broke @ midnight!!!,web,2025-01-01T11:33:00.000Z,5643,1031,918,1144,333
T16759,5761,Streaming $$$ working,api,2025-01-17T04:31:00.000Z,9264,933,451,1165,1001
T16763,5318,Worst service ever :(,ios,2025-01-18T00:40:00.000Z,7988,2113,91,2073,1773
T1677,2227,Worst service ever :(,api,2025-01-03T16:00:00.000Z,2392,2471,97,458,1851
T16783,8671,Data pipeline broke @ midnight!!!,ios,2025-01-16T12:18:00.000Z,8046,200,209,1549,404
T16799,5486,Testing!!!@@@###,web,2025-01-18T09:44:00.000Z,3162,2603,964,2997,1006
T16806,8868,Null?? value??,android,2025-01-18T13:07:00.000Z,16753,1496,492,1537,47
T1682,3346,Error###Detected,api,2025-01-06T15:56:00.000Z,13536,701,658,2362,975
T16822,2085,Streaming $$$ working,android,2025-01-23T04:00:00.000Z,13335,614,330,1199,956
T16823,3887,Spark > Hadoop ???,api,2025-01-07T09:48:00.000Z,64,4438,853,2874,594
T16824,1734,Error###Detected,ios,2025-01-07T15:37:00.000Z,13143,3950,407,1487,1735
T16838,1653,Testing!!!@@@###,web,2025-01-18T12:53:00.000Z,8582,3153,123,907,659
T1684,1690,Data pipeline broke @ midnight!!!,android,2025-01-07T20:45:00.000Z,19810,1469,987,1236,937
T16875,9433,Streaming $$$ working,web,2025-01-10T23:45:00.000Z,10353,2875,506,2809,1091
T16876,5977,Streaming $$$ working,api,2025-01-18T01:07:00.000Z,1700,1684,408,1487,1884
T16886,4260,Good & Bad mixed!!!,api,2025-01-22T00:41:00.000Z,5325,3053,506,1229,874
T16903,7928,Good & Bad mixed!!!,web,2025-01-20T00:06:00.000Z,17641,2517,754,1487,630
T16913,4276,Streaming $$$ working,ios,2025-01-04T20:14:00.000Z,6913,1297,690,1487,754
T16934,4386,Testing!!!@@@###,web,2025-01-03T00:55:00.000Z,10274,337,317,138,310
T16946,4868,Testing!!!@@@###,web,2025-01-08T11:12:00.000Z,18046,1034,492,2245,1058
T16974,4886,Data pipeline broke @ midnight!!!,ios,2025-01-19T17:18:00.000Z,14144,710,592,1515,219
T16989,4847,Love this!!! 😊,ios,2025-01-22T22:38:00.000Z,8717,2471,228,218,1520
T1699,7551,Streaming $$$ working,api,2025-01-23T05:31:00.000Z,6582,1128,882,329,365
T16990,2333,Worst service ever :(,android,2025-01-12T16:01:34.000Z,10027,2047,80,1069,794
T1701,7914,Data pipeline broke @ midnight!!!,web,2025-01-06T20:55:00.000Z,15958,3480,389,411,1810
T17022,2335,Error###Detected,unknown,2025-01-11T01:39:00.000Z,18797,2539,888,167,242
T17026,8774,Testing!!!@@@###,ios,2025-01-12T22:17:00.000Z,758,2389,283,1274,1661
T17041,9587,Data pipeline broke @ midnight!!!,api,2025-01-02T16:16:00.000Z,11939,1415,356,1764,998
T17049,2116,Good & Bad mixed!!!,ios,2025-01-01T06:42:00.000Z,8765,1918,448,1772,1584
T17075,5629,Spark > Hadoop ???,ios,2025-01-12T15:33:00.000Z,5676,121,492,175,278
T17078,1104,Spark > Hadoop ???,ios,2025-01-04T10:44:00.000Z,16424,2957,148,900,1720
T17083,8546,Good & Bad mixed!!!,ios,2025-01-21T14:03:00.000Z,10027,306,964,1475,1185
T17089,6221,Worst service ever :(,ios,2025-01-05T14:10:00.000Z,815,1541,623,1203,1045
T17091,6965,Data pipeline broke @ midnight!!!,android,2025-01-01T07:46:00.000Z,10100,1984,862,1473,260
T171,1699,Testing!!!@@@###,ios,2025-01-23T01:59:00.000Z,18246,341,247,2642,11
T17102,1260,Streaming $$$ working,ios,2025-01-04T00:32:00.000Z,3541,1293,161,1925,874
T17116,4191,Testing!!!@@@###,web,2025-01-11T05:00:00.000Z,1102,4463,525,2838,1001
T17118,4745,Data pipeline broke @ midnight!!!,android,2025-01-10T04:14:00.000Z,11949,1037,626,707,707
T17123,9720,Spark > Hadoop ???,unknown,2025-01-05T21:50:00.000Z,17175,214,492,1557,432
T17140,4828,Great product!!! #AI,android,2025-01-23T04:06:00.000Z,6100,403,478,1487,931
T17143,8229,Data pipeline broke @ midnight!!!,android,2025-01-10T10:35:00.000Z,1873,4569,746,1487,313
T17146,4926,Testing!!!@@@###,android,2025-01-12T16:01:34.000Z,10227,1914,748,1778,1943
T17154,7867,Streaming $$$ working,unknown,2025-01-18T17:17:00.000Z,17880,3054,258,256,812
T17159,3267,Great product!!! #AI,ios,2025-01-05T15:27:00.000Z,10397,3564,492,667,1812
T17165,5743,Good & Bad mixed!!!,web,2025-01-12T16:01:34.000Z,3495,2282,713,2841,1412
T17170,2903,Love this!!! 😊,api,2025-01-10T03:15:00.000Z,172,1686,705,719,293
T17176,3743,Great product!!! #AI,unknown,2025-01-02T07:40:00.000Z,10966,1679,134,1487,407
T17197,2767,Worst service ever :(,api,2025-01-14T07:38:00.000Z,10938,3732,192,207,195
T17201,3465,Null?? value??,android,2025-01-01T06:14:00.000Z,8852,4498,387,2866,1083
T17211,5803,Love this!!! 😊,web,2025-01-19T05:59:00.000Z,12031,2619,684,56,1646
T17215,7269,Good & Bad mixed!!!,android,2025-01-10T06:51:00.000Z,9981,3598,550,1680,319
T1722,8924,Error###Detected,android,2025-01-12T16:01:34.000Z,14296,3277,622,462,69
T17223,6832,Streaming $$$ working,api,2025-01-07T00:32:00.000Z,139,646,877,2558,557
T17225,8901,Spark > Hadoop ???,web,2025-01-01T22:07:00.000Z,18153,2652,153,1645,1477
T17231,1949,Null?? value??,web,2025-01-19T06:58:00.000Z,1440,940,492,1502,53
T17232,8166,Null?? value??,ios,2025-01-10T18:43:00.000Z,5190,4857,492,2091,1001
T17237,6063,Streaming $$$ working,android,2025-01-19T06:45:00.000Z,17161,211,482,2038,792
T17242,4356,Error###Detected,web,2025-01-20T20:27:00.000Z,8271,2373,115,2523,1176
T17251,8553,Worst service ever :(,unknown,2025-01-21T12:17:00.000Z,7168,2165,669,2471,376
T17288,5881,Error###Detected,ios,2025-01-16T11:33:00.000Z,19491,834,443,2839,1483
T17296,2433,Null?? value??,android,2025-01-09T16:34:00.000Z,14867,1285,689,2065,1425
T17302,7714,Good & Bad mixed!!!,ios,2025-01-14T07:36:00.000Z,2971,2244,168,2014,1640
T1731,9788,Error###Detected,ios,2025-01-21T08:29:00.000Z,10027,3515,557,2634,890
T17335,9635,Error###Detected,ios,2025-01-11T20:30:00.000Z,43,2471,717,1030,1999
T17337,1288,Null?? value??,api,2025-01-12T16:01:34.000Z,3324,3746,826,1487,962
T17340,9194,Great product!!! #AI,web,2025-01-07T18:12:00.000Z,15263,1124,526,2279,231
T17344,8212,Data pipeline broke @ midnight!!!,ios,2025-01-12T16:01:34.000Z,16035,1058,344,1700,627
T17353,2983,Worst service ever :(,api,2025-01-03T23:00:00.000Z,19692,3244,527,844,1767
T17360,6386,Spark > Hadoop ???,web,2025-01-15T03:51:00.000Z,8530,151,57,371,536
T17368,9725,Null?? value??,api,2025-01-21T10:54:00.000Z,6704,1729,76,1912,611
T17370,1282,Null?? value??,web,2025-01-13T00:21:00.000Z,2294,4604,269,2118,1975
T17372,2189,Testing!!!@@@###,web,2025-01-21T02:48:00.000Z,14946,3192,400,1287,506
T17386,7634,Null?? value??,web,2025-01-03T04:34:00.000Z,2247,1851,118,1444,1119
T17408,1957,Good & Bad mixed!!!,web,2025-01-17T09:27:00.000Z,18086,2074,164,2310,888
T17420,7968,Spark > Hadoop ???,unknown,2025-01-08T14:53:00.000Z,4255,3465,66,832,1768
T17423,2399,Null?? value??,ios,2025-01-05T03:24:00.000Z,7233,1618,462,1487,1670
T17428,9872,Data pipeline broke @ midnight!!!,api,2025-01-12T16:01:34.000Z,19458,2471,796,2858,1793
T1744,2255,Data pipeline broke @ midnight!!!,web,2025-01-05T11:25:00.000Z,2796,729,461,1745,601
T17450,8097,Streaming $$$ working,android,2025-01-07T20:29:00.000Z,15577,4282,798,26,1903
T17485,4620,Error###Detected,api,2025-01-22T13:20:00.000Z,11592,1248,440,351,1249
T17488,2458,Streaming $$$ working,web,2025-01-23T07:21:00.000Z,3467,1971,282,950,534
T17492,8787,Null?? value??,unknown,2025-01-13T00:54:00.000Z,657,4788,848,2357,1795
T17494,7857,Worst service ever :(,ios,2025-01-06T11:49:00.000Z,13989,2410,685,2654,1649
T17505,2389,Error###Detected,ios,2025-01-12T16:01:34.000Z,3111,2471,755,1296,653
T17507,3128,Null?? value??,api,2025-01-17T11:16:00.000Z,4596,1134,198,2063,203
T17509,4623,Testing!!!@@@###,web,2025-01-08T18:20:00.000Z,3465,732,795,415,831
T1751,4780,Spark > Hadoop ???,api,2025-01-13T06:45:00.000Z,11077,1789,499,2287,1001
T17516,2670,Data pipeline broke @ midnight!!!,android,2025-01-07T09:43:00.000Z,11316,1292,719,1371,1458
T17524,6724,Love this!!! 😊,android,2025-01-07T20:37:00.000Z,3951,4184,756,860,1932
T17534,3025,Love this!!! 😊,web,2025-01-11T01:23:00.000Z,10027,4973,309,1487,215
T17543,5959,Null?? value??,web,2025-01-21T10:10:00.000Z,8503,124,492,436,1032
T17549,2391,Spark > Hadoop ???,ios,2025-01-11T12:12:00.000Z,5623,1718,848,1620,800
T1755,8118,Love this!!! 😊,api,2025-01-11T23:10:00.000Z,15508,4487,641,1782,327
T17553,7720,Love this!!! 😊,web,2025-01-18T07:48:00.000Z,12491,4078,264,898,154
T17559,2453,Error###Detected,api,2025-01-23T11:50:00.000Z,19328,1175,233,2672,400
T17563,7029,Love this!!! 😊,android,2025-01-23T08:24:00.000Z,9525,699,938,1924,1948
T17565,2778,Testing!!!@@@###,unknown,2025-01-18T17:33:00.000Z,12106,666,257,1487,67
T17572,8024,Streaming $$$ working,web,2025-01-05T00:59:00.000Z,15516,4533,112,1985,854
T17586,2811,Spark > Hadoop ???,web,2025-01-12T05:50:00.000Z,16998,526,115,932,1041
T17589,1043,Data pipeline broke @ midnight!!!,ios,2025-01-15T01:44:00.000Z,4951,1659,508,2954,1965
T17596,7551,Error###Detected,android,2025-01-02T15:35:00.000Z,6691,2820,729,1368,1801
T17617,3928,Spark > Hadoop ???,ios,2025-01-15T14:52:00.000Z,1125,2495,549,758,441
T17621,7178,Error###Detected,web,2025-01-09T17:27:00.000Z,12319,577,14,133,1152
T17622,6863,Testing!!!@@@###,ios,2025-01-20T02:27:00.000Z,17004,2471,259,1899,357
T17636,6371,Great product!!! #AI,web,2025-01-20T19:36:00.000Z,17224,2367,635,1617,1149
T17643,8608,Error###Detected,android,2025-01-15T05:06:00.000Z,11540,1710,176,1771,799
T17646,8702,Null?? value??,web,2025-01-05T14:15:00.000Z,11541,2484,728,1966,885
T17658,6865,Great product!!! #AI,web,2025-01-11T12:52:00.000Z,1475,389,487,1565,1448
T17661,8498,Data pipeline broke @ midnight!!!,ios,2025-01-01T08:42:00.000Z,19855,531,906,1180,1125
T17665,2643,Spark > Hadoop ???,api,2025-01-18T08:13:00.000Z,16567,2631,54,2124,991
T17670,3087,Error###Detected,web,2025-01-17T11:26:00.000Z,11489,2396,947,1903,1183
T17673,9560,Error###Detected,ios,2025-01-09T16:50:00.000Z,18633,3149,612,140,275
T17695,3160,Good & Bad mixed!!!,web,2025-01-19T04:36:00.000Z,10027,163,164,146,1998
T17712,6134,Spark > Hadoop ???,api,2025-01-02T13:52:00.000Z,18485,4408,207,661,1974
T17714,1142,Good & Bad mixed!!!,api,2025-01-03T09:13:00.000Z,9093,4490,216,2000,1829
T17727,4316,Null?? value??,api,2025-01-23T21:39:00.000Z,7309,805,417,296,879
T17732,7632,Good & Bad mixed!!!,ios,2025-01-22T01:43:00.000Z,3254,1806,939,945,1044
T17736,4182,Spark > Hadoop ???,web,2025-01-10T05:40:00.000Z,12337,3482,442,1539,1704
T17737,7695,Love this!!! 😊,unknown,2025-01-20T22:17:00.000Z,10027,4344,288,2884,1175
T17742,6858,Worst service ever :(,ios,2025-01-02T10:30:00.000Z,4194,2594,71,2619,1381
T17744,7874,Good & Bad mixed!!!,ios,2025-01-07T11:32:00.000Z,5995,1927,492,1780,1625
T17765,5688,Error###Detected,web,2025-01-23T02:58:00.000Z,3687,2474,29,2495,1784
T17769,2652,Null?? value??,api,2025-01-10T17:15:00.000Z,7178,3501,888,2114,919
T17784,6575,Good & Bad mixed!!!,web,2025-01-12T12:30:00.000Z,11981,660,169,1150,523
T1779,2813,Great product!!! #AI,api,2025-01-23T16:20:00.000Z,14097,3448,893,1432,1520
T17793,6024,Spark > Hadoop ???,api,2025-01-21T19:26:00.000Z,13183,1376,505,2865,1837
T17795,1266,Null?? value??,ios,2025-01-06T22:54:00.000Z,8976,565,959,1148,312
T17796,9983,Error###Detected,web,2025-01-11T07:23:00.000Z,187,4516,887,1795,415
T17809,9994,Data pipeline broke @ midnight!!!,android,2025-01-18T18:01:00.000Z,2609,463,733,2910,176
T17819,2412,Null?? value??,ios,2025-01-06T08:39:00.000Z,16141,622,499,1402,1702
T17827,8168,Spark > Hadoop ???,web,2025-01-12T16:01:34.000Z,15747,4304,777,820,588
T17839,7424,Null?? value??,web,2025-01-06T13:26:00.000Z,7967,1653,964,653,1002
T17845,3585,Spark > Hadoop ???,web,2025-01-07T01:35:00.000Z,423,4119,575,2753,194
T17877,2554,Error###Detected,android,2025-01-22T04:02:00.000Z,6567,4750,913,679,157
T17880,8610,Streaming $$$ working,android,2025-01-24T02:46:00.000Z,16946,418,757,638,1264
T17900,3290,Testing!!!@@@###,android,2025-01-23T11:32:00.000Z,13619,2351,459,358,527
T17903,9904,Great product!!! #AI,unknown,2025-01-15T13:07:00.000Z,14834,2226,124,2594,751
T17904,6912,Great product!!! #AI,unknown,2025-01-06T13:14:00.000Z,3586,4963,312,214,471
T17906,2080,Testing!!!@@@###,web,2025-01-12T16:01:34.000Z,10027,3118,755,1844,80
T17927,8211,Error###Detected,ios,2025-01-02T13:13:00.000Z,8969,1531,394,34,1002
T17931,2093,Testing!!!@@@###,ios,2025-01-01T18:45:00.000Z,6590,2471,157,93,317
T17937,1069,Worst service ever :(,api,2025-01-06T10:03:00.000Z,16104,2445,662,337,1263
T17943,2752,Love this!!! 😊,android,2025-01-14T04:52:00.000Z,5095,3998,874,1076,1296
T17958,7196,Streaming $$$ working,android,2025-01-15T12:37:00.000Z,10079,3154,278,2723,585
T17974,5229,Streaming $$$ working,api,2025-01-05T08:46:00.000Z,14291,1664,91,2192,802
T17975,9042,Great product!!! #AI,ios,2025-01-10T00:09:00.000Z,17847,1481,777,613,886
T17977,6789,Streaming $$$ working,api,2025-01-19T19:36:00.000Z,11427,1453,537,2599,1169
T17979,5880,Spark > Hadoop ???,ios,2025-01-19T20:23:00.000Z,188,3196,596,1653,580
T17990,6237,Good & Bad mixed!!!,api,2025-01-03T07:07:00.000Z,10512,463,87,1750,795
T18000,4219,Streaming $$$ working,ios,2025-01-18T05:01:00.000Z,6258,4519,822,1128,1729
T18006,7241,Null?? value??,web,2025-01-06T18:02:00.000Z,9523,2063,36,1757,555
T18013,3613,Spark > Hadoop ???,api,2025-01-03T06:19:00.000Z,17212,2266,398,1600,349
T18049,5601,Error###Detected,web,2025-01-17T07:36:00.000Z,12314,3925,993,779,910
T18054,8346,Data pipeline broke @ midnight!!!,android,2025-01-23T00:31:00.000Z,14175,2288,731,2856,708
T18058,1472,Worst service ever :(,unknown,2025-01-08T13:18:00.000Z,19029,2471,444,1982,581
T18071,1902,Great product!!! #AI,android,2025-01-20T11:50:00.000Z,5354,4989,710,1956,713
T18082,9383,Spark > Hadoop ???,api,2025-01-12T05:02:00.000Z,1626,1690,424,745,817
T18088,7727,Testing!!!@@@###,web,2025-01-01T12:46:00.000Z,19748,2588,613,2498,1895
T1809,8574,Error###Detected,android,2025-01-06T15:31:00.000Z,11638,190,462,992,1939
T18090,3728,Spark > Hadoop ???,web,2025-01-01T03:20:00.000Z,10027,2471,459,846,1
T18101,5793,Love this!!! 😊,web,2025-01-16T01:08:00.000Z,3864,2733,304,699,1929
T18102,6211,Good & Bad mixed!!!,ios,2025-01-12T16:01:34.000Z,9769,554,139,996,1650
T18104,1508,Worst service ever :(,android,2025-01-08T21:52:00.000Z,15005,1825,207,1058,1658
T1812,9571,Error###Detected,android,2025-01-08T14:34:00.000Z,8280,363,492,231,260
T18124,2828,Good & Bad mixed!!!,ios,2025-01-16T00:22:00.000Z,17627,2471,616,435,854
T18134,9059,Error###Detected,web,2025-01-21T13:44:00.000Z,5623,3485,977,186,1914
T18136,9025,Streaming $$$ working,api,2025-01-11T00:46:00.000Z,14642,1141,861,698,1558
T18141,8361,Great product!!! #AI,web,2025-01-16T02:36:00.000Z,2827,2822,887,2405,65
T18142,4308,Testing!!!@@@###,api,2025-01-20T03:58:00.000Z,12555,4490,769,2189,1443
T18148,4352,Love this!!! 😊,web,2025-01-14T23:20:00.000Z,16393,4303,438,1206,828
T18149,3268,Testing!!!@@@###,api,2025-01-11T19:20:00.000Z,2961,2471,10,1379,629
T18154,8719,Good & Bad mixed!!!,web,2025-01-19T14:59:00.000Z,17777,1874,492,1487,325
T18161,5761,Testing!!!@@@###,api,2025-01-06T17:29:00.000Z,10702,4171,369,2598,1094
T18165,8606,Good & Bad mixed!!!,api,2025-01-18T23:12:00.000Z,12561,117,633,63,240
T18178,6647,Great product!!! #AI,web,2025-01-12T16:01:34.000Z,547,2929,605,1997,1654
T18179,5876,Null?? value??,web,2025-01-17T00:32:00.000Z,457,2264,492,734,1185
T18181,7959,Great product!!! #AI,android,2025-01-04T15:37:00.000Z,18973,1626,492,527,675
T18211,5500,Error###Detected,web,2025-01-22T20:46:00.000Z,10573,2130,95,2061,316
T18223,4277,Worst service ever :(,ios,2025-01-12T12:59:00.000Z,16197,740,562,2881,1103
T18227,4270,Data pipeline broke @ midnight!!!,api,2025-01-11T04:32:00.000Z,16967,2058,996,90,632
T18242,5924,Error###Detected,android,2025-01-10T13:49:00.000Z,11397,3390,513,2171,1992
T18249,3271,Love this!!! 😊,android,2025-01-08T15:27:00.000Z,2537,4562,444,2888,207
T18250,1262,Worst service ever :(,web,2025-01-12T01:21:00.000Z,10027,1866,471,759,1532
T18253,8480,Error###Detected,android,2025-01-21T07:02:00.000Z,1874,4435,288,2402,242
T1826,4305,Spark > Hadoop ???,web,2025-01-04T15:10:00.000Z,7514,1265,322,1791,416
T18269,4040,Spark > Hadoop ???,android,2025-01-16T18:10:00.000Z,7725,416,406,2318,1106
T18272,8479,Love this!!! 😊,ios,2025-01-01T04:49:00.000Z,13663,3942,510,2958,1232
T18281,6768,Spark > Hadoop ???,ios,2025-01-04T05:11:00.000Z,17633,174,826,179,1863
T18295,2913,Spark > Hadoop ???,unknown,2025-01-05T23:07:00.000Z,1787,2471,358,1843,902
T18299,3006,Spark > Hadoop ???,android,2025-01-07T01:02:00.000Z,6908,4780,357,1682,92
T18317,6096,Great product!!! #AI,android,2025-01-15T04:24:00.000Z,4358,737,114,1980,1879
T18321,4873,Testing!!!@@@###,api,2025-01-02T01:31:00.000Z,10983,2048,53,714,769
T18333,3265,Spark > Hadoop ???,web,2025-01-01T14:52:00.000Z,10142,2491,36,287,1235
T18356,7034,Streaming $$$ working,api,2025-01-05T02:17:00.000Z,8486,3259,945,1255,1587
T18367,1480,Love this!!! 😊,ios,2025-01-13T13:51:00.000Z,10027,4331,469,2083,1797
T18368,5045,Error###Detected,android,2025-01-02T21:03:00.000Z,3094,385,669,1741,867
T18371,4880,Love this!!! 😊,web,2025-01-01T10:23:00.000Z,9995,2051,779,175,261
T18376,6494,Love this!!! 😊,web,2025-01-02T17:54:00.000Z,12028,751,215,344,1215
T18387,1563,Spark > Hadoop ???,android,2025-01-05T04:54:00.000Z,16880,744,591,2094,291
T18388,7050,Null?? value??,unknown,2025-01-12T16:01:34.000Z,5994,483,372,69,1724
T18394,2191,Null?? value??,web,2025-01-06T00:21:00.000Z,15141,2807,107,171,1658
T18398,8246,Good & Bad mixed!!!,android,2025-01-11T08:01:00.000Z,2170,4543,719,1487,284
T184,7266,Love this!!! 😊,ios,2025-01-12T22:04:00.000Z,14100,1521,444,1371,767
T18400,8807,Error###Detected,unknown,2025-01-04T07:58:00.000Z,17199,624,756,1266,914
T18412,8742,Streaming $$$ working,ios,2025-01-20T12:34:00.000Z,8495,3872,977,208,1001
T18415,6609,Spark > Hadoop ???,android,2025-01-03T19:38:00.000Z,4504,2818,492,1170,1447
T1843,7057,Love this!!! 😊,api,2025-01-21T06:08:00.000Z,3895,3269,811,2026,917
T18430,2759,Great product!!! #AI,ios,2025-01-24T01:48:00.000Z,1480,4790,426,908,607
T18432,1462,Worst service ever :(,android,2025-01-23T20:01:00.000Z,94,2535,872,2083,1372
T18439,7633,Good & Bad mixed!!!,ios,2025-01-22T10:45:00.000Z,13496,2752,25,2125,1001
T18453,9989,Love this!!! 😊,ios,2025-01-07T23:58:00.000Z,17929,964,754,752,344
T18460,8388,Error###Detected,android,2025-01-05T03:02:00.000Z,11831,584,897,1991,1730
T18465,9914,Worst service ever :(,ios,2025-01-01T17:09:00.000Z,8270,2615,161,2503,347
T18474,8239,Spark > Hadoop ???,web,2025-01-18T16:19:00.000Z,2450,1051,661,2794,1001
T1849,4803,Good & Bad mixed!!!,web,2025-01-23T19:35:00.000Z,2069,3960,134,222,1232
T18501,6666,Null?? value??,api,2025-01-04T01:36:00.000Z,3442,2471,604,1487,1001
T18505,8823,Love this!!! 😊,unknown,2025-01-12T00:45:00.000Z,12548,1360,145,1587,1460
T18514,8278,Null?? value??,api,2025-01-18T00:06:00.000Z,9831,2505,121,2277,1263
T18519,7156,Streaming $$$ working,android,2025-01-06T04:49:00.000Z,11318,3850,160,809,1202
T18538,1606,Streaming $$$ working,android,2025-01-20T22:43:00.000Z,10027,4126,31,2259,347
T1854,8153,Data pipeline broke @ midnight!!!,api,2025-01-16T02:16:00.000Z,17282,678,241,227,1155
T18548,6007,Error###Detected,web,2025-01-08T12:21:00.000Z,9868,57,126,2511,1665
T18551,8588,Error###Detected,ios,2025-01-07T06:54:00.000Z,5672,3370,740,885,1298
T18554,7972,Good & Bad mixed!!!,ios,2025-01-21T23:26:00.000Z,9942,2283,624,1754,374
T18555,7963,Null?? value??,android,2025-01-12T16:01:34.000Z,5812,3165,567,1790,871
T18562,1382,Good & Bad mixed!!!,api,2025-01-11T22:16:00.000Z,15022,3042,692,2853,485
T18565,9822,Data pipeline broke @ midnight!!!,ios,2025-01-09T09:43:00.000Z,12673,1475,858,250,779
T18567,1244,Testing!!!@@@###,android,2025-01-07T19:35:00.000Z,10027,384,630,1584,597
T18568,3928,Spark > Hadoop ???,web,2025-01-09T07:42:00.000Z,10914,564,970,1592,1001
T18570,7899,Great product!!! #AI,android,2025-01-01T03:37:00.000Z,3841,2861,712,1487,700
T18579,9632,Love this!!! 😊,ios,2025-01-15T10:56:00.000Z,7821,3599,389,2647,1446
T18586,3135,Data pipeline broke @ midnight!!!,web,2025-01-02T19:50:00.000Z,4236,3503,286,1675,559
T18587,2415,Spark > Hadoop ???,web,2025-01-12T16:01:34.000Z,10027,3301,638,514,1720
T18590,6727,Great product!!! #AI,ios,2025-01-16T09:41:00.000Z,12352,2471,754,303,548
T1861,7796,Good & Bad mixed!!!,ios,2025-01-12T19:40:00.000Z,16520,3710,642,739,739
T18617,3706,Streaming $$$ working,android,2025-01-06T22:46:00.000Z,10767,3061,335,149,1034
T18647,6332,Love this!!! 😊,api,2025-01-20T17:51:00.000Z,5358,2072,712,611,1904
T18648,3317,Null?? value??,android,2025-01-18T21:15:00.000Z,4746,4193,31,2586,863
T1865,5209,Testing!!!@@@###,api,2025-01-20T12:32:00.000Z,10487,517,795,1006,1432
T18658,7131,Error###Detected,android,2025-01-14T13:30:00.000Z,15111,254,492,2766,1647
T18659,5883,Testing!!!@@@###,web,2025-01-21T05:06:00.000Z,13176,2842,347,2209,118
T18661,2329,Spark > Hadoop ???,android,2025-01-12T16:01:34.000Z,8072,1667,552,1064,1437
T18690,9240,Love this!!! 😊,ios,2025-01-21T18:39:00.000Z,10457,3980,849,1487,247
T187,5690,Great product!!! #AI,ios,2025-01-02T17:38:00.000Z,9150,3685,492,13,471
T18711,6738,Error###Detected,ios,2025-01-19T10:33:00.000Z,16640,1144,59,1483,1844
T18718,4370,Error###Detected,ios,2025-01-21T08:31:00.000Z,9343,4992,452,1753,701
T18724,8708,Error###Detected,api,2025-01-21T03:22:00.000Z,3437,4400,185,1487,1365
T18744,7054,Error###Detected,api,2025-01-13T13:14:00.000Z,19339,3217,638,424,183
T18746,5560,Great product!!! #AI,android,2025-01-15T06:37:00.000Z,16564,1,391,1300,1615
T18753,2105,Null?? value??,api,2025-01-01T16:41:00.000Z,694,2646,261,451,1001
T18758,2386,Spark > Hadoop ???,web,2025-01-02T12:22:00.000Z,2074,3512,747,384,1706
T18770,9275,Null?? value??,web,2025-01-13T11:42:00.000Z,2974,1800,696,153,1595
T18780,4428,Testing!!!@@@###,web,2025-01-18T19:57:00.000Z,140,874,12,922,884
T18797,9077,Testing!!!@@@###,api,2025-01-15T15:08:00.000Z,10027,3508,154,2118,1896
T18810,5733,Worst service ever :(,web,2025-01-09T17:16:00.000Z,14444,4126,886,1938,1700
T18813,1810,Worst service ever :(,android,2025-01-16T06:22:00.000Z,16825,2507,445,1814,1546
T18825,8984,Error###Detected,ios,2025-01-11T05:20:00.000Z,5392,336,648,314,1372
T18828,6992,Great product!!! #AI,web,2025-01-03T01:04:00.000Z,8335,474,540,1487,353
T18830,7877,Testing!!!@@@###,android,2025-01-01T05:53:00.000Z,19954,3240,492,1914,1715
T18833,7551,Love this!!! 😊,ios,2025-01-16T07:43:00.000Z,10094,2680,187,5,1001
T18834,9971,Worst service ever :(,android,2025-01-18T17:32:00.000Z,12688,4939,392,467,1534
T18838,6798,Spark > Hadoop ???,android,2025-01-17T16:37:00.000Z,17195,4116,499,1594,1419
T18840,3077,Streaming $$$ working,api,2025-01-22T11:21:00.000Z,4783,4305,764,1863,541
T18857,2633,Error###Detected,web,2025-01-22T09:29:00.000Z,470,470,409,2392,1960
T18858,5819,Data pipeline broke @ midnight!!!,web,2025-01-07T16:41:00.000Z,19979,668,275,1052,528
T18860,8829,Streaming $$$ working,web,2025-01-09T07:54:00.000Z,4348,4792,840,611,1001
T18866,6558,Null?? value??,android,2025-01-10T11:38:00.000Z,3377,3118,763,1877,1547
T18872,1406,Testing!!!@@@###,api,2025-01-12T10:03:00.000Z,8702,4525,444,2317,1219
T18881,1818,Worst service ever :(,web,2025-01-16T10:26:00.000Z,4664,634,33,1244,827
T18889,5096,Worst service ever :(,web,2025-01-04T12:12:00.000Z,2497,181,679,1935,418
T1889,1483,Streaming $$$ working,android,2025-01-19T12:31:00.000Z,19408,1410,475,618,270
T18907,2470,Spark > Hadoop ???,ios,2025-01-04T05:25:00.000Z,3118,150,160,2171,723
T18911,9019,Null?? value??,android,2025-01-10T12:03:00.000Z,14488,363,217,1998,880
T18912,5111,Streaming $$$ working,web,2025-01-18T11:46:00.000Z,13391,2708,353,994,773
T18916,8485,Error###Detected,android,2025-01-04T04:34:00.000Z,11991,1135,113,1933,1323
T18922,6467,Good & Bad mixed!!!,android,2025-01-22T22:55:00.000Z,10754,2425,94,1757,1801
T18934,9819,Good & Bad mixed!!!,api,2025-01-04T10:15:00.000Z,1362,1551,230,2937,1126
T18946,7994,Good & Bad mixed!!!,ios,2025-01-17T07:08:00.000Z,6297,2471,744,1668,203
T18949,1323,Love this!!! 😊,android,2025-01-12T07:15:00.000Z,3184,4427,847,1555,801
T18954,3702,Streaming $$$ working,android,2025-01-02T11:10:00.000Z,17383,3640,690,2404,1001
T18979,3631,Error###Detected,web,2025-01-09T20:29:00.000Z,16126,2785,492,1334,1001
T18984,8380,Great product!!! #AI,web,2025-01-11T01:08:00.000Z,8197,938,467,2952,1620
T19,8073,Good & Bad mixed!!!,android,2025-01-22T06:00:00.000Z,4757,2056,86,2253,468
T19001,9869,Love this!!! 😊,api,2025-01-18T06:09:00.000Z,17410,2552,983,554,1916
T19004,6541,Spark > Hadoop ???,api,2025-01-03T18:44:00.000Z,9211,626,853,2605,969
T19007,3517,Worst service ever :(,ios,2025-01-20T21:41:00.000Z,13472,2471,39,416,890
T19020,8589,Streaming $$$ working,android,2025-01-16T06:34:00.000Z,12882,1009,62,690,82
T19022,7620,Great product!!! #AI,android,2025-01-12T07:36:00.000Z,19614,912,331,1884,1517
T19025,7905,Testing!!!@@@###,api,2025-01-12T16:01:34.000Z,17383,3109,688,592,1834
T19031,1482,Streaming $$$ working,android,2025-01-10T20:53:00.000Z,8410,2860,469,598,1001
T19045,8241,Error###Detected,api,2025-01-12T16:01:34.000Z,8410,1168,339,2464,1354
T19047,1903,Null?? value??,web,2025-01-06T21:56:00.000Z,13288,2471,802,2666,1792
T19048,5321,Testing!!!@@@###,web,2025-01-07T06:35:00.000Z,9185,3789,774,1771,399
T19052,9304,Spark > Hadoop ???,web,2025-01-10T14:09:00.000Z,9734,3680,989,2718,1818
T19059,7832,Null?? value??,unknown,2025-01-13T13:23:00.000Z,18170,4620,430,105,1075
T19062,3920,Great product!!! #AI,web,2025-01-10T16:01:00.000Z,7354,3805,187,247,692
T1907,6112,Testing!!!@@@###,android,2025-01-10T08:10:00.000Z,6672,4649,19,1280,1478
T19071,1380,Worst service ever :(,android,2025-01-20T20:20:00.000Z,19616,4411,699,186,1157
T19093,9364,Great product!!! #AI,ios,2025-01-04T10:31:00.000Z,7295,2471,857,1398,736
T19094,4610,Testing!!!@@@###,android,2025-01-23T02:26:00.000Z,14786,3677,197,199,1593
T19119,9058,Null?? value??,android,2025-01-11T17:38:00.000Z,7259,143,955,18,89
T19131,2102,Great product!!! #AI,android,2025-01-09T01:04:00.000Z,3081,1510,135,1746,1917
T19138,4990,Spark > Hadoop ???,api,2025-01-10T14:30:00.000Z,12842,1433,692,2512,494
T19153,9144,Error###Detected,ios,2025-01-17T05:32:00.000Z,11465,957,921,508,183
T19172,7308,Worst service ever :(,android,2025-01-09T10:13:00.000Z,10672,31,384,1111,1269
T19173,4219,Streaming $$$ working,ios,2025-01-22T09:07:00.000Z,5629,4079,841,1864,328
T19180,6188,Good & Bad mixed!!!,web,2025-01-20T11:29:00.000Z,18267,494,604,1474,1405
T19191,1789,Great product!!! #AI,android,2025-01-23T09:24:00.000Z,7344,4994,531,1105,527
T19197,9826,Data pipeline broke @ midnight!!!,api,2025-01-05T02:04:00.000Z,8178,2291,746,1025,718
T19207,5335,Good & Bad mixed!!!,web,2025-01-18T13:43:00.000Z,14997,3659,601,1122,934
T19217,5966,Worst service ever :(,ios,2025-01-10T10:55:00.000Z,6761,69,434,1222,1845
T19230,3476,Great product!!! #AI,ios,2025-01-19T11:32:00.000Z,8878,3875,817,2019,923
T19234,1226,Null?? value??,ios,2025-01-20T07:06:00.000Z,10027,4177,313,1840,1312
T19237,8901,Worst service ever :(,api,2025-01-20T07:42:00.000Z,7091,1903,46,2969,1039
T19249,7971,Null?? value??,web,2025-01-16T11:36:00.000Z,2551,2471,559,35,1493
T19280,7168,Love this!!! 😊,android,2025-01-04T01:27:00.000Z,16427,3298,765,2729,228
T19283,1126,Spark > Hadoop ???,api,2025-01-09T15:45:00.000Z,9059,4616,270,234,966
T19300,6423,Love this!!! 😊,web,2025-01-09T06:52:00.000Z,11247,2471,89,314,1323
T19306,9027,Testing!!!@@@###,android,2025-01-22T14:19:00.000Z,9503,987,152,2984,1905
T19307,6825,Worst service ever :(,android,2025-01-12T16:01:34.000Z,8197,3916,817,2124,405
T19308,3124,Null?? value??,web,2025-01-18T16:24:00.000Z,10773,1998,437,460,1001
T1932,3922,Streaming $$$ working,api,2025-01-12T07:54:00.000Z,7364,2483,581,2884,1738
T19327,7504,Null?? value??,ios,2025-01-22T07:16:00.000Z,13123,402,948,1487,1987
T19333,5998,Null?? value??,api,2025-01-22T04:02:00.000Z,1179,4463,270,870,985
T19335,4691,Worst service ever :(,api,2025-01-22T15:11:00.000Z,3644,1155,156,2814,1242
T19341,9379,Great product!!! #AI,android,2025-01-20T13:03:00.000Z,13615,847,727,2645,1019
T19346,2828,Love this!!! 😊,web,2025-01-10T07:33:00.000Z,3639,3411,366,25,1345
T19371,3063,Great product!!! #AI,api,2025-01-05T03:27:00.000Z,9800,3406,839,1709,1838
T19393,9744,Testing!!!@@@###,web,2025-01-23T13:29:00.000Z,8310,1729,172,2757,1222
T19403,8384,Love this!!! 😊,android,2025-01-01T14:06:00.000Z,16463,2171,68,1614,256
T19405,9788,Spark > Hadoop ???,api,2025-01-20T02:38:00.000Z,13592,2629,883,2429,1102
T19425,2844,Love this!!! 😊,api,2025-01-18T02:30:00.000Z,18421,3263,327,879,1676
T19432,9743,Data pipeline broke @ midnight!!!,android,2025-01-19T08:36:00.000Z,11029,4564,147,1422,589
T19441,7359,Great product!!! #AI,api,2025-01-04T17:41:00.000Z,11121,2013,902,1487,862
T19443,2347,Great product!!! #AI,android,2025-01-15T19:01:00.000Z,1599,452,587,610,1541
T19450,8953,Error###Detected,api,2025-01-02T03:54:00.000Z,1450,2198,811,1788,1106
T19485,7908,Worst service ever :(,android,2025-01-21T12:18:00.000Z,7867,194,381,1487,1980
T19490,5954,Worst service ever :(,android,2025-01-09T11:24:00.000Z,16696,769,191,2915,729
T19492,3511,Streaming $$$ working,android,2025-01-07T04:11:00.000Z,3725,554,768,1817,1509
T19495,5866,Love this!!! 😊,api,2025-01-05T22:10:00.000Z,3557,85,245,30,1529
T19510,6256,Error###Detected,ios,2025-01-19T18:36:00.000Z,5674,233,798,2634,1385
T19530,5557,Good & Bad mixed!!!,android,2025-01-22T18:50:00.000Z,1792,4063,12,221,1312
T19532,5895,Null?? value??,android,2025-01-15T17:15:00.000Z,3859,2471,520,1287,1338
T19542,2133,Worst service ever :(,api,2025-01-22T17:01:00.000Z,18019,3312,212,330,367
T19545,2457,Great product!!! #AI,android,2025-01-15T03:27:00.000Z,2352,3854,309,1318,1001
T19562,3439,Testing!!!@@@###,android,2025-01-04T19:09:00.000Z,14294,2554,640,1487,1700
T1957,7566,Error###Detected,web,2025-01-15T15:12:00.000Z,10138,3710,206,2755,1956
T19575,2428,Null?? value??,api,2025-01-20T07:24:00.000Z,18308,4519,528,2610,1409
T19576,9483,Error###Detected,android,2025-01-12T16:01:34.000Z,4589,4789,735,1788,401
T19580,3131,Error###Detected,web,2025-01-09T10:35:00.000Z,4877,3574,385,1238,1421
T19581,8985,Error###Detected,web,2025-01-16T10:22:00.000Z,435,2117,215,1487,605
T1959,1793,Worst service ever :(,api,2025-01-10T13:26:00.000Z,4851,346,504,1487,1621
T19592,4419,Null?? value??,android,2025-01-05T04:04:00.000Z,19539,72,689,2463,66
T19594,1574,Good & Bad mixed!!!,ios,2025-01-09T10:27:00.000Z,3270,2471,714,2527,1525
T1961,6382,Good & Bad mixed!!!,ios,2025-01-17T12:22:00.000Z,16531,704,50,260,166
T19619,4417,Testing!!!@@@###,android,2025-01-22T03:03:00.000Z,17577,1380,442,1480,452
T19620,5767,Error###Detected,android,2025-01-18T05:50:00.000Z,17020,859,388,2149,1877
T1963,4806,Null?? value??,android,2025-01-07T02:19:00.000Z,14338,4460,465,1370,540
T19659,1430,Good & Bad mixed!!!,web,2025-01-13T08:43:00.000Z,245,2669,549,595,1243
T19664,3535,Good & Bad mixed!!!,ios,2025-01-02T18:41:00.000Z,1069,2657,274,2768,903
T19667,9711,Null?? value??,web,2025-01-22T07:14:00.000Z,14413,2266,492,2806,1704
T1967,6496,Streaming $$$ working,api,2025-01-19T11:54:00.000Z,4720,1499,111,276,106
T19673,9571,Streaming $$$ working,ios,2025-01-07T16:31:00.000Z,18850,959,259,758,1860
T19677,2673,Love this!!! 😊,android,2025-01-05T04:11:00.000Z,13600,3596,509,1588,1242
T19687,6316,Null?? value??,api,2025-01-14T18:42:00.000Z,19510,3535,123,2032,1662
T19705,4527,Good & Bad mixed!!!,ios,2025-01-07T21:06:00.000Z,3118,48,492,2297,476
T19730,3108,Spark > Hadoop ???,api,2025-01-23T15:52:00.000Z,15344,325,492,1013,10
T19757,2488,Love this!!! 😊,android,2025-01-08T04:18:00.000Z,10794,4533,872,1487,224
T19763,2915,Good & Bad mixed!!!,android,2025-01-02T09:50:00.000Z,3669,2863,372,2014,84
T19766,8998,Streaming $$$ working,web,2025-01-18T20:09:00.000Z,14956,168,152,1182,1070
T19798,7119,Love this!!! 😊,ios,2025-01-06T15:49:00.000Z,2973,1519,767,695,1423
T198,8881,Spark > Hadoop ???,api,2025-01-04T02:11:00.000Z,14546,3272,669,2325,1360
T19817,4094,Love this!!! 😊,android,2025-01-16T14:34:00.000Z,15591,3521,746,964,1353
T19818,8321,Error###Detected,ios,2025-01-23T10:39:00.000Z,18158,1975,676,1911,1001
T19823,8334,Data pipeline broke @ midnight!!!,ios,2025-01-11T11:01:00.000Z,3799,4068,845,2543,1726
T19833,3022,Spark > Hadoop ???,web,2025-01-15T15:45:00.000Z,17755,4724,304,357,1324
T19836,7984,Error###Detected,api,2025-01-11T20:49:00.000Z,8040,3724,439,1487,769
T19839,9747,Testing!!!@@@###,api,2025-01-14T04:12:00.000Z,11018,24,111,428,1187
T19846,1787,Testing!!!@@@###,api,2025-01-14T01:26:00.000Z,17802,1672,976,1299,1361
T1985,6874,Testing!!!@@@###,ios,2025-01-11T16:44:00.000Z,19250,13,478,2386,351
T19852,2857,Great product!!! #AI,android,2025-01-03T10:10:00.000Z,8507,348,668,1182,656
T19853,6924,Data pipeline broke @ midnight!!!,ios,2025-01-06T03:07:00.000Z,16691,1714,190,1476,1908
T19858,7094,Data pipeline broke @ midnight!!!,unknown,2025-01-04T07:15:00.000Z,19984,612,87,610,1773
T1986,2097,Worst service ever :(,ios,2025-01-08T13:10:00.000Z,10027,4770,452,718,1901
T19878,7663,Good & Bad mixed!!!,ios,2025-01-15T15:24:00.000Z,10027,1123,795,474,1354
T1988,3137,Great product!!! #AI,api,2025-01-18T20:39:00.000Z,13208,4832,560,514,1071
T19881,9226,Error###Detected,web,2025-01-17T21:32:00.000Z,19780,36,264,322,1131
T19885,9065,Testing!!!@@@###,android,2025-01-02T16:11:00.000Z,16971,4148,492,456,1122
T19887,4518,Data pipeline broke @ midnight!!!,api,2025-01-21T08:28:00.000Z,16776,4381,492,1220,1379
T1989,2693,Love this!!! 😊,ios,2025-01-13T06:52:00.000Z,13836,4499,492,1843,1460
T19894,8008,Worst service ever :(,android,2025-01-17T16:03:00.000Z,11842,3249,471,2428,659
T19896,9653,Great product!!! #AI,api,2025-01-19T18:23:00.000Z,15818,3636,249,1355,1389
T19922,3391,Love this!!! 😊,api,2025-01-10T00:47:00.000Z,8877,4362,981,2248,881
T19936,7766,Testing!!!@@@###,web,2025-01-18T11:38:00.000Z,9473,2806,96,887,1001
T19941,8515,Null?? value??,api,2025-01-05T05:22:00.000Z,16282,3878,229,2810,148
T19945,9309,Good & Bad mixed!!!,unknown,2025-01-14T21:13:00.000Z,4047,4901,886,331,836
T19951,8993,Love this!!! 😊,android,2025-01-06T22:16:00.000Z,9543,1960,283,46,391
T19953,2252,Good & Bad mixed!!!,ios,2025-01-05T16:19:00.000Z,18725,1425,969,2918,1267
T19956,2353,Data pipeline broke @ midnight!!!,ios,2025-01-12T16:01:34.000Z,4022,3348,12,1711,687
T19957,3030,Null?? value??,ios,2025-01-04T18:18:00.000Z,12764,2083,94,1487,280
T19958,8127,Data pipeline broke @ midnight!!!,ios,2025-01-12T16:01:34.000Z,2987,2629,166,1044,1469
T19959,5734,Spark > Hadoop ???,web,2025-01-19T22:46:00.000Z,17530,1680,669,953,461
T19966,1622,Streaming $$$ working,android,2025-01-16T04:44:00.000Z,14784,881,503,1807,1259
T19993,2412,Error###Detected,web,2025-01-06T18:56:00.000Z,13227,4774,156,1101,885
T20000,9695,Worst service ever :(,web,2025-01-18T00:30:00.000Z,11517,81,786,1284,1325
T20007,8742,Spark > Hadoop ???,android,2025-01-06T06:18:00.000Z,19440,345,594,760,698
T20018,8702,Love this!!! 😊,web,2025-01-14T23:34:00.000Z,178,3615,271,373,756
T20021,1261,Worst service ever :(,ios,2025-01-08T13:16:00.000Z,10027,3101,767,1045,1940
T20025,3758,Streaming $$$ working,web,2025-01-23T16:42:00.000Z,9484,4648,492,1473,1877
T20027,8471,Streaming $$$ working,web,2025-01-05T01:27:00.000Z,17812,4903,134,40,993
T2003,2917,Testing!!!@@@###,ios,2025-01-06T05:57:00.000Z,11897,3312,322,848,1592
T20036,4122,Great product!!! #AI,android,2025-01-15T14:41:00.000Z,566,3110,412,2363,1930
T20057,3847,Streaming $$$ working,ios,2025-01-21T04:02:00.000Z,3617,2134,262,1901,1754
T20059,2929,Worst service ever :(,ios,2025-01-20T01:46:00.000Z,19390,911,500,586,846
T20061,2001,Streaming $$$ working,api,2025-01-21T20:49:00.000Z,10027,4783,586,2372,625
T20113,1971,Testing!!!@@@###,api,2025-01-12T04:31:00.000Z,15906,4589,912,1852,1134
T20132,7600,Love this!!! 😊,ios,2025-01-23T04:35:00.000Z,19046,4410,910,2269,100
T20137,6842,Spark > Hadoop ???,android,2025-01-17T06:43:00.000Z,4037,4942,656,1547,486
T20146,5110,Error###Detected,android,2025-01-06T15:19:00.000Z,1432,3665,753,126,816
T20147,7072,Data pipeline broke @ midnight!!!,web,2025-01-06T22:00:00.000Z,1670,250,25,153,1312
T20169,8773,Streaming $$$ working,ios,2025-01-07T03:33:00.000Z,9615,588,943,2622,1001
T20170,2806,Data pipeline broke @ midnight!!!,web,2025-01-17T16:12:00.000Z,6582,453,634,2752,1723
T20173,5232,Streaming $$$ working,android,2025-01-10T05:39:00.000Z,13866,3109,780,1683,653
T20176,7161,Great product!!! #AI,android,2025-01-19T00:20:00.000Z,4693,3837,909,2310,1883
T20183,2549,Data pipeline broke @ midnight!!!,android,2025-01-23T15:22:00.000Z,6034,2335,67,603,1838
T20214,2793,Streaming $$$ working,api,2025-01-09T21:53:00.000Z,19828,3519,711,598,1705
T20223,1091,Streaming $$$ working,web,2025-01-04T13:31:00.000Z,10027,728,448,1303,759
T20231,5717,Error###Detected,android,2025-01-14T08:54:00.000Z,15867,1609,62,1487,675
T20238,9219,Spark > Hadoop ???,web,2025-01-10T17:44:00.000Z,10928,4857,844,1455,235
T20243,7639,Worst service ever :(,web,2025-01-14T20:33:00.000Z,10579,3821,953,2248,549
T20251,1076,Spark > Hadoop ???,unknown,2025-01-17T14:08:00.000Z,16361,1190,968,1474,369
T20262,7711,Great product!!! #AI,api,2025-01-10T07:42:00.000Z,12132,4080,362,692,477
T20264,2066,Love this!!! 😊,api,2025-01-19T18:08:00.000Z,10215,805,191,558,1693
T20265,8475,Love this!!! 😊,api,2025-01-10T09:24:00.000Z,13170,2055,182,1432,1877
T20266,7518,Great product!!! #AI,web,2025-01-15T03:20:00.000Z,10027,3113,206,2363,439
T20278,1866,Data pipeline broke @ midnight!!!,android,2025-01-21T06:07:00.000Z,11103,2471,531,600,1829
T20281,8327,Error###Detected,android,2025-01-20T21:03:00.000Z,6414,1747,986,2115,830
T20287,7199,Testing!!!@@@###,web,2025-01-01T18:13:00.000Z,8228,2471,953,1012,941
T2030,3195,Null?? value??,api,2025-01-20T01:51:00.000Z,4479,4470,585,201,1585
T20328,9962,Spark > Hadoop ???,ios,2025-01-18T13:21:00.000Z,12824,761,909,1581,1957
T20331,8655,Testing!!!@@@###,ios,2025-01-12T16:01:34.000Z,10470,590,766,2334,750
T20341,1990,Null?? value??,ios,2025-01-13T01:32:00.000Z,7320,1866,121,296,1288
T2037,8118,Great product!!! #AI,api,2025-01-13T06:19:00.000Z,1264,3809,559,471,1961
T20381,5577,Worst service ever :(,android,2025-01-23T10:33:00.000Z,17504,2471,170,826,162
T20386,6197,Streaming $$$ working,web,2025-01-23T03:13:00.000Z,3170,180,103,1487,1582
T20391,6609,Love this!!! 😊,api,2025-01-06T23:04:00.000Z,19692,900,757,2315,1152
T20396,8433,Streaming $$$ working,ios,2025-01-09T04:15:00.000Z,10027,2471,617,2574,1933
T20398,4918,Testing!!!@@@###,ios,2025-01-13T15:39:00.000Z,18723,3434,331,1039,657
T20417,9655,Worst service ever :(,web,2025-01-01T11:48:00.000Z,7193,195,327,336,1308
T20424,6639,Great product!!! #AI,android,2025-01-06T04:49:00.000Z,11917,169,763,335,1965
T20432,6153,Great product!!! #AI,ios,2025-01-21T02:08:00.000Z,8164,3426,18,708,188
T20447,8204,Great product!!! #AI,unknown,2025-01-18T08:37:00.000Z,7941,1277,32,1045,1351
T20463,5538,Worst service ever :(,android,2025-01-17T12:16:00.000Z,16999,4141,38,598,1849
T2048,7600,Null?? value??,ios,2025-01-17T04:13:00.000Z,6183,4912,298,1546,163
T20490,5001,Streaming $$$ working,api,2025-01-23T21:14:00.000Z,19395,1318,661,605,302
T20492,2195,Testing!!!@@@###,web,2025-01-12T16:01:34.000Z,3819,3192,308,2379,846
T20499,2487,Streaming $$$ working,web,2025-01-05T11:24:00.000Z,4562,2120,319,2711,228
T20500,2042,Spark > Hadoop ???,ios,2025-01-04T17:04:00.000Z,5701,2661,622,740,1001
T20516,7798,Error###Detected,api,2025-01-02T06:32:00.000Z,7864,996,358,433,294
T20520,8544,Error###Detected,ios,2025-01-06T01:44:00.000Z,17345,2062,850,718,1967
T20530,3868,Good & Bad mixed!!!,ios,2025-01-12T16:01:34.000Z,6954,3587,439,131,296
T20534,2502,Data pipeline broke @ midnight!!!,web,2025-01-12T16:01:34.000Z,10672,1001,660,1813,892
T20548,9370,Good & Bad mixed!!!,android,2025-01-09T07:44:00.000Z,6077,3667,889,98,791
T20559,1214,Testing!!!@@@###,api,2025-01-14T00:50:00.000Z,18854,2664,11,63,1558
T20576,1002,Spark > Hadoop ???,api,2025-01-10T15:41:00.000Z,15128,4976,881,2557,1001
T20577,7791,Spark > Hadoop ???,web,2025-01-20T19:12:00.000Z,16858,1774,404,2645,139
T20594,9791,Worst service ever :(,api,2025-01-03T04:44:00.000Z,12400,1276,925,1916,37
T20600,5400,Love this!!! 😊,web,2025-01-20T21:49:00.000Z,7551,3099,284,1487,1731
T2061,2056,Good & Bad mixed!!!,api,2025-01-04T22:00:00.000Z,19787,3235,350,1216,1857
T20616,4606,Null?? value??,web,2025-01-12T04:35:00.000Z,10027,2656,123,2149,1528
T20618,2397,Streaming $$$ working,web,2025-01-15T21:39:00.000Z,13828,1764,670,278,1250
T20629,3423,Streaming $$$ working,ios,2025-01-16T03:46:00.000Z,5509,4470,39,569,921
T20631,6259,Great product!!! #AI,ios,2025-01-20T07:11:00.000Z,16221,4850,69,2406,125
T20634,6888,Data pipeline broke @ midnight!!!,ios,2025-01-17T17:34:00.000Z,1800,2471,754,557,1829
T20642,4261,Streaming $$$ working,web,2025-01-12T16:01:34.000Z,10027,2507,484,2705,68
T20652,3677,Null?? value??,unknown,2025-01-02T20:58:00.000Z,8602,1499,544,1403,696
T20658,6448,Great product!!! #AI,web,2025-01-13T05:18:00.000Z,12586,801,886,1489,1001
T20681,1460,Spark > Hadoop ???,unknown,2025-01-17T04:31:00.000Z,11223,3699,758,2400,1931
T20682,1339,Great product!!! #AI,ios,2025-01-13T16:39:00.000Z,15955,292,444,1132,1051
T20685,6028,Great product!!! #AI,ios,2025-01-08T09:11:00.000Z,9784,671,901,2126,1528
T20710,7251,Error###Detected,api,2025-01-04T15:43:00.000Z,10082,1428,811,1100,55
T20719,1773,Good & Bad mixed!!!,ios,2025-01-21T16:10:00.000Z,6648,1711,694,2081,1356
T20744,6456,Testing!!!@@@###,android,2025-01-07T14:39:00.000Z,17291,2471,33,1330,701
T20756,8157,Data pipeline broke @ midnight!!!,ios,2025-01-18T23:48:00.000Z,19380,395,78,2917,781
T20766,9991,Data pipeline broke @ midnight!!!,web,2025-01-13T08:15:00.000Z,7096,1518,285,1212,1119
T20767,2365,Great product!!! #AI,ios,2025-01-05T03:01:00.000Z,657,3691,917,2525,159
T20784,3417,Data pipeline broke @ midnight!!!,android,2025-01-01T02:00:00.000Z,14582,1578,966,1992,1001
T2080,9750,Testing!!!@@@###,ios,2025-01-12T16:01:34.000Z,4484,2471,837,884,78
T20800,7897,Love this!!! 😊,api,2025-01-21T21:39:00.000Z,4967,1718,155,1487,1670
T20805,1786,Testing!!!@@@###,android,2025-01-10T03:16:00.000Z,10206,1801,425,2883,892
T20806,9743,Null?? value??,api,2025-01-12T16:01:34.000Z,3646,1106,3,2849,1391
T20808,3287,Testing!!!@@@###,ios,2025-01-07T05:12:00.000Z,5891,479,836,1714,105
T20821,2553,Error###Detected,api,2025-01-09T06:03:00.000Z,6344,79,880,2958,1836
T20823,4970,Error###Detected,android,2025-01-01T11:08:00.000Z,356,3646,904,1588,1543
T20827,3481,Null?? value??,api,2025-01-13T21:20:00.000Z,9971,1194,333,1034,1862
T20838,5086,Data pipeline broke @ midnight!!!,api,2025-01-08T02:53:00.000Z,8174,2347,247,887,728
T20842,3867,Worst service ever :(,web,2025-01-13T06:40:00.000Z,2575,1186,402,1487,32
T20862,6753,Streaming $$$ working,web,2025-01-11T12:13:00.000Z,11309,1509,863,789,1796
T20863,5942,Null?? value??,android,2025-01-11T03:57:00.000Z,17622,15,45,866,1821
T20864,2621,Love this!!! 😊,web,2025-01-07T05:55:00.000Z,947,2755,371,2193,979
T20867,3068,Great product!!! #AI,android,2025-01-16T15:07:00.000Z,3630,2968,160,2703,1321
T20872,5954,Great product!!! #AI,ios,2025-01-19T18:52:00.000Z,2808,3418,156,1725,1703
T20873,3036,Spark > Hadoop ???,web,2025-01-01T07:22:00.000Z,15851,4795,264,599,1569
T20876,7440,Testing!!!@@@###,ios,2025-01-13T23:20:00.000Z,16384,1886,310,191,400
T20878,3280,Data pipeline broke @ midnight!!!,android,2025-01-22T19:37:00.000Z,1912,607,517,2336,1888
T20894,1432,Testing!!!@@@###,ios,2025-01-04T12:49:00.000Z,5010,3770,116,1597,19
T20897,9616,Love this!!! 😊,web,2025-01-13T11:30:00.000Z,2656,379,966,2768,1001
T20904,5351,Great product!!! #AI,web,2025-01-09T10:48:00.000Z,19959,4464,195,1753,1182
T20907,1210,Streaming $$$ working,api,2025-01-15T23:03:00.000Z,9886,4425,686,824,112
T20910,6122,Worst service ever :(,web,2025-01-13T01:24:00.000Z,6390,2960,977,1179,443
T20922,8527,Data pipeline broke @ midnight!!!,unknown,2025-01-20T17:55:00.000Z,3808,4031,588,1629,206
T2093,1814,Testing!!!@@@###,api,2025-01-02T13:26:00.000Z,8986,353,75,497,1972
T20941,7803,Null?? value??,api,2025-01-24T02:56:00.000Z,10027,3125,735,1055,1921
T2095,4406,Spark > Hadoop ???,android,2025-01-08T02:32:00.000Z,5260,4669,917,2943,492
T20969,9691,Love this!!! 😊,android,2025-01-13T02:17:00.000Z,8942,2837,396,2631,1171
T20974,9824,Worst service ever :(,ios,2025-01-10T07:15:00.000Z,18453,4805,814,2128,1001
T20978,4550,Love this!!! 😊,ios,2025-01-14T00:30:00.000Z,7199,1775,50,1099,1224
T20984,3013,Streaming $$$ working,api,2025-01-11T07:47:00.000Z,10027,2690,733,434,280
T20998,7900,Data pipeline broke @ midnight!!!,ios,2025-01-14T11:12:00.000Z,4942,1057,751,2180,1425
T21027,2605,Data pipeline broke @ midnight!!!,ios,2025-01-11T06:23:00.000Z,14308,1538,492,2058,884
T21029,2227,Good & Bad mixed!!!,android,2025-01-11T22:12:00.000Z,13848,4828,967,1727,245
T2105,7603,Data pipeline broke @ midnight!!!,api,2025-01-06T11:27:00.000Z,5143,2150,555,698,1588
T21069,7080,Error###Detected,android,2025-01-15T03:40:00.000Z,19495,3559,492,1534,858
T21075,5463,Null?? value??,android,2025-01-07T23:41:00.000Z,18341,2779,148,2609,266
T21082,7234,Testing!!!@@@###,api,2025-01-15T01:34:00.000Z,14067,4929,433,707,1737
T21085,6835,Data pipeline broke @ midnight!!!,web,2025-01-20T08:49:00.000Z,5512,1673,753,2318,1091
T21091,5035,Great product!!! #AI,web,2025-01-18T01:37:00.000Z,18890,3270,19,2660,609
T21092,7641,Testing!!!@@@###,android,2025-01-20T01:12:00.000Z,3324,2529,930,2138,1531
T21106,4918,Data pipeline broke @ midnight!!!,api,2025-01-09T09:46:00.000Z,10027,2642,250,1048,1668
T21119,5414,Error###Detected,unknown,2025-01-07T14:23:00.000Z,10207,1955,332,756,1278
T21137,2781,Love this!!! 😊,ios,2025-01-04T00:38:00.000Z,4073,4542,371,1997,452
T21143,3674,Testing!!!@@@###,api,2025-01-01T19:39:00.000Z,10027,3383,702,2240,35
T21147,9137,Good & Bad mixed!!!,api,2025-01-16T07:12:00.000Z,5630,3034,492,2689,640
T21162,6891,Spark > Hadoop ???,api,2025-01-08T19:15:00.000Z,16399,2471,711,774,572
T21169,6915,Testing!!!@@@###,api,2025-01-24T03:29:00.000Z,10027,2068,192,9,180
T21176,1023,Testing!!!@@@###,api,2025-01-03T10:49:00.000Z,19287,2527,682,804,1739
T21194,8207,Good & Bad mixed!!!,api,2025-01-14T19:22:00.000Z,11282,4499,919,2838,719
T212,4660,Love this!!! 😊,ios,2025-01-23T16:58:00.000Z,3798,1718,630,2656,727
T21203,9366,Error###Detected,android,2025-01-19T02:14:00.000Z,19989,184,444,65,711
T21213,6224,Error###Detected,web,2025-01-12T09:41:00.000Z,10027,992,641,1620,243
T21214,4182,Spark > Hadoop ???,ios,2025-01-02T02:31:00.000Z,19473,4751,856,1155,472
T21217,1213,Love this!!! 😊,web,2025-01-18T16:20:00.000Z,8357,583,895,1487,1877
T21221,8665,Good & Bad mixed!!!,ios,2025-01-12T16:01:34.000Z,5357,4572,492,2678,1073
T21231,5413,Error###Detected,web,2025-01-17T06:57:00.000Z,821,2471,247,1219,1538
T21249,5239,Love this!!! 😊,unknown,2025-01-14T03:32:00.000Z,9585,2132,634,525,1462
T2125,8435,Spark > Hadoop ???,web,2025-01-02T10:15:00.000Z,10027,177,182,1852,301
T21251,3005,Good & Bad mixed!!!,api,2025-01-06T01:49:00.000Z,2693,4809,820,2887,1487
T21255,3565,Spark > Hadoop ???,android,2025-01-16T07:22:00.000Z,19842,329,823,748,1510
T21259,8779,Testing!!!@@@###,ios,2025-01-12T02:22:00.000Z,19954,1069,999,2651,966
T21260,8407,Worst service ever :(,ios,2025-01-03T14:57:00.000Z,2630,4370,95,1490,1075
T21277,5226,Streaming $$$ working,ios,2025-01-06T15:49:00.000Z,6491,4347,702,2080,421
T21279,9943,Worst service ever :(,web,2025-01-20T04:31:00.000Z,19324,3174,105,42,1106
T21281,9884,Error###Detected,ios,2025-01-04T07:31:00.000Z,729,4265,242,416,685
T21310,3260,Spark > Hadoop ???,ios,2025-01-12T17:48:00.000Z,19340,4493,679,1949,909
T21330,7796,Great product!!! #AI,android,2025-01-21T09:38:00.000Z,10000,4241,782,2286,40
T21332,2723,Streaming $$$ working,android,2025-01-21T00:21:00.000Z,15780,4202,821,820,600
T21349,9574,Error###Detected,api,2025-01-12T14:43:00.000Z,4318,2471,492,1862,1001
T2135,5407,Spark > Hadoop ???,unknown,2025-01-15T14:54:00.000Z,17191,362,637,1115,111
T21351,6462,Data pipeline broke @ midnight!!!,ios,2025-01-10T06:55:00.000Z,14163,3735,549,1460,1543
T2136,4619,Streaming $$$ working,web,2025-01-17T09:25:00.000Z,15935,1641,276,1813,961
T21360,4209,Null?? value??,android,2025-01-01T08:53:00.000Z,10034,909,587,921,1220
T21362,9738,Great product!!! #AI,android,2025-01-01T00:26:00.000Z,10700,2531,92,1803,225
T2137,5251,Spark > Hadoop ???,ios,2025-01-11T14:56:00.000Z,17395,3893,232,2393,993
T21407,7470,Worst service ever :(,ios,2025-01-04T17:29:00.000Z,14829,1235,905,812,549
T21408,6337,Worst service ever :(,ios,2025-01-21T21:57:00.000Z,19280,3815,421,1039,1744
T21441,6446,Streaming $$$ working,web,2025-01-03T08:13:00.000Z,12209,2385,836,697,764
T21450,8666,Good & Bad mixed!!!,api,2025-01-07T18:25:00.000Z,11861,1575,242,2806,103
T21458,6987,Worst service ever :(,api,2025-01-22T09:26:00.000Z,2476,2351,775,1381,1344
T21468,4214,Testing!!!@@@###,ios,2025-01-17T22:20:00.000Z,1155,335,319,505,42
T21483,4542,Worst service ever :(,android,2025-01-06T09:02:00.000Z,7230,2026,934,581,1001
T21496,1694,Data pipeline broke @ midnight!!!,android,2025-01-18T14:20:00.000Z,7337,3819,287,2294,232
T21497,7945,Worst service ever :(,ios,2025-01-19T18:12:00.000Z,10027,2471,444,2227,292
T21507,4230,Worst service ever :(,android,2025-01-24T00:01:00.000Z,18895,1798,913,1339,1669
T21510,7308,Good & Bad mixed!!!,api,2025-01-12T20:32:00.000Z,15676,581,743,1029,1435
T21526,8063,Error###Detected,unknown,2025-01-12T16:01:34.000Z,7735,2069,882,632,533
T21544,8020,Spark > Hadoop ???,android,2025-01-13T22:38:00.000Z,10172,3402,371,579,1722
T21564,1457,Data pipeline broke @ midnight!!!,ios,2025-01-03T13:08:00.000Z,11708,688,5,1069,1701
T21578,3531,Testing!!!@@@###,api,2025-01-01T09:15:00.000Z,16135,1920,414,1570,352
T21586,1534,Spark > Hadoop ???,api,2025-01-21T08:58:00.000Z,7749,4328,540,2720,475
T21595,5321,Great product!!! #AI,android,2025-01-13T07:58:00.000Z,10027,1046,127,2009,1356
T216,5749,Null?? value??,ios,2025-01-07T01:30:00.000Z,4939,174,141,1856,1001
T21603,8862,Streaming $$$ working,android,2025-01-12T05:28:00.000Z,18916,2187,17,474,302
T21611,3187,Testing!!!@@@###,api,2025-01-04T17:01:00.000Z,11883,1611,456,375,982
T21613,2171,Testing!!!@@@###,api,2025-01-13T09:56:00.000Z,6906,412,25,131,457
T21642,1752,Error###Detected,unknown,2025-01-05T01:16:00.000Z,5065,4634,727,647,1844
T21660,7996,Spark > Hadoop ???,android,2025-01-21T20:15:00.000Z,17488,4353,405,264,1140
T21662,8595,Good & Bad mixed!!!,api,2025-01-05T11:58:00.000Z,8206,1216,1000,2768,1223
T21666,7693,Good & Bad mixed!!!,ios,2025-01-13T12:32:00.000Z,18827,509,557,1589,58
T21689,2237,Null?? value??,web,2025-01-05T00:53:00.000Z,3507,4814,470,1290,514
T21694,2802,Worst service ever :(,android,2025-01-08T23:43:00.000Z,15514,1102,327,2474,1942
T21699,7079,Love this!!! 😊,ios,2025-01-03T09:09:00.000Z,541,683,663,610,204
T217,7247,Streaming $$$ working,ios,2025-01-23T10:34:00.000Z,7243,3532,834,1549,11
T21710,7539,Worst service ever :(,android,2025-01-13T23:59:00.000Z,13988,1128,333,1880,22
T21719,1975,Great product!!! #AI,web,2025-01-18T18:54:00.000Z,597,1302,785,721,318
T21723,3852,Love this!!! 😊,api,2025-01-12T00:12:00.000Z,11780,3533,248,1117,1001
T21727,1526,Great product!!! #AI,android,2025-01-16T03:04:00.000Z,6234,3986,492,1230,1896
T21733,9389,Error###Detected,api,2025-01-20T20:07:00.000Z,11036,2597,155,447,862
T21738,8747,Good & Bad mixed!!!,ios,2025-01-14T16:56:00.000Z,3442,4468,202,215,682
T21748,1658,Great product!!! #AI,web,2025-01-24T01:24:00.000Z,8030,3461,718,1142,1621
T21749,6105,Great product!!! #AI,android,2025-01-09T03:02:00.000Z,12360,2024,268,1695,1252
T21752,7188,Good & Bad mixed!!!,android,2025-01-07T00:25:00.000Z,15870,947,313,2371,1805
T21763,6389,Data pipeline broke @ midnight!!!,android,2025-01-12T16:01:34.000Z,11641,3356,941,1303,166
T21789,2670,Error###Detected,android,2025-01-01T10:48:00.000Z,2244,3002,919,1726,1822
T21792,1871,Streaming $$$ working,android,2025-01-12T11:18:00.000Z,8449,1069,198,2985,202
T21796,6854,Null?? value??,api,2025-01-05T10:19:00.000Z,8067,1185,607,888,1179
T21797,5597,Testing!!!@@@###,android,2025-01-12T16:01:34.000Z,16715,3725,693,1187,1583
T218,3899,Good & Bad mixed!!!,android,2025-01-11T04:04:00.000Z,4513,3149,50,1737,1159
T21822,2389,Testing!!!@@@###,web,2025-01-17T03:01:00.000Z,19338,3746,849,2484,1714
T21835,5697,Spark > Hadoop ???,android,2025-01-13T12:22:00.000Z,18409,428,415,1850,680
T21836,1706,Good & Bad mixed!!!,web,2025-01-12T04:20:00.000Z,18125,2448,940,1170,988
T21845,9097,Streaming $$$ working,web,2025-01-23T10:34:00.000Z,19408,274,819,2776,984
T21848,4926,Data pipeline broke @ midnight!!!,ios,2025-01-14T21:11:00.000Z,11766,2471,143,2013,1833
T21850,1727,Good & Bad mixed!!!,web,2025-01-03T13:32:00.000Z,9559,48,434,1523,1061
T21853,3585,Testing!!!@@@###,web,2025-01-14T05:49:00.000Z,8021,2804,975,2326,347
T21854,7189,Good & Bad mixed!!!,android,2025-01-10T19:22:00.000Z,8051,254,423,1854,920
T21860,7502,Data pipeline broke @ midnight!!!,web,2025-01-02T19:31:00.000Z,7697,12,24,473,1425
T21869,1167,Love this!!! 😊,ios,2025-01-05T06:18:00.000Z,3972,4948,151,431,458
T21876,7603,Testing!!!@@@###,ios,2025-01-07T21:42:00.000Z,14864,3968,411,1167,57
T21877,8233,Good & Bad mixed!!!,api,2025-01-22T08:54:00.000Z,14831,765,232,1487,1444
T21894,2784,Null?? value??,android,2025-01-03T20:19:00.000Z,1158,2330,445,2415,1913
T21899,5522,Streaming $$$ working,unknown,2025-01-07T19:11:00.000Z,16591,166,890,998,1073
T21907,3766,Spark > Hadoop ???,android,2025-01-11T23:37:00.000Z,1087,1930,302,1435,1161
T21919,1804,Streaming $$$ working,api,2025-01-02T23:06:00.000Z,4186,1602,240,2875,161
T21923,9764,Good & Bad mixed!!!,web,2025-01-04T08:50:00.000Z,2368,3580,196,1204,695
T21956,1622,Spark > Hadoop ???,api,2025-01-09T05:16:00.000Z,5589,1079,233,1487,1147
T21989,6879,Worst service ever :(,api,2025-01-10T00:51:00.000Z,778,0,432,1627,1261
T22,6892,Testing!!!@@@###,web,2025-01-05T17:32:00.000Z,16845,836,154,1313,1149
T220,6516,Data pipeline broke @ midnight!!!,android,2025-01-13T10:11:00.000Z,16901,4026,619,1614,507
T2200,7286,Null?? value??,android,2025-01-06T15:05:00.000Z,9430,4217,466,2978,1564
T22005,6794,Love this!!! 😊,android,2025-01-09T03:22:00.000Z,16887,1963,641,625,1205
T22028,6767,Love this!!! 😊,android,2025-01-19T15:20:00.000Z,7760,2034,497,498,815
T22035,2118,Good & Bad mixed!!!,api,2025-01-15T20:09:00.000Z,15268,3664,492,1597,11
T22053,2805,Streaming $$$ working,web,2025-01-14T14:58:00.000Z,3286,3453,891,417,1634
T22056,9295,Null?? value??,ios,2025-01-17T10:30:00.000Z,10937,4628,45,1386,1137
T22058,7059,Worst service ever :(,ios,2025-01-15T08:59:00.000Z,84,671,953,2857,251
T22094,4105,Null?? value??,ios,2025-01-14T12:17:00.000Z,16925,4970,859,2793,430
T22099,7457,Error###Detected,api,2025-01-12T16:21:00.000Z,13827,4967,169,2466,1464
T22100,8392,Error###Detected,web,2025-01-20T01:06:00.000Z,6630,1558,830,736,277
T22103,2178,Streaming $$$ working,ios,2025-01-15T02:35:00.000Z,3679,1192,64,1487,1285
T22105,6552,Testing!!!@@@###,android,2025-01-10T00:22:00.000Z,14449,2278,221,2560,1939
T22112,3474,Worst service ever :(,ios,2025-01-11T07:52:00.000Z,18600,4665,733,2144,711
T22113,5859,Data pipeline broke @ midnight!!!,api,2025-01-10T14:29:00.000Z,14691,4877,933,1821,1947
T22121,1899,Spark > Hadoop ???,api,2025-01-15T05:30:00.000Z,10027,3088,503,13,1975
T22122,1304,Worst service ever :(,android,2025-01-01T12:26:00.000Z,17574,607,409,809,1724
T22137,8556,Data pipeline broke @ midnight!!!,ios,2025-01-23T08:45:00.000Z,3110,2774,727,2189,1856
T2214,9614,Worst service ever :(,ios,2025-01-06T20:49:00.000Z,17753,1388,279,1594,1067
T22155,2443,Love this!!! 😊,android,2025-01-04T18:40:00.000Z,10331,26,949,901,1906
T22158,8360,Spark > Hadoop ???,ios,2025-01-14T11:48:00.000Z,10694,4918,52,2121,1433
T22160,8673,Data pipeline broke @ midnight!!!,api,2025-01-13T07:11:00.000Z,12514,2471,651,2016,692
T22163,3502,Great product!!! #AI,api,2025-01-09T05:48:00.000Z,7782,809,571,865,1326
T22168,8761,Spark > Hadoop ???,api,2025-01-15T15:37:00.000Z,13855,4187,292,2750,1989
T22176,2443,Testing!!!@@@###,api,2025-01-08T14:56:00.000Z,17295,3990,259,2687,1208
T22177,5966,Good & Bad mixed!!!,api,2025-01-15T06:21:00.000Z,7851,967,379,2971,753
T22181,9640,Good & Bad mixed!!!,web,2025-01-23T06:02:00.000Z,9245,2471,77,1487,906
T22192,2573,Worst service ever :(,android,2025-01-15T16:32:00.000Z,11605,2518,97,2971,98
T22193,7363,Streaming $$$ working,ios,2025-01-10T08:25:00.000Z,12706,4362,309,2003,98
T22211,7685,Error###Detected,unknown,2025-01-08T12:19:00.000Z,15959,1831,329,2867,1749
T22213,1643,Spark > Hadoop ???,android,2025-01-22T11:22:00.000Z,18814,4080,181,795,527
T22219,2633,Good & Bad mixed!!!,unknown,2025-01-10T08:56:00.000Z,5540,779,371,1900,1314
T22220,6267,Spark > Hadoop ???,android,2025-01-04T22:35:00.000Z,10027,4196,620,2298,650
T22237,6944,Error###Detected,web,2025-01-09T11:00:00.000Z,8651,4707,994,49,1453
T22239,8009,Data pipeline broke @ midnight!!!,android,2025-01-16T13:46:00.000Z,5943,3395,821,1980,321
T22241,9343,Streaming $$$ working,android,2025-01-17T01:32:00.000Z,12115,3297,992,2710,738
T2225,4459,Love this!!! 😊,android,2025-01-17T09:36:00.000Z,10027,2350,43,2667,326
T22287,4012,Testing!!!@@@###,api,2025-01-03T20:24:00.000Z,1236,312,107,1487,1937
T22298,5615,Testing!!!@@@###,web,2025-01-04T17:34:00.000Z,13398,1264,121,1183,1641
T22311,8301,Streaming $$$ working,android,2025-01-18T16:37:00.000Z,10027,1355,473,1487,767
T22315,2982,Streaming $$$ working,android,2025-01-23T00:06:00.000Z,7685,3206,16,1817,1584
T22320,3025,Streaming $$$ working,api,2025-01-03T04:53:00.000Z,15142,2984,793,1529,707
T22331,7396,Good & Bad mixed!!!,web,2025-01-17T19:51:00.000Z,10477,406,284,1031,488
T22338,8815,Streaming $$$ working,ios,2025-01-01T13:35:00.000Z,18331,83,972,17,908
T22340,8811,Spark > Hadoop ???,ios,2025-01-09T23:32:00.000Z,2113,4898,963,90,748
T2236,9674,Streaming $$$ working,ios,2025-01-05T13:53:00.000Z,6672,2471,741,898,665
T22361,9723,Spark > Hadoop ???,api,2025-01-04T09:48:00.000Z,8382,2397,974,832,1338
T22362,3262,Great product!!! #AI,android,2025-01-04T09:41:00.000Z,4988,1204,300,2484,1134
T22365,2363,Good & Bad mixed!!!,android,2025-01-02T12:00:00.000Z,17554,597,599,2219,1302
T22384,6491,Error###Detected,android,2025-01-15T12:27:00.000Z,1563,4803,418,575,1721
T22389,8729,Error###Detected,web,2025-01-18T11:12:00.000Z,10027,3570,356,522,1664
T2239,3293,Love this!!! 😊,ios,2025-01-04T01:59:00.000Z,8636,2471,508,1011,178
T22406,4078,Good & Bad mixed!!!,web,2025-01-22T03:43:00.000Z,17794,3748,200,1393,1813
T22408,2620,Good & Bad mixed!!!,api,2025-01-11T03:35:00.000Z,1776,4352,135,1487,437
T22409,1322,Good & Bad mixed!!!,api,2025-01-23T07:23:00.000Z,2907,2989,465,2315,826
T2241,9862,Testing!!!@@@###,web,2025-01-08T03:56:00.000Z,6146,4841,553,930,1143
T2242,5048,Great product!!! #AI,web,2025-01-05T08:32:00.000Z,18994,960,150,2500,1930
T22450,9708,Null?? value??,android,2025-01-06T22:14:00.000Z,9705,3209,200,1998,1752
T22466,9316,Data pipeline broke @ midnight!!!,api,2025-01-12T16:01:34.000Z,4994,4100,681,620,347
T22478,7896,Love this!!! 😊,android,2025-01-04T10:47:00.000Z,15355,2434,432,1780,121
T22484,8726,Love this!!! 😊,ios,2025-01-02T22:23:00.000Z,15580,3023,270,1519,1247
T22485,2667,Spark > Hadoop ???,android,2025-01-21T21:22:00.000Z,16377,2513,702,54,1899
T22491,9105,Love this!!! 😊,android,2025-01-01T02:03:00.000Z,6327,2471,130,2116,675
T22493,5738,Spark > Hadoop ???,web,2025-01-11T17:57:00.000Z,15097,2471,270,2516,1348
T22506,9987,Spark > Hadoop ???,api,2025-01-02T18:27:00.000Z,6554,1858,783,1165,111
T22527,7741,Data pipeline broke @ midnight!!!,web,2025-01-19T19:24:00.000Z,705,4657,477,1539,416
T2255,8003,Null?? value??,android,2025-01-19T04:58:00.000Z,16305,3255,323,128,1828
T22550,2664,Great product!!! #AI,web,2025-01-12T04:04:00.000Z,9803,2173,651,483,1335
T22559,4436,Error###Detected,ios,2025-01-09T13:04:00.000Z,13187,3158,373,103,1583
T22561,6474,Good & Bad mixed!!!,web,2025-01-04T08:53:00.000Z,9598,130,499,887,647
T2257,2694,Spark > Hadoop ???,web,2025-01-03T14:41:00.000Z,11481,3717,183,942,967
T22573,5746,Streaming $$$ working,web,2025-01-09T11:04:00.000Z,14522,3842,173,488,418
T22587,1323,Love this!!! 😊,api,2025-01-03T22:52:00.000Z,4484,1217,180,1685,1307
T22615,7418,Testing!!!@@@###,android,2025-01-02T23:46:00.000Z,15492,3957,507,523,233
T22616,5144,Spark > Hadoop ???,unknown,2025-01-18T18:41:00.000Z,2745,3587,39,806,379
T22638,4244,Worst service ever :(,ios,2025-01-18T18:37:00.000Z,12716,127,905,2842,353
T2264,2166,Error###Detected,android,2025-01-23T12:00:00.000Z,13549,2140,929,1752,832
T22666,9763,Love this!!! 😊,unknown,2025-01-06T02:45:00.000Z,13403,2819,559,2943,1564
T22670,3852,Null?? value??,web,2025-01-21T03:10:00.000Z,3949,2143,308,1266,1001
T22678,1497,Spark > Hadoop ???,api,2025-01-03T10:55:00.000Z,15180,1226,877,1039,1437
T22708,6005,Testing!!!@@@###,api,2025-01-16T04:37:00.000Z,14412,2875,321,2134,1916
T22716,2068,Streaming $$$ working,ios,2025-01-07T06:19:00.000Z,15793,2074,639,883,1704
T22727,5151,Error###Detected,ios,2025-01-19T06:31:00.000Z,10027,1288,8,969,1455
T22736,8605,Good & Bad mixed!!!,api,2025-01-21T09:18:00.000Z,5244,91,69,440,1663
T22752,4945,Spark > Hadoop ???,ios,2025-01-09T01:33:00.000Z,16056,168,765,2179,724
T22756,1807,Great product!!! #AI,api,2025-01-14T05:22:00.000Z,9288,1869,492,2009,832
T2276,7570,Spark > Hadoop ???,web,2025-01-12T08:36:00.000Z,6532,2236,683,2387,437
T22761,7154,Spark > Hadoop ???,android,2025-01-15T19:49:00.000Z,5948,501,492,830,594
T22762,9427,Love this!!! 😊,android,2025-01-08T11:46:00.000Z,19850,4501,141,892,245
T2277,3829,Love this!!! 😊,web,2025-01-02T07:48:00.000Z,2344,4067,965,970,1320
T2278,8151,Great product!!! #AI,ios,2025-01-04T02:54:00.000Z,1185,2408,309,2045,726
T22796,3560,Love this!!! 😊,web,2025-01-01T00:39:00.000Z,19736,4436,612,472,250
T22801,7448,Testing!!!@@@###,android,2025-01-10T21:58:00.000Z,8202,2688,32,2648,45
T22802,8995,Love this!!! 😊,ios,2025-01-21T02:34:00.000Z,18856,1393,364,2276,673
T22805,5312,Testing!!!@@@###,android,2025-01-01T19:36:00.000Z,19428,3305,190,1393,1066
T2282,6959,Great product!!! #AI,android,2025-01-04T03:39:00.000Z,5431,4543,122,1487,847
T22844,8279,Great product!!! #AI,web,2025-01-12T16:01:34.000Z,8378,320,253,1426,896
T22845,2409,Great product!!! #AI,api,2025-01-12T16:01:34.000Z,9795,41,739,2300,279
T22846,8095,Worst service ever :(,web,2025-01-22T22:36:00.000Z,12255,1337,171,594,1559
T22848,4894,Spark > Hadoop ???,ios,2025-01-12T02:19:00.000Z,4925,3991,768,1509,1805
T22853,7093,Null?? value??,ios,2025-01-10T15:31:00.000Z,7694,2173,527,1621,1929
T2286,1991,Null?? value??,ios,2025-01-11T14:27:00.000Z,19431,3050,292,1487,618
T22864,9600,Great product!!! #AI,ios,2025-01-07T17:02:00.000Z,2564,2497,357,2649,1899
T22885,9240,Spark > Hadoop ???,api,2025-01-13T10:44:00.000Z,13609,2410,11,1487,293
T22888,1359,Error###Detected,android,2025-01-12T16:01:34.000Z,2925,3600,655,1716,1771
T22890,9056,Love this!!! 😊,ios,2025-01-07T15:31:00.000Z,12063,4190,926,285,317
T22901,6393,Good & Bad mixed!!!,android,2025-01-08T07:53:00.000Z,2372,3128,939,2301,644
T22905,4437,Testing!!!@@@###,web,2025-01-04T21:10:00.000Z,12084,2033,224,173,1240
T2295,5718,Data pipeline broke @ midnight!!!,web,2025-01-09T19:24:00.000Z,15538,835,416,717,593
T22951,6129,Love this!!! 😊,ios,2025-01-21T20:38:00.000Z,12789,2471,282,1203,592
T22966,3511,Error###Detected,api,2025-01-16T11:20:00.000Z,19567,1168,492,2871,1382
T22980,7338,Good & Bad mixed!!!,android,2025-01-02T17:48:00.000Z,8883,4205,1,264,963
T22994,9848,Love this!!! 😊,ios,2025-01-15T09:10:00.000Z,7343,2243,784,2357,688
T23,5288,Worst service ever :(,ios,2025-01-19T09:24:00.000Z,18358,252,740,2140,490
T2300,1915,Love this!!! 😊,api,2025-01-16T04:18:00.000Z,11991,1196,701,1766,1153
T23005,4589,Testing!!!@@@###,web,2025-01-12T16:01:34.000Z,14064,2433,649,608,1351
T23014,2817,Spark > Hadoop ???,api,2025-01-18T14:33:00.000Z,11947,2013,492,1163,1667
T23018,2411,Null?? value??,web,2025-01-19T02:17:00.000Z,15229,1912,467,837,742
T23022,2594,Data pipeline broke @ midnight!!!,android,2025-01-12T16:01:34.000Z,11576,3242,740,1253,23
T23024,3782,Love this!!! 😊,web,2025-01-19T10:34:00.000Z,12535,1986,1000,2267,697
T23032,2659,Streaming $$$ working,api,2025-01-21T20:06:00.000Z,6289,1623,43,506,1338
T2304,4980,Data pipeline broke @ midnight!!!,ios,2025-01-15T17:04:00.000Z,15299,1217,992,503,124
T23046,8098,Great product!!! #AI,web,2025-01-05T13:57:00.000Z,10027,1790,208,2254,1180
T23051,2596,Worst service ever :(,ios,2025-01-12T16:01:34.000Z,617,2008,906,2964,382
T23066,4414,Love this!!! 😊,web,2025-01-06T05:01:00.000Z,10237,809,655,2025,1176
T23072,2741,Love this!!! 😊,api,2025-01-03T08:19:00.000Z,6601,790,370,2422,424
T23078,9161,Null?? value??,api,2025-01-12T16:01:34.000Z,1541,3961,652,1524,507
T23087,7759,Streaming $$$ working,ios,2025-01-09T17:38:00.000Z,13540,2123,839,1439,31
T23090,4217,Good & Bad mixed!!!,ios,2025-01-10T02:52:00.000Z,12468,546,800,997,264
T23100,4576,Testing!!!@@@###,ios,2025-01-16T02:16:00.000Z,4380,815,934,2187,1693
T23114,3605,Great product!!! #AI,web,2025-01-20T18:49:00.000Z,8866,1021,349,2568,970
T2312,4173,Love this!!! 😊,android,2025-01-04T14:28:00.000Z,3582,2471,925,1487,559
T23171,7571,Great product!!! #AI,android,2025-01-13T21:10:00.000Z,6046,4200,90,2554,567
T23176,5295,Worst service ever :(,unknown,2025-01-13T08:24:00.000Z,19136,4351,374,2827,303
T23196,7722,Great product!!! #AI,web,2025-01-12T14:41:00.000Z,17919,3203,35,1894,1624
T232,6457,Good & Bad mixed!!!,ios,2025-01-16T10:44:00.000Z,13184,1623,117,722,1467
T2321,9487,Worst service ever :(,web,2025-01-13T01:20:00.000Z,5685,4342,388,63,78
T23215,4797,Null?? value??,android,2025-01-12T09:47:00.000Z,15009,4138,335,852,715
T23218,6007,Testing!!!@@@###,ios,2025-01-18T20:32:00.000Z,14244,2373,250,1510,1403
T23223,2758,Data pipeline broke @ midnight!!!,android,2025-01-08T08:07:00.000Z,3599,1117,869,1104,843
T2325,2655,Great product!!! #AI,android,2025-01-11T09:24:00.000Z,959,3152,437,998,1766
T23264,1644,Data pipeline broke @ midnight!!!,ios,2025-01-09T08:09:00.000Z,3157,3883,605,2543,870
T23292,1166,Great product!!! #AI,ios,2025-01-05T22:41:00.000Z,10027,1611,519,1485,273
T23297,7253,Null?? value??,ios,2025-01-06T05:26:00.000Z,6459,2471,718,1090,960
T23305,1957,Great product!!! #AI,api,2025-01-12T16:01:34.000Z,8188,1411,992,170,1272
T23313,2989,Streaming $$$ working,unknown,2025-01-09T03:12:00.000Z,9168,4659,417,2748,64
T23319,3768,Love this!!! 😊,android,2025-01-01T23:55:00.000Z,17015,1540,262,1133,764
T23323,4785,Great product!!! #AI,api,2025-01-19T13:44:00.000Z,9772,4363,168,451,1361
T2333,7611,Testing!!!@@@###,ios,2025-01-13T22:55:00.000Z,2975,2451,819,1987,719
T23333,8399,Streaming $$$ working,api,2025-01-10T15:58:00.000Z,3120,2941,928,1016,1653
T23336,8039,Streaming $$$ working,android,2025-01-17T02:28:00.000Z,11262,1721,347,2805,142
T23339,1327,Data pipeline broke @ midnight!!!,web,2025-01-09T04:01:00.000Z,3929,155,879,1487,1044
T2334,3750,Good & Bad mixed!!!,android,2025-01-03T07:22:00.000Z,18721,1616,323,2181,899
T23342,9439,Good & Bad mixed!!!,android,2025-01-19T06:24:00.000Z,16371,144,4,2338,1492
T23357,7917,Worst service ever :(,android,2025-01-21T11:37:00.000Z,12414,1174,413,2700,1865
T23363,9748,Worst service ever :(,web,2025-01-12T16:01:34.000Z,749,167,323,1487,459
T23380,9808,Streaming $$$ working,unknown,2025-01-08T22:35:00.000Z,5095,1428,417,2156,1118
T23384,2633,Great product!!! #AI,api,2025-01-09T13:40:00.000Z,11808,1176,196,1487,1015
T2339,9154,Data pipeline broke @ midnight!!!,api,2025-01-01T13:01:00.000Z,17356,886,115,2624,1647
T23397,1929,Null?? value??,web,2025-01-14T10:10:00.000Z,16455,2817,437,191,529
T23402,2188,Data pipeline broke @ midnight!!!,api,2025-01-15T05:23:00.000Z,11592,3289,584,1264,567
T23423,9998,Good & Bad mixed!!!,web,2025-01-03T21:59:00.000Z,19877,2602,339,818,1290
T23431,6773,Love this!!! 😊,android,2025-01-15T18:09:00.000Z,16095,2803,383,2162,1467
T23440,4850,Null?? value??,ios,2025-01-07T22:32:00.000Z,19624,3725,261,1578,1604
T23455,9486,Love this!!! 😊,web,2025-01-05T01:13:00.000Z,11332,1103,164,1957,1001
T23459,4021,Error###Detected,ios,2025-01-05T00:43:00.000Z,15529,4434,681,2021,1541
T23460,2772,Testing!!!@@@###,api,2025-01-11T07:56:00.000Z,5430,2471,322,2448,981
T23490,5877,Data pipeline broke @ midnight!!!,ios,2025-01-08T02:27:00.000Z,18070,3819,589,1190,42
T2350,9960,Worst service ever :(,api,2025-01-22T20:06:00.000Z,8755,3035,546,2406,1724
T23500,3949,Good & Bad mixed!!!,ios,2025-01-08T20:17:00.000Z,19318,419,217,1438,614
T23512,7791,Great product!!! #AI,ios,2025-01-19T00:28:00.000Z,10295,554,326,2078,1928
T2352,3591,Love this!!! 😊,ios,2025-01-14T01:55:00.000Z,11309,2471,854,2660,125
T23521,8645,Good & Bad mixed!!!,web,2025-01-01T10:20:00.000Z,14447,4154,645,577,959
T23524,9615,Spark > Hadoop ???,unknown,2025-01-22T06:14:00.000Z,2139,1631,631,724,112
T2353,2739,Great product!!! #AI,android,2025-01-22T16:19:00.000Z,18328,2471,340,1126,558
T23538,9780,Good & Bad mixed!!!,unknown,2025-01-02T07:12:00.000Z,6710,4501,14,331,555
T2354,6545,Worst service ever :(,web,2025-01-01T13:08:00.000Z,1951,3007,231,543,344
T23550,6731,Streaming $$$ working,api,2025-01-01T03:50:00.000Z,445,526,51,2605,1844
T23551,7703,Great product!!! #AI,ios,2025-01-20T06:32:00.000Z,12980,4241,756,2105,358
T23552,5772,Good & Bad mixed!!!,ios,2025-01-23T22:02:00.000Z,123,4255,907,442,698
T23563,5492,Worst service ever :(,ios,2025-01-15T05:47:00.000Z,13873,2706,341,1228,1699
T23569,5374,Testing!!!@@@###,web,2025-01-23T13:54:00.000Z,5577,1877,556,523,237
T23580,3398,Data pipeline broke @ midnight!!!,ios,2025-01-08T08:59:00.000Z,8922,25,815,2266,1001
T23582,3922,Error###Detected,android,2025-01-11T23:44:00.000Z,14916,2829,999,1475,1001
T23583,5107,Spark > Hadoop ???,ios,2025-01-21T13:30:00.000Z,11271,2445,903,669,869
T23594,2288,Testing!!!@@@###,web,2025-01-17T11:11:00.000Z,15602,44,278,744,1111
T23599,3735,Streaming $$$ working,web,2025-01-06T11:37:00.000Z,16863,3989,178,735,1751
T23612,9566,Love this!!! 😊,api,2025-01-22T04:58:00.000Z,17978,2266,272,576,1085
T23618,2950,Testing!!!@@@###,android,2025-01-22T19:51:00.000Z,3203,735,581,1090,645
T23642,6146,Data pipeline broke @ midnight!!!,android,2025-01-16T17:27:00.000Z,8912,3835,722,1487,575
T23661,9627,Data pipeline broke @ midnight!!!,api,2025-01-12T16:01:34.000Z,3191,4154,561,349,946
T23663,7350,Error###Detected,ios,2025-01-04T12:27:00.000Z,13580,4890,758,1567,260
T23679,8985,Error###Detected,web,2025-01-10T11:30:00.000Z,9699,3836,46,216,911
T23680,3246,Data pipeline broke @ midnight!!!,android,2025-01-12T02:56:00.000Z,14460,1866,492,213,645
T23690,9026,Error###Detected,ios,2025-01-17T10:36:00.000Z,3308,3240,5,2563,1300
T23716,4723,Great product!!! #AI,ios,2025-01-12T16:01:34.000Z,5487,3191,852,2489,1752
T23721,3944,Great product!!! #AI,ios,2025-01-13T19:32:00.000Z,15955,4754,492,2244,1001
T23723,9957,Worst service ever :(,web,2025-01-17T10:30:00.000Z,1475,1693,505,2425,628
T23754,5599,Testing!!!@@@###,api,2025-01-21T00:42:00.000Z,11961,121,931,1776,1936
T23756,7266,Love this!!! 😊,web,2025-01-07T17:24:00.000Z,18091,3794,543,1578,1594
T23761,1002,Data pipeline broke @ midnight!!!,unknown,2025-01-01T20:12:00.000Z,19369,167,943,1713,1816
T23772,2245,Great product!!! #AI,ios,2025-01-10T21:19:00.000Z,19033,4762,492,2322,383
T23782,9358,Null?? value??,ios,2025-01-06T14:05:00.000Z,10368,395,142,133,882
T23786,8665,Worst service ever :(,ios,2025-01-22T00:20:00.000Z,17982,796,593,249,10
T23787,3695,Testing!!!@@@###,api,2025-01-12T16:01:34.000Z,18068,765,492,1799,1743
T23788,5023,Null?? value??,unknown,2025-01-12T07:25:00.000Z,3269,417,355,1417,1910
T2380,3578,Testing!!!@@@###,web,2025-01-21T08:09:00.000Z,8614,4393,289,289,1195
T23806,2201,Data pipeline broke @ midnight!!!,ios,2025-01-17T19:44:00.000Z,5121,2471,203,1161,1702
T2381,3370,Error###Detected,web,2025-01-08T23:25:00.000Z,2338,2726,635,2078,1463
T2382,2629,Error###Detected,api,2025-01-13T01:20:00.000Z,12000,2651,283,2280,1025
T23834,7551,Streaming $$$ working,web,2025-01-11T19:37:00.000Z,3294,2428,979,976,994
T23844,5340,Testing!!!@@@###,web,2025-01-18T17:32:00.000Z,5448,1427,58,2298,339
T23853,3929,Worst service ever :(,ios,2025-01-03T05:23:00.000Z,11424,2882,885,1487,1736
T23854,3065,Good & Bad mixed!!!,api,2025-01-18T16:49:00.000Z,11032,2471,750,515,1123
T23859,3804,Great product!!! #AI,ios,2025-01-03T05:23:00.000Z,1655,4971,386,2826,1728
T23862,8982,Testing!!!@@@###,api,2025-01-02T22:57:00.000Z,14002,2980,757,970,121
T23863,3363,Testing!!!@@@###,ios,2025-01-06T19:39:00.000Z,303,2686,256,2503,351
T23867,7660,Error###Detected,ios,2025-01-21T08:51:00.000Z,10190,3230,59,2982,1586
T23883,5525,Spark > Hadoop ???,android,2025-01-14T23:03:00.000Z,4362,803,520,1999,280
T23886,7395,Love this!!! 😊,android,2025-01-20T21:39:00.000Z,7202,4924,402,768,1942
T23893,2267,Streaming $$$ working,api,2025-01-15T06:45:00.000Z,3920,2032,960,584,1753
T23897,7298,Good & Bad mixed!!!,web,2025-01-11T16:54:00.000Z,12549,893,458,801,489
T23922,6088,Good & Bad mixed!!!,ios,2025-01-13T12:52:00.000Z,12742,662,695,2666,635
T23943,1552,Love this!!! 😊,android,2025-01-16T17:25:00.000Z,6684,3417,960,41,1920
T23954,4941,Love this!!! 😊,android,2025-01-01T19:57:00.000Z,19801,2204,842,1384,122
T23961,3899,Null?? value??,api,2025-01-18T22:27:00.000Z,2299,3750,502,715,50
T23965,3642,Good & Bad mixed!!!,api,2025-01-22T15:09:00.000Z,16176,1647,921,2684,1207
T23973,7511,Love this!!! 😊,ios,2025-01-17T11:40:00.000Z,3321,1808,257,549,701
T23974,4751,Testing!!!@@@###,ios,2025-01-21T22:07:00.000Z,14885,4624,783,136,942
T2398,3733,Error###Detected,unknown,2025-01-20T18:52:00.000Z,6272,2986,337,2501,999
T23984,4794,Love this!!! 😊,api,2025-01-14T21:57:00.000Z,13170,1722,708,2996,254
T23996,8150,Great product!!! #AI,ios,2025-01-08T03:11:00.000Z,17205,3374,492,1487,1830
T2400,3111,Streaming $$$ working,android,2025-01-21T14:14:00.000Z,8568,3154,382,274,637
T24004,6896,Good & Bad mixed!!!,android,2025-01-16T07:45:00.000Z,902,1200,144,1790,528
T24009,1222,Good & Bad mixed!!!,web,2025-01-22T01:13:00.000Z,12096,4821,632,871,1685
T24019,8066,Love this!!! 😊,api,2025-01-02T02:19:00.000Z,18022,173,760,1677,1374
T24020,2471,Null?? value??,ios,2025-01-01T21:06:00.000Z,7486,1380,362,2708,1170
T24021,5512,Error###Detected,android,2025-01-12T16:01:34.000Z,3580,76,580,1107,625
T24036,8499,Error###Detected,web,2025-01-17T20:02:00.000Z,1310,1924,492,2036,1082
T24042,2270,Streaming $$$ working,api,2025-01-09T13:39:00.000Z,16951,366,11,2656,1210
T24048,9695,Data pipeline broke @ midnight!!!,ios,2025-01-14T07:49:00.000Z,11911,1602,569,977,185
T24063,1525,Great product!!! #AI,api,2025-01-10T15:38:00.000Z,19992,1385,743,1653,1917
T24071,3002,Good & Bad mixed!!!,web,2025-01-06T03:34:00.000Z,8634,4851,6,603,132
T24074,2029,Love this!!! 😊,web,2025-01-11T16:17:00.000Z,3866,1067,85,1295,760
T24089,2854,Error###Detected,android,2025-01-02T08:18:00.000Z,169,1068,117,2546,1906
T2410,8548,Null?? value??,ios,2025-01-02T18:40:00.000Z,15553,4806,205,784,1247
T24102,5784,Streaming $$$ working,unknown,2025-01-18T23:04:00.000Z,14020,4714,844,868,619
T24112,5054,Streaming $$$ working,api,2025-01-11T20:39:00.000Z,5346,590,532,2650,1238
T2412,2977,Testing!!!@@@###,web,2025-01-18T16:22:00.000Z,14586,1868,249,2324,1697
T24125,8511,Testing!!!@@@###,web,2025-01-11T13:44:00.000Z,1135,3979,217,1192,1012
T24133,2994,Testing!!!@@@###,web,2025-01-16T09:55:00.000Z,6468,1709,789,2542,605
T24136,2438,Error###Detected,api,2025-01-18T06:10:00.000Z,18311,1179,638,1207,1087
T2414,4826,Testing!!!@@@###,web,2025-01-11T21:22:00.000Z,2108,2541,926,2921,1883
T24140,2106,Spark > Hadoop ???,api,2025-01-06T13:33:00.000Z,18922,1717,901,1487,423
T24150,6640,Great product!!! #AI,web,2025-01-23T15:04:00.000Z,3150,2747,728,1692,110
T24151,3898,Testing!!!@@@###,ios,2025-01-18T04:04:00.000Z,7089,1041,478,1155,210
T24154,1706,Spark > Hadoop ???,unknown,2025-01-18T10:19:00.000Z,7874,3120,132,2188,88
T24178,8051,Good & Bad mixed!!!,web,2025-01-06T14:41:00.000Z,10027,907,393,2136,1538
T24179,4031,Love this!!! 😊,api,2025-01-23T22:11:00.000Z,18613,837,778,2621,1379
T24185,5822,Spark > Hadoop ???,android,2025-01-16T02:58:00.000Z,1324,1140,105,854,729
T24197,8578,Worst service ever :(,web,2025-01-21T07:53:00.000Z,4726,1142,125,1063,1001
T24208,2013,Null?? value??,api,2025-01-15T07:58:00.000Z,14267,3555,11,487,1967
T24237,9460,Great product!!! #AI,ios,2025-01-22T12:31:00.000Z,16475,4869,492,2310,974
T24243,8328,Streaming $$$ working,ios,2025-01-09T22:46:00.000Z,17570,1910,737,89,689
T24250,1792,Spark > Hadoop ???,web,2025-01-10T14:00:00.000Z,9676,139,604,1970,1826
T24251,8739,Data pipeline broke @ midnight!!!,ios,2025-01-02T16:19:00.000Z,3976,3941,49,1620,806
T24255,2248,Spark > Hadoop ???,android,2025-01-09T00:48:00.000Z,2228,2784,593,1715,1032
T24260,2294,Great product!!! #AI,android,2025-01-15T04:33:00.000Z,15749,3333,326,1487,1044
T24263,4043,Error###Detected,api,2025-01-22T18:34:00.000Z,4805,4953,923,859,438
T24269,5079,Testing!!!@@@###,web,2025-01-14T10:11:00.000Z,13176,4151,58,524,119
T24278,7455,Error###Detected,android,2025-01-14T06:59:00.000Z,3414,3996,17,2503,1412
T2428,1966,Love this!!! 😊,unknown,2025-01-20T05:00:00.000Z,2847,1633,155,843,694
T24280,2228,Spark > Hadoop ???,ios,2025-01-16T04:48:00.000Z,15095,1696,747,1562,986
T24284,2067,Error###Detected,android,2025-01-10T08:31:00.000Z,17344,3425,686,2818,1527
T24289,6643,Null?? value??,web,2025-01-08T19:41:00.000Z,11046,241,14,1640,1290
T24296,8408,Love this!!! 😊,web,2025-01-06T19:01:00.000Z,10027,2893,122,1830,1673
T243,8897,Great product!!! #AI,ios,2025-01-23T20:31:00.000Z,18055,4846,492,1240,285
T24308,3946,Error###Detected,ios,2025-01-03T09:32:00.000Z,19561,1070,664,2738,833
T24326,1818,Great product!!! #AI,api,2025-01-19T20:31:00.000Z,8538,2997,533,1487,1090
T24335,9151,Null?? value??,api,2025-01-19T10:43:00.000Z,16728,2471,958,2870,388
T24336,9794,Testing!!!@@@###,api,2025-01-23T20:07:00.000Z,17996,1187,582,1258,1458
T24338,4594,Null?? value??,ios,2025-01-23T00:35:00.000Z,8093,241,334,1521,61
T24345,8183,Spark > Hadoop ???,api,2025-01-08T18:02:00.000Z,14530,4157,918,1059,893
T24353,6074,Spark > Hadoop ???,api,2025-01-11T04:13:00.000Z,11297,4918,695,608,581
T24360,5834,Error###Detected,web,2025-01-16T03:22:00.000Z,3986,2799,983,1478,372
T24364,2722,Data pipeline broke @ midnight!!!,api,2025-01-13T15:39:00.000Z,11759,3941,144,1379,858
T24373,9030,Spark > Hadoop ???,api,2025-01-06T15:53:00.000Z,17751,4033,737,463,714
T24376,7582,Love this!!! 😊,ios,2025-01-08T05:21:00.000Z,10457,2516,965,436,458
T24389,6557,Error###Detected,ios,2025-01-13T09:46:00.000Z,17443,4391,894,346,1670
T2440,2246,Great product!!! #AI,web,2025-01-19T15:19:00.000Z,11375,2471,707,280,1567
T24412,6881,Worst service ever :(,ios,2025-01-14T11:35:00.000Z,1045,1294,808,2058,1333
T24418,2238,Error###Detected,android,2025-01-21T05:28:00.000Z,12681,3609,901,205,807
T24433,4922,Error###Detected,web,2025-01-05T01:48:00.000Z,17239,337,324,425,652
T24453,3766,Great product!!! #AI,api,2025-01-14T22:44:00.000Z,10027,4453,855,954,902
T24454,2188,Testing!!!@@@###,api,2025-01-11T21:16:00.000Z,18831,737,1000,1487,853
T24464,5779,Error###Detected,api,2025-01-12T16:01:34.000Z,17682,901,557,2640,193
T24468,9529,Worst service ever :(,api,2025-01-23T00:59:00.000Z,3051,778,564,8,941
T24475,3395,Data pipeline broke @ midnight!!!,android,2025-01-17T16:11:00.000Z,7801,2471,727,248,1410
T2448,9912,Spark > Hadoop ???,api,2025-01-23T10:43:00.000Z,11663,3194,709,1487,1674
T24488,1798,Worst service ever :(,android,2025-01-01T03:32:00.000Z,13189,301,418,4,367
T24494,1668,Great product!!! #AI,android,2025-01-05T10:04:00.000Z,8649,4578,618,1680,1530
T24518,5488,Love this!!! 😊,android,2025-01-13T19:48:00.000Z,17453,1479,560,2364,1236
T24523,6385,Spark > Hadoop ???,api,2025-01-03T19:00:00.000Z,8015,173,189,2136,345
T24527,7557,Worst service ever :(,android,2025-01-22T02:48:00.000Z,14735,2269,980,2064,1570
T24531,1688,Streaming $$$ working,android,2025-01-17T19:11:00.000Z,3133,555,332,2729,1960
T24533,9932,Data pipeline broke @ midnight!!!,android,2025-01-09T13:03:00.000Z,12617,262,220,1400,417
T24546,8846,Null?? value??,ios,2025-01-20T05:20:00.000Z,6625,2471,109,770,1963
T24547,8532,Spark > Hadoop ???,api,2025-01-16T08:24:00.000Z,6062,767,675,350,750
T2455,7253,Error###Detected,android,2025-01-22T07:27:00.000Z,17443,1662,679,2643,1001
T24553,2618,Love this!!! 😊,api,2025-01-16T22:35:00.000Z,5618,1227,467,2425,985
T24582,3779,Good & Bad mixed!!!,api,2025-01-19T16:11:00.000Z,17927,4756,212,2550,694
T24584,3519,Worst service ever :(,api,2025-01-16T20:11:00.000Z,4923,2541,932,1037,68
T24596,3774,Great product!!! #AI,android,2025-01-05T00:40:00.000Z,5504,4382,383,2526,379
T24597,8627,Null?? value??,ios,2025-01-01T06:23:00.000Z,18491,749,432,2317,922
T2460,8596,Love this!!! 😊,android,2025-01-19T09:56:00.000Z,4215,1948,851,1487,1845
T24600,6629,Love this!!! 😊,api,2025-01-08T09:55:00.000Z,10738,909,84,1633,1800
T24639,4513,Streaming $$$ working,ios,2025-01-07T19:35:00.000Z,1569,3054,172,49,1421
T24643,9936,Testing!!!@@@###,ios,2025-01-16T11:56:00.000Z,15546,2528,901,1289,548
T24647,3636,Love this!!! 😊,android,2025-01-07T03:50:00.000Z,8815,382,46,1628,1434
T24656,6519,Data pipeline broke @ midnight!!!,android,2025-01-11T22:51:00.000Z,8368,3663,443,2072,1496
T2466,1072,Streaming $$$ working,android,2025-01-10T14:04:00.000Z,7939,3248,454,663,351
T24663,8845,Good & Bad mixed!!!,web,2025-01-12T11:55:00.000Z,7652,1236,597,2641,906
T2467,4686,Testing!!!@@@###,android,2025-01-18T17:59:00.000Z,17295,1600,492,1487,1001
T24671,9009,Null?? value??,api,2025-01-13T19:19:00.000Z,10027,1373,109,943,589
T2469,7032,Error###Detected,android,2025-01-05T19:52:00.000Z,1545,2667,58,1423,1976
T24702,1711,Love this!!! 😊,android,2025-01-03T18:44:00.000Z,16976,4646,518,187,1001
T24703,2125,Good & Bad mixed!!!,api,2025-01-01T16:43:00.000Z,10061,3326,971,2030,960
T24705,8425,Testing!!!@@@###,android,2025-01-12T16:01:34.000Z,8437,3148,145,2832,159
T24714,5147,Spark > Hadoop ???,api,2025-01-17T03:31:00.000Z,12698,1018,700,1285,125
T24715,2986,Data pipeline broke @ midnight!!!,api,2025-01-09T18:09:00.000Z,2912,2258,423,2833,622
T24728,5383,Error###Detected,android,2025-01-01T07:31:00.000Z,1777,1856,768,2885,1631
T24729,3211,Error###Detected,web,2025-01-12T16:01:34.000Z,10287,278,937,1487,751
T24730,9960,Testing!!!@@@###,android,2025-01-15T20:37:00.000Z,11738,2471,318,1,740
T24732,3640,Love this!!! 😊,android,2025-01-15T05:15:00.000Z,12190,3936,710,321,221
T24742,8354,Streaming $$$ working,api,2025-01-08T19:22:00.000Z,5363,1128,522,2811,1069
T24754,6483,Worst service ever :(,api,2025-01-01T08:05:00.000Z,11523,1162,384,2790,203
T24782,2445,Streaming $$$ working,android,2025-01-06T19:45:00.000Z,10027,1997,259,808,1444
T24794,5914,Spark > Hadoop ???,android,2025-01-23T21:20:00.000Z,17681,181,739,1484,1302
T24795,7765,Null?? value??,ios,2025-01-15T19:06:00.000Z,679,4027,870,1440,1809
T24819,9334,Good & Bad mixed!!!,web,2025-01-14T08:20:00.000Z,11638,997,442,1487,893
T24825,7731,Data pipeline broke @ midnight!!!,ios,2025-01-03T18:40:00.000Z,19349,4993,547,2910,1766
T24826,7448,Love this!!! 😊,ios,2025-01-13T05:06:00.000Z,4238,1394,468,1487,1472
T24852,1273,Error###Detected,android,2025-01-04T21:04:00.000Z,9894,3030,797,1073,266
T24886,1098,Good & Bad mixed!!!,ios,2025-01-23T10:24:00.000Z,6205,3563,913,754,1631
T24892,5766,Love this!!! 😊,android,2025-01-04T08:10:00.000Z,13366,2396,21,371,1241
T24898,1015,Data pipeline broke @ midnight!!!,android,2025-01-04T19:32:00.000Z,8473,365,166,773,1936
T24908,9162,Null?? value??,android,2025-01-13T10:29:00.000Z,15237,4478,492,1354,1668
T24909,2066,Love this!!! 😊,api,2025-01-02T20:22:00.000Z,11338,3581,73,18,431
T24910,6838,Love this!!! 😊,web,2025-01-24T01:34:00.000Z,9568,931,442,430,1002
T24918,6697,Good & Bad mixed!!!,android,2025-01-06T18:17:00.000Z,2426,736,31,1487,135
T2493,6450,Love this!!! 😊,ios,2025-01-11T23:37:00.000Z,1613,305,797,1305,533
T24933,2351,Streaming $$$ working,web,2025-01-08T02:54:00.000Z,15171,2532,400,1487,1131
T24936,4363,Spark > Hadoop ???,web,2025-01-11T00:30:00.000Z,1809,1144,80,242,1080
T24943,7134,Null?? value??,ios,2025-01-07T02:42:00.000Z,17591,1246,814,2293,1001
T24948,8686,Love this!!! 😊,ios,2025-01-20T20:09:00.000Z,10027,2881,49,352,1773
T24953,9065,Worst service ever :(,api,2025-01-12T16:01:34.000Z,4758,4766,821,2116,503
T24954,7015,Great product!!! #AI,android,2025-01-04T09:12:00.000Z,14476,2312,940,2677,292
T24959,7806,Data pipeline broke @ midnight!!!,unknown,2025-01-14T12:40:00.000Z,6250,4140,985,1073,1931
T24977,2795,Testing!!!@@@###,web,2025-01-17T20:27:00.000Z,1523,3903,261,794,551
T24986,2791,Error###Detected,api,2025-01-22T09:45:00.000Z,1333,2720,506,2684,495
T2500,3617,Good & Bad mixed!!!,android,2025-01-22T12:21:00.000Z,1427,190,240,836,1925
T25003,8640,Worst service ever :(,web,2025-01-21T03:35:00.000Z,12973,2613,892,2888,988
T25011,5264,Testing!!!@@@###,android,2025-01-22T04:45:00.000Z,340,2308,369,415,1808
T2502,3263,Data pipeline broke @ midnight!!!,web,2025-01-01T23:34:00.000Z,11550,3355,148,1581,4
T25023,5368,Null?? value??,web,2025-01-15T17:07:00.000Z,11893,3380,570,2522,652
T25032,6020,Error###Detected,ios,2025-01-19T06:43:00.000Z,12854,2471,731,909,2000
T25043,4170,Spark > Hadoop ???,ios,2025-01-03T16:18:00.000Z,7237,1666,421,1906,944
T25057,9802,Good & Bad mixed!!!,unknown,2025-01-01T07:02:00.000Z,19332,1623,618,2369,947
T25061,6124,Spark > Hadoop ???,web,2025-01-12T19:34:00.000Z,8151,3849,108,2811,1839
T25062,6645,Great product!!! #AI,web,2025-01-14T10:15:00.000Z,14186,2841,270,2440,1001
T25065,2288,Testing!!!@@@###,ios,2025-01-18T01:54:00.000Z,11861,2471,43,463,1172
T25079,9765,Error###Detected,ios,2025-01-20T21:59:00.000Z,9994,2132,184,998,1236
T2511,5045,Testing!!!@@@###,ios,2025-01-17T04:28:00.000Z,4910,2541,804,283,1160
T25110,7506,Streaming $$$ working,web,2025-01-17T03:05:00.000Z,10812,3637,492,1886,476
T25154,1395,Spark > Hadoop ???,android,2025-01-02T05:36:00.000Z,11910,2010,132,1487,1054
T25169,3347,Error###Detected,api,2025-01-18T07:19:00.000Z,17541,2471,347,931,1961
T2518,7911,Testing!!!@@@###,ios,2025-01-23T02:11:00.000Z,1355,386,432,517,1191
T25197,5722,Good & Bad mixed!!!,ios,2025-01-09T07:12:00.000Z,1803,2471,193,124,1215
T25208,2414,Worst service ever :(,web,2025-01-18T09:34:00.000Z,1348,3235,850,330,256
T25214,9906,Spark > Hadoop ???,android,2025-01-20T03:03:00.000Z,3244,2988,152,2475,1793
T25220,7048,Data pipeline broke @ midnight!!!,ios,2025-01-15T20:46:00.000Z,4284,46,691,2829,1437
T25244,1332,Null?? value??,web,2025-01-13T09:20:00.000Z,1702,4062,980,2091,1935
T25251,2437,Great product!!! #AI,unknown,2025-01-18T17:14:00.000Z,8975,3098,87,2545,505
T25269,7920,Love this!!! 😊,android,2025-01-13T23:11:00.000Z,8204,2471,903,759,500
T25273,5081,Testing!!!@@@###,ios,2025-01-22T21:09:00.000Z,5580,3173,202,66,1539
T25288,5088,Testing!!!@@@###,api,2025-01-07T06:25:00.000Z,16335,681,300,1642,1161
T25302,1144,Great product!!! #AI,ios,2025-01-12T16:01:34.000Z,10027,2583,192,480,760
T25312,5764,Good & Bad mixed!!!,web,2025-01-11T13:05:00.000Z,8317,2567,572,2548,1249
T25316,8169,Data pipeline broke @ midnight!!!,web,2025-01-19T14:16:00.000Z,7546,4055,439,1986,118
T25317,9755,Worst service ever :(,android,2025-01-06T05:32:00.000Z,12683,94,124,1487,1857
T25320,7577,Great product!!! #AI,unknown,2025-01-12T16:01:34.000Z,17477,3390,886,2145,1967
T25324,5889,Worst service ever :(,ios,2025-01-23T23:05:00.000Z,11496,2914,171,2812,204
T2533,2916,Testing!!!@@@###,android,2025-01-07T04:06:00.000Z,9491,1665,20,866,1001
T25341,2570,Testing!!!@@@###,ios,2025-01-18T08:04:00.000Z,1802,3949,500,2614,1993
T25351,4841,Spark > Hadoop ???,ios,2025-01-21T03:56:00.000Z,7655,1783,118,487,1739
T25363,1715,Good & Bad mixed!!!,android,2025-01-22T19:01:00.000Z,10818,4252,477,1514,1815
T2539,8047,Spark > Hadoop ???,web,2025-01-05T01:51:00.000Z,6344,2141,962,1620,1554
T25391,1705,Testing!!!@@@###,android,2025-01-15T17:31:00.000Z,18012,3255,918,2583,1407
T25399,5168,Streaming $$$ working,android,2025-01-21T16:38:00.000Z,707,4954,460,2943,1093
T25421,4287,Great product!!! #AI,ios,2025-01-17T14:06:00.000Z,9837,548,492,2032,1097
T25429,3977,Good & Bad mixed!!!,ios,2025-01-02T05:51:00.000Z,12816,4630,485,44,1170
T25442,4604,Great product!!! #AI,android,2025-01-19T10:00:00.000Z,12049,4720,611,498,129
T25444,3098,Error###Detected,ios,2025-01-07T08:50:00.000Z,16063,1548,714,2700,1001
T25452,4817,Error###Detected,android,2025-01-15T10:32:00.000Z,555,1323,324,1010,786
T25478,4146,Error###Detected,web,2025-01-04T21:42:00.000Z,124,2448,492,1944,759
T25480,6539,Good & Bad mixed!!!,web,2025-01-02T22:02:00.000Z,9826,1918,40,2442,806
T25501,7642,Love this!!! 😊,ios,2025-01-06T12:33:00.000Z,11625,15,213,1965,993
T25502,9161,Spark > Hadoop ???,ios,2025-01-17T01:24:00.000Z,13515,2747,550,1600,285
T25512,4509,Data pipeline broke @ midnight!!!,web,2025-01-04T18:26:00.000Z,9869,3864,56,2459,769
T25518,5813,Great product!!! #AI,ios,2025-01-03T07:58:00.000Z,3102,715,285,2524,1869
T25519,2001,Error###Detected,ios,2025-01-04T15:18:00.000Z,1266,333,255,708,1108
T25524,4448,Spark > Hadoop ???,api,2025-01-14T06:05:00.000Z,2308,3617,226,1626,162
T25529,2368,Testing!!!@@@###,ios,2025-01-23T10:54:00.000Z,2900,847,743,514,1772
T25549,9043,Spark > Hadoop ???,web,2025-01-13T10:12:00.000Z,16254,1175,674,46,1001
T25553,1318,Streaming $$$ working,ios,2025-01-12T17:21:00.000Z,18474,2613,328,1854,777
T25554,2615,Spark > Hadoop ???,android,2025-01-19T18:56:00.000Z,16097,4904,971,1722,910
T25557,6635,Error###Detected,ios,2025-01-17T17:52:00.000Z,15373,2471,150,1487,1539
T25565,4864,Love this!!! 😊,ios,2025-01-02T23:47:00.000Z,111,4571,461,894,292
T25574,6770,Testing!!!@@@###,ios,2025-01-08T04:31:00.000Z,14271,3261,176,2571,1301
T25577,7877,Love this!!! 😊,web,2025-01-22T05:51:00.000Z,434,2121,869,710,1413
T25589,3289,Spark > Hadoop ???,api,2025-01-06T17:08:00.000Z,10027,4965,338,931,632
T25607,5102,Testing!!!@@@###,ios,2025-01-13T08:23:00.000Z,19221,3637,634,2291,469
T25623,4255,Testing!!!@@@###,ios,2025-01-03T04:06:00.000Z,18356,3375,402,77,1717
T25631,9601,Good & Bad mixed!!!,ios,2025-01-16T14:11:00.000Z,11807,933,87,1516,1723
T2564,8997,Testing!!!@@@###,api,2025-01-12T08:47:00.000Z,10357,2198,890,2517,687
T25642,5765,Error###Detected,unknown,2025-01-01T23:23:00.000Z,8634,1521,708,2169,469
T2566,2752,Great product!!! #AI,android,2025-01-15T00:04:00.000Z,4768,4514,831,1382,232
T25669,8523,Worst service ever :(,android,2025-01-07T23:42:00.000Z,13641,1184,4,489,1001
T25673,8423,Data pipeline broke @ midnight!!!,unknown,2025-01-19T17:28:00.000Z,16252,2351,12,1478,238
T25694,2257,Worst service ever :(,ios,2025-01-13T00:53:00.000Z,14737,517,530,1227,1436
T25701,9217,Worst service ever :(,api,2025-01-12T16:01:34.000Z,4981,164,57,232,460
T25702,1926,Data pipeline broke @ midnight!!!,api,2025-01-21T06:53:00.000Z,18809,2527,369,2337,1882
T25712,4170,Error###Detected,android,2025-01-23T23:57:00.000Z,7393,1273,529,2108,1010
T25714,9881,Data pipeline broke @ midnight!!!,ios,2025-01-12T01:32:00.000Z,4147,2471,632,2509,1030
T25720,7840,Good & Bad mixed!!!,web,2025-01-08T23:44:00.000Z,13387,1534,298,2587,986
T25724,2112,Null?? value??,unknown,2025-01-08T09:01:00.000Z,9221,837,175,2693,540
T2574,9932,Spark > Hadoop ???,web,2025-01-10T16:39:00.000Z,15238,523,605,2541,1647
T25746,6892,Great product!!! #AI,web,2025-01-06T12:10:00.000Z,16310,3183,451,2329,1755
T25747,6592,Testing!!!@@@###,android,2025-01-22T10:04:00.000Z,8495,3310,575,356,1001
T25753,8642,Null?? value??,ios,2025-01-03T04:23:00.000Z,10202,4644,237,1904,1961
T25755,1645,Great product!!! #AI,api,2025-01-17T17:55:00.000Z,19799,3564,124,341,490
T2576,6077,Streaming $$$ working,ios,2025-01-13T02:35:00.000Z,5887,1561,641,841,168
T25767,9119,Streaming $$$ working,web,2025-01-01T17:14:00.000Z,8832,87,878,762,1430
T25777,6635,Love this!!! 😊,android,2025-01-13T15:07:00.000Z,1635,3697,938,27,439
T25779,2654,Good & Bad mixed!!!,api,2025-01-16T10:57:00.000Z,18048,3285,762,2333,1554
T25780,1643,Streaming $$$ working,api,2025-01-14T03:28:00.000Z,4133,4437,696,682,596
T25783,9347,Streaming $$$ working,api,2025-01-03T04:00:00.000Z,12238,2891,647,2590,1835
T25799,7096,Null?? value??,web,2025-01-02T05:31:00.000Z,5458,3508,866,598,424
T25805,7188,Worst service ever :(,web,2025-01-03T18:23:00.000Z,11566,2072,231,506,1837
T25825,6764,Spark > Hadoop ???,ios,2025-01-13T02:16:00.000Z,13911,1190,958,513,1797
T2584,3063,Streaming $$$ working,api,2025-01-03T03:10:00.000Z,16620,769,863,2326,1832
T25842,1999,Good & Bad mixed!!!,android,2025-01-20T14:57:00.000Z,10962,4744,882,1577,1830
T25846,7324,Good & Bad mixed!!!,android,2025-01-13T05:27:00.000Z,3884,3750,589,731,1986
T25850,5042,Good & Bad mixed!!!,web,2025-01-16T06:07:00.000Z,17249,1036,194,2971,1208
T25856,5184,Testing!!!@@@###,android,2025-01-07T09:16:00.000Z,5123,2173,210,2805,10
T25858,7103,Null?? value??,ios,2025-01-13T02:35:00.000Z,14650,1175,566,1669,1120
T25859,4297,Testing!!!@@@###,web,2025-01-16T23:45:00.000Z,8016,289,158,456,1129
T25872,9624,Testing!!!@@@###,android,2025-01-14T07:40:00.000Z,4579,2554,304,343,1507
T25875,6459,Streaming $$$ working,api,2025-01-20T20:25:00.000Z,19866,2789,285,1901,1001
T25878,2566,Love this!!! 😊,android,2025-01-14T07:03:00.000Z,1124,4276,688,2151,41
T25888,7845,Testing!!!@@@###,ios,2025-01-04T05:11:00.000Z,1808,3741,314,1301,895
T25889,1925,Error###Detected,android,2025-01-12T21:22:00.000Z,10027,328,142,393,1245
T25891,9659,Good & Bad mixed!!!,ios,2025-01-17T04:22:00.000Z,12188,4515,639,2165,1473
T25896,1551,Worst service ever :(,api,2025-01-21T03:37:00.000Z,10728,802,939,2086,1856
T25904,2714,Error###Detected,android,2025-01-07T02:32:00.000Z,14642,596,62,13,1348
T25912,7684,Error###Detected,android,2025-01-01T10:34:00.000Z,10027,1036,346,1862,12
T25922,2062,Data pipeline broke @ midnight!!!,ios,2025-01-12T16:01:34.000Z,10027,4892,779,2832,734
T25925,3800,Testing!!!@@@###,ios,2025-01-07T13:25:00.000Z,17149,1568,555,2714,190
T25931,1714,Streaming $$$ working,android,2025-01-20T15:43:00.000Z,15479,4692,341,1487,860
T2594,5433,Testing!!!@@@###,web,2025-01-20T18:18:00.000Z,15269,1607,356,1487,1175
T25945,6430,Love this!!! 😊,api,2025-01-23T11:34:00.000Z,2348,508,823,2524,809
T25953,8551,Testing!!!@@@###,web,2025-01-15T20:03:00.000Z,13992,2245,286,2529,1762
T25955,9065,Good & Bad mixed!!!,android,2025-01-08T12:14:00.000Z,1890,3894,91,484,562
T25967,6936,Error###Detected,android,2025-01-20T01:51:00.000Z,3783,4969,48,2367,39
T25968,4397,Streaming $$$ working,web,2025-01-19T12:23:00.000Z,10027,4855,273,1495,337
T25974,2839,Testing!!!@@@###,web,2025-01-03T02:47:00.000Z,18927,2471,510,2726,303
T25976,5293,Worst service ever :(,android,2025-01-10T14:48:00.000Z,3252,1092,274,663,1049
T25977,4885,Great product!!! #AI,api,2025-01-18T10:01:00.000Z,16564,264,226,2828,771
T25988,7923,Streaming $$$ working,web,2025-01-09T17:19:00.000Z,13989,271,297,1822,1795
T25989,2483,Error###Detected,ios,2025-01-23T06:37:00.000Z,9586,1221,492,1204,437
T25998,8013,Error###Detected,api,2025-01-13T02:08:00.000Z,13000,4583,677,2569,951
T26,4739,Error###Detected,web,2025-01-22T00:54:00.000Z,2385,563,713,1417,928
T26005,2531,Good & Bad mixed!!!,web,2025-01-22T18:06:00.000Z,7955,4910,2,1654,1704
T26010,8717,Love this!!! 😊,ios,2025-01-10T18:47:00.000Z,19159,2736,22,2049,1995
T26018,8848,Love this!!! 😊,ios,2025-01-13T03:02:00.000Z,13236,2845,203,2706,1253
T26047,6119,Error###Detected,web,2025-01-21T19:08:00.000Z,10623,1676,839,485,8
T26069,1879,Worst service ever :(,api,2025-01-10T08:37:00.000Z,14579,1453,83,77,59
T26086,2159,Data pipeline broke @ midnight!!!,ios,2025-01-01T13:47:00.000Z,13031,3063,397,1323,772
T26087,8194,Great product!!! #AI,ios,2025-01-03T04:57:00.000Z,15724,2363,4,1997,214
T26088,7024,Streaming $$$ working,api,2025-01-23T08:44:00.000Z,4963,2113,511,1246,1273
T26093,9944,Testing!!!@@@###,api,2025-01-16T09:37:00.000Z,14148,129,954,86,369
T26107,6106,Error###Detected,api,2025-01-17T11:49:00.000Z,5204,2831,314,185,636
T26115,1107,Worst service ever :(,api,2025-01-07T23:42:00.000Z,5886,2748,480,1185,425
T26128,1350,Spark > Hadoop ???,web,2025-01-16T13:28:00.000Z,5686,2198,824,2382,533
T26133,9636,Testing!!!@@@###,api,2025-01-19T01:29:00.000Z,18492,3727,271,2441,749
T26142,8055,Spark > Hadoop ???,android,2025-01-20T22:36:00.000Z,13454,3513,492,1367,1632
T26146,4425,Great product!!! #AI,ios,2025-01-02T05:15:00.000Z,19820,923,909,2850,1491
T26162,5444,Spark > Hadoop ???,ios,2025-01-04T10:48:00.000Z,11298,3523,686,2754,278
T26166,9259,Streaming $$$ working,api,2025-01-02T12:20:00.000Z,11856,2939,724,1277,208
T26169,7808,Spark > Hadoop ???,ios,2025-01-16T16:46:00.000Z,1266,4900,188,2667,925
T26175,5512,Great product!!! #AI,android,2025-01-22T14:23:00.000Z,10027,785,262,1941,1388
T26176,5717,Great product!!! #AI,ios,2025-01-14T02:24:00.000Z,15375,4108,751,2835,260
T26177,9434,Great product!!! #AI,api,2025-01-12T21:55:00.000Z,12987,373,415,1616,749
T26182,1207,Data pipeline broke @ midnight!!!,ios,2025-01-19T21:41:00.000Z,9487,2265,631,1402,1001
T26190,1105,Love this!!! 😊,web,2025-01-13T21:00:00.000Z,13848,3562,369,1753,1452
T26209,7262,Streaming $$$ working,ios,2025-01-08T15:07:00.000Z,19885,2826,515,707,871
T26211,2429,Spark > Hadoop ???,api,2025-01-20T22:29:00.000Z,9635,2663,160,774,1362
T26230,4769,Great product!!! #AI,web,2025-01-19T05:12:00.000Z,14348,663,714,1444,1333
T26231,7171,Error###Detected,web,2025-01-11T23:04:00.000Z,2103,3035,686,1487,933
T26233,6318,Streaming $$$ working,android,2025-01-06T07:48:00.000Z,19306,3671,815,2237,40
T26238,3469,Null?? value??,android,2025-01-21T03:50:00.000Z,13492,591,21,316,1288
T26241,1521,Love this!!! 😊,web,2025-01-01T01:10:00.000Z,4325,2091,444,2342,165
T26244,4598,Data pipeline broke @ midnight!!!,web,2025-01-10T10:49:00.000Z,10242,2720,660,1518,418
T26249,4776,Spark > Hadoop ???,android,2025-01-12T16:01:34.000Z,7202,262,528,1497,1487
T26254,9459,Great product!!! #AI,web,2025-01-02T20:03:00.000Z,14611,2540,168,2691,625
T26261,6590,Error###Detected,ios,2025-01-12T16:01:34.000Z,12800,2491,888,412,1636
T26274,4811,Spark > Hadoop ???,web,2025-01-18T14:02:00.000Z,4881,2431,781,1251,168
T26283,4011,Great product!!! #AI,ios,2025-01-12T20:10:00.000Z,17112,608,178,2716,1823
T26305,1203,Error###Detected,ios,2025-01-08T15:02:00.000Z,136,2471,332,755,1526
T26311,3147,Testing!!!@@@###,api,2025-01-23T01:53:00.000Z,18028,1786,249,2748,1247
T26338,2407,Great product!!! #AI,unknown,2025-01-21T07:38:00.000Z,4074,3946,471,1439,1618
T26349,3910,Error###Detected,android,2025-01-14T16:57:00.000Z,2700,4569,461,1472,665
T26375,4662,Data pipeline broke @ midnight!!!,web,2025-01-06T03:11:00.000Z,6168,4531,492,2912,1183
T26377,8359,Data pipeline broke @ midnight!!!,web,2025-01-04T01:24:00.000Z,10403,137,505,502,51
T26392,1647,Worst service ever :(,web,2025-01-10T18:56:00.000Z,11216,3106,256,2945,754
T26400,4577,Streaming $$$ working,web,2025-01-14T20:49:00.000Z,17651,4706,1,2994,1482
T2641,6352,Good & Bad mixed!!!,api,2025-01-12T14:12:00.000Z,6673,4479,577,635,1075
T26416,9071,Spark > Hadoop ???,ios,2025-01-13T20:31:00.000Z,799,2720,995,2873,1616
T26417,6353,Worst service ever :(,api,2025-01-15T17:13:00.000Z,10027,283,7,813,1059
T26424,8137,Worst service ever :(,api,2025-01-14T10:52:00.000Z,4687,2266,199,1180,573
T2644,5182,Data pipeline broke @ midnight!!!,api,2025-01-12T16:49:00.000Z,14290,623,669,294,1001
T26440,8806,Spark > Hadoop ???,android,2025-01-06T12:08:00.000Z,8041,1211,774,1885,660
T26441,4066,Worst service ever :(,android,2025-01-19T00:05:00.000Z,2076,3988,709,1030,501
T26446,7260,Streaming $$$ working,ios,2025-01-01T18:08:00.000Z,18551,746,641,1163,249
T26480,9055,Streaming $$$ working,api,2025-01-14T02:07:00.000Z,16829,2471,823,2210,1001
T26484,9851,Spark > Hadoop ???,web,2025-01-15T07:24:00.000Z,2952,2563,813,324,259
T2650,1011,Love this!!! 😊,android,2025-01-12T05:57:00.000Z,18231,2553,223,441,324
T26507,6465,Love this!!! 😊,web,2025-01-18T03:41:00.000Z,18376,292,207,231,121
T26515,3601,Worst service ever :(,web,2025-01-04T23:54:00.000Z,2876,3754,11,1031,1963
T26534,8460,Love this!!! 😊,web,2025-01-03T02:09:00.000Z,18700,2471,767,949,1216
T26540,2154,Error###Detected,android,2025-01-16T20:25:00.000Z,15418,2024,615,115,1770
T26550,3171,Data pipeline broke @ midnight!!!,ios,2025-01-04T16:51:00.000Z,5327,1781,139,989,1548
T26554,3199,Streaming $$$ working,android,2025-01-16T14:28:00.000Z,16907,2340,780,1336,1027
T26555,5759,Spark > Hadoop ???,web,2025-01-12T16:01:34.000Z,3438,2707,228,2978,1134
T26562,1791,Null?? value??,ios,2025-01-21T18:49:00.000Z,15272,1895,787,1487,104
T26580,8532,Streaming $$$ working,android,2025-01-06T04:27:00.000Z,11381,2471,532,160,128
T26591,3116,Worst service ever :(,android,2025-01-24T03:26:00.000Z,9302,1678,838,285,1191
T26592,9634,Null?? value??,api,2025-01-12T04:30:00.000Z,17783,239,87,2113,364
T26598,3373,Good & Bad mixed!!!,api,2025-01-13T17:00:00.000Z,13601,396,467,2590,295
T266,5689,Testing!!!@@@###,api,2025-01-11T00:18:00.000Z,19532,3951,755,278,1861
T26626,1808,Data pipeline broke @ midnight!!!,android,2025-01-14T20:51:00.000Z,10027,3647,692,2975,1001
T26629,6504,Error###Detected,web,2025-01-23T13:41:00.000Z,8034,196,743,255,376
T2663,2112,Null?? value??,web,2025-01-18T13:09:00.000Z,5903,209,647,1487,1802
T26649,3324,Worst service ever :(,android,2025-01-17T01:42:00.000Z,17065,2684,757,2670,1001
T2665,4708,Great product!!! #AI,api,2025-01-12T16:01:34.000Z,12297,1419,951,1380,599
T26659,1829,Data pipeline broke @ midnight!!!,api,2025-01-19T15:12:00.000Z,14014,446,584,763,1410
T26671,6805,Good & Bad mixed!!!,web,2025-01-07T13:34:00.000Z,16661,3858,12,1856,1333
T26674,8967,Spark > Hadoop ???,api,2025-01-16T00:40:00.000Z,5612,2922,237,1555,237
T26679,9074,Good & Bad mixed!!!,api,2025-01-21T11:42:00.000Z,4295,2913,130,1526,1915
T2668,8387,Null?? value??,web,2025-01-13T15:36:00.000Z,6839,3295,562,2377,1486
T26684,8921,Error###Detected,api,2025-01-08T05:35:00.000Z,12219,1491,964,453,1346
T2669,6037,Null?? value??,android,2025-01-21T04:58:00.000Z,14173,3521,535,1487,493
T26693,1434,Error###Detected,android,2025-01-19T07:19:00.000Z,11146,4417,150,1487,1675
T26701,4906,Good & Bad mixed!!!,android,2025-01-12T16:01:34.000Z,16843,2273,879,640,1781
T26714,3607,Data pipeline broke @ midnight!!!,android,2025-01-04T02:16:00.000Z,1122,3362,699,1681,1177
T26719,8155,Love this!!! 😊,ios,2025-01-17T03:08:00.000Z,6065,3687,112,2,1122
T26722,4947,Error###Detected,web,2025-01-19T06:26:00.000Z,16242,678,662,2663,390
T26725,8781,Good & Bad mixed!!!,ios,2025-01-20T02:57:00.000Z,17496,4146,949,1487,315
T26742,6489,Love this!!! 😊,android,2025-01-06T20:55:00.000Z,11012,422,492,191,289
T26750,8386,Testing!!!@@@###,android,2025-01-23T23:47:00.000Z,17030,2471,453,736,253
T26752,2663,Great product!!! #AI,api,2025-01-15T19:41:00.000Z,19669,4926,197,2069,180
T26782,7978,Spark > Hadoop ???,ios,2025-01-21T05:15:00.000Z,14348,4420,630,2739,568
T26793,9528,Streaming $$$ working,web,2025-01-04T13:27:00.000Z,11637,3351,825,1778,822
T26799,6555,Null?? value??,api,2025-01-20T16:28:00.000Z,10027,4266,873,218,1698
T26808,9202,Spark > Hadoop ???,api,2025-01-18T18:53:00.000Z,13216,1800,745,1158,490
T26828,4073,Streaming $$$ working,web,2025-01-19T02:06:00.000Z,10884,1517,151,2206,105
T26853,2273,Null?? value??,android,2025-01-19T15:13:00.000Z,12595,1121,987,1386,507
T26864,7267,Null?? value??,unknown,2025-01-02T09:58:00.000Z,4632,2197,379,997,1815
T2688,7155,Good & Bad mixed!!!,unknown,2025-01-04T14:05:00.000Z,16184,537,123,1137,161
T26911,3757,Testing!!!@@@###,web,2025-01-24T00:00:00.000Z,1533,2395,446,2456,1710
T26914,8921,Love this!!! 😊,web,2025-01-10T13:56:00.000Z,953,3882,587,2767,1120
T26920,6953,Spark > Hadoop ???,web,2025-01-01T16:27:00.000Z,13742,3294,106,382,627
T26948,7465,Null?? value??,web,2025-01-13T22:18:00.000Z,17691,147,492,809,1001
T26958,5316,Null?? value??,api,2025-01-13T14:18:00.000Z,10027,1835,34,1244,224
T26959,7468,Null?? value??,web,2025-01-23T06:26:00.000Z,15216,722,815,2124,1626
T26960,8041,Testing!!!@@@###,ios,2025-01-12T02:06:00.000Z,17675,2743,111,2208,127
T26971,6699,Spark > Hadoop ???,ios,2025-01-14T07:14:00.000Z,1778,3267,494,1924,727
T26987,9862,Worst service ever :(,android,2025-01-09T10:28:00.000Z,1894,2041,543,801,1868
T27022,5930,Error###Detected,ios,2025-01-07T22:53:00.000Z,2006,4887,635,1790,1052
T2703,4966,Testing!!!@@@###,ios,2025-01-04T06:09:00.000Z,4259,2967,430,1357,1900
T27033,7901,Love this!!! 😊,api,2025-01-04T11:37:00.000Z,2945,1771,617,1487,1558
T27034,6148,Spark > Hadoop ???,api,2025-01-12T16:01:34.000Z,1786,2862,382,127,1981
T27037,8015,Spark > Hadoop ???,android,2025-01-22T13:05:00.000Z,16119,3841,230,628,894
T27045,2520,Love this!!! 😊,android,2025-01-17T01:17:00.000Z,4081,2030,60,1425,1178
T27047,8672,Error###Detected,android,2025-01-16T18:08:00.000Z,18171,2487,539,1869,1219
T2705,3393,Good & Bad mixed!!!,web,2025-01-14T14:36:00.000Z,15297,4095,120,2791,786
T27067,2659,Null?? value??,android,2025-01-17T01:38:00.000Z,18865,941,757,1148,1613
T27089,6595,Data pipeline broke @ midnight!!!,android,2025-01-15T11:30:00.000Z,7568,1895,284,2968,1426
T27098,8938,Data pipeline broke @ midnight!!!,web,2025-01-11T06:31:00.000Z,9113,4640,799,730,954
T27101,6283,Good & Bad mixed!!!,api,2025-01-04T05:43:00.000Z,10027,858,730,2909,1478
T27124,8816,Testing!!!@@@###,api,2025-01-13T07:29:00.000Z,15497,2916,748,839,908
T27126,1524,Love this!!! 😊,api,2025-01-22T13:59:00.000Z,13566,4682,492,570,883
T27136,4382,Spark > Hadoop ???,android,2025-01-22T22:09:00.000Z,19804,1754,771,2511,1808
T27138,7037,Worst service ever :(,web,2025-01-15T07:54:00.000Z,3327,527,448,2897,1034
T27140,7902,Good & Bad mixed!!!,web,2025-01-23T20:05:00.000Z,9721,2410,507,705,1460
T27143,8656,Data pipeline broke @ midnight!!!,api,2025-01-01T00:03:00.000Z,1742,570,1000,1659,220
T27145,7589,Null?? value??,android,2025-01-17T07:48:00.000Z,6882,4949,635,1564,1411
T27146,8311,Love this!!! 😊,android,2025-01-19T07:17:00.000Z,15530,2504,563,423,347
T27167,7416,Error###Detected,android,2025-01-12T00:08:00.000Z,14361,3557,839,1487,28
T27183,3427,Data pipeline broke @ midnight!!!,web,2025-01-23T22:50:00.000Z,15339,2471,416,121,1001
T27195,5769,Null?? value??,web,2025-01-01T11:51:00.000Z,6050,1872,940,237,1105
T27204,4804,Spark > Hadoop ???,ios,2025-01-12T16:01:34.000Z,17686,229,895,2379,878
T27216,3911,Null?? value??,web,2025-01-06T03:16:00.000Z,3857,77,744,2622,1578
T2722,9254,Spark > Hadoop ???,ios,2025-01-16T02:37:00.000Z,5767,4535,44,1796,1001
T27228,9334,Streaming $$$ working,android,2025-01-12T16:01:34.000Z,4467,4388,986,788,1773
T27247,9046,Null?? value??,web,2025-01-11T04:42:00.000Z,5250,2089,934,374,1638
T27262,5726,Data pipeline broke @ midnight!!!,ios,2025-01-20T23:22:00.000Z,2950,4064,183,489,1585
T27266,2933,Null?? value??,api,2025-01-06T20:10:00.000Z,2928,2471,375,1623,1415
T27267,8573,Spark > Hadoop ???,ios,2025-01-18T20:49:00.000Z,3696,572,813,25,1001
T2727,3389,Great product!!! #AI,ios,2025-01-16T22:33:00.000Z,7456,1761,958,1589,1688
T27271,4952,Good & Bad mixed!!!,api,2025-01-08T13:05:00.000Z,4517,4438,169,1228,801
T27304,5378,Streaming $$$ working,api,2025-01-14T00:10:00.000Z,2386,4100,467,2330,672
T27316,1538,Good & Bad mixed!!!,api,2025-01-19T01:04:00.000Z,13356,965,470,2738,699
T27328,8080,Great product!!! #AI,ios,2025-01-08T11:20:00.000Z,16903,2973,963,2115,356
T27337,3276,Love this!!! 😊,ios,2025-01-01T00:59:00.000Z,14549,4090,492,1478,1500
T27339,5392,Streaming $$$ working,android,2025-01-11T21:01:00.000Z,13968,1143,364,1487,740
T27341,2554,Good & Bad mixed!!!,android,2025-01-20T05:58:00.000Z,19328,2848,252,1487,754
T27343,8768,Testing!!!@@@###,unknown,2025-01-13T17:09:00.000Z,4868,4518,126,2814,584
T27352,8104,Streaming $$$ working,api,2025-01-01T03:04:00.000Z,2032,2847,821,1334,1528
T27358,5225,Streaming $$$ working,android,2025-01-03T19:06:00.000Z,11947,4963,991,537,1001
T2736,6173,Data pipeline broke @ midnight!!!,android,2025-01-02T12:01:00.000Z,14420,3853,975,1653,1001
T27387,3978,Good & Bad mixed!!!,api,2025-01-10T05:27:00.000Z,18627,3352,169,837,113
T27394,3503,Love this!!! 😊,web,2025-01-18T06:22:00.000Z,5629,4661,153,1313,1727
T27409,6589,Error###Detected,api,2025-01-20T08:48:00.000Z,11653,571,947,56,772
T27428,1338,Spark > Hadoop ???,android,2025-01-13T18:02:00.000Z,17418,1944,13,322,415
T27433,7525,Testing!!!@@@###,web,2025-01-21T14:24:00.000Z,11449,4749,352,41,377
T27437,2168,Love this!!! 😊,android,2025-01-01T16:35:00.000Z,17101,3544,119,155,125
T27439,8836,Great product!!! #AI,android,2025-01-06T10:51:00.000Z,13049,2614,492,877,1144
T27441,4129,Worst service ever :(,ios,2025-01-21T01:06:00.000Z,11852,3970,262,823,1001
T27448,2723,Data pipeline broke @ midnight!!!,android,2025-01-14T17:42:00.000Z,215,4597,202,65,1124
T27455,7919,Love this!!! 😊,api,2025-01-18T23:58:00.000Z,906,1656,264,1427,419
T27459,9762,Streaming $$$ working,ios,2025-01-16T02:16:00.000Z,13936,250,839,1904,1144
T27460,7256,Love this!!! 😊,api,2025-01-18T03:49:00.000Z,16754,4939,791,447,1499
T2747,1317,Good & Bad mixed!!!,unknown,2025-01-06T22:53:00.000Z,2876,3613,973,2334,1785
T2748,8429,Spark > Hadoop ???,unknown,2025-01-07T02:30:00.000Z,17579,4091,103,2277,178
T27483,6928,Worst service ever :(,ios,2025-01-21T17:56:00.000Z,18629,2753,176,275,847
T27487,1123,Worst service ever :(,api,2025-01-18T21:06:00.000Z,18980,4678,801,2654,386
T27494,8524,Testing!!!@@@###,web,2025-01-11T20:45:00.000Z,19765,2471,42,702,109
T27510,5319,Love this!!! 😊,web,2025-01-09T06:39:00.000Z,14545,593,455,1954,324
T27514,3565,Data pipeline broke @ midnight!!!,web,2025-01-17T19:09:00.000Z,8072,126,49,1178,1760
T27527,6726,Null?? value??,android,2025-01-17T16:47:00.000Z,10922,4460,631,2949,1903
T27529,5709,Null?? value??,web,2025-01-23T23:07:00.000Z,12110,2249,871,2191,123
T27533,4699,Testing!!!@@@###,web,2025-01-02T08:03:00.000Z,1688,4921,228,593,1093
T27536,9004,Love this!!! 😊,unknown,2025-01-10T14:19:00.000Z,9942,935,297,1102,1072
T27560,6893,Love this!!! 😊,web,2025-01-23T10:43:00.000Z,15355,2430,623,2606,1598
T27566,6882,Great product!!! #AI,android,2025-01-16T18:11:00.000Z,2300,3419,544,2036,506
T27567,1754,Love this!!! 😊,api,2025-01-21T16:31:00.000Z,16450,1495,134,2175,1265
T27573,3343,Testing!!!@@@###,android,2025-01-11T00:57:00.000Z,9028,4891,492,1587,971
T27577,6702,Good & Bad mixed!!!,ios,2025-01-05T22:41:00.000Z,18383,36,208,1895,155
T27584,4559,Worst service ever :(,ios,2025-01-06T00:42:00.000Z,12749,2471,66,1126,1717
T2759,9271,Testing!!!@@@###,ios,2025-01-01T12:45:00.000Z,10060,4219,348,1948,726
T276,5267,Streaming $$$ working,android,2025-01-22T02:39:00.000Z,10027,4592,505,831,834
T27604,8235,Streaming $$$ working,android,2025-01-21T19:38:00.000Z,11077,4986,247,1653,1829
T27609,7143,Testing!!!@@@###,web,2025-01-15T05:52:00.000Z,16054,3605,161,582,163
T27612,9597,Love this!!! 😊,ios,2025-01-18T04:01:00.000Z,8901,3864,491,1194,1001
T27618,8857,Testing!!!@@@###,android,2025-01-20T11:50:00.000Z,9353,686,74,1370,1177
T27632,8079,Good & Bad mixed!!!,android,2025-01-17T22:59:00.000Z,2707,2868,259,2901,33
T27634,4802,Spark > Hadoop ???,ios,2025-01-16T12:29:00.000Z,10027,2471,99,2994,339
T27645,1789,Love this!!! 😊,api,2025-01-07T20:06:00.000Z,18221,3765,617,174,1854
T27647,7226,Data pipeline broke @ midnight!!!,ios,2025-01-15T01:02:00.000Z,16172,1781,510,2054,138
T27670,1619,Worst service ever :(,api,2025-01-12T16:01:34.000Z,14847,98,407,2031,516
T27676,8477,Data pipeline broke @ midnight!!!,web,2025-01-08T10:28:00.000Z,47,4886,238,301,1046
T2769,9262,Good & Bad mixed!!!,web,2025-01-06T08:29:00.000Z,10027,2471,733,1011,690
T27695,6526,Great product!!! #AI,ios,2025-01-18T18:43:00.000Z,10027,1762,5,1667,259
T27703,3283,Great product!!! #AI,ios,2025-01-13T15:38:00.000Z,19294,534,427,1048,1090
T27709,4932,Worst service ever :(,android,2025-01-17T03:19:00.000Z,12832,2019,694,1012,1923
T27726,3005,Testing!!!@@@###,unknown,2025-01-05T15:49:00.000Z,12687,485,855,2707,1617
T27742,7469,Streaming $$$ working,web,2025-01-21T12:45:00.000Z,3678,2526,242,571,1099
T27745,4284,Love this!!! 😊,web,2025-01-09T20:00:00.000Z,11739,103,333,1638,1178
T27747,6854,Good & Bad mixed!!!,web,2025-01-22T02:10:00.000Z,18371,1634,541,725,1985
T27752,8936,Streaming $$$ working,ios,2025-01-18T09:39:00.000Z,10455,3866,754,2633,75
T2776,7902,Spark > Hadoop ???,ios,2025-01-16T14:24:00.000Z,1515,708,402,870,1428
T27761,4853,Data pipeline broke @ midnight!!!,ios,2025-01-19T05:37:00.000Z,18831,2291,21,1487,482
T27765,3578,Null?? value??,android,2025-01-19T01:55:00.000Z,6682,4932,492,530,714
T27772,2246,Error###Detected,web,2025-01-02T08:31:00.000Z,7467,1283,942,2202,990
T27775,1244,Great product!!! #AI,android,2025-01-07T02:24:00.000Z,3621,4640,10,2876,1295
T27776,7921,Good & Bad mixed!!!,web,2025-01-08T01:12:00.000Z,1933,1254,538,1301,1009
T27803,3727,Love this!!! 😊,web,2025-01-17T15:48:00.000Z,18943,620,558,1428,1772
T27818,3156,Null?? value??,android,2025-01-01T19:47:00.000Z,7093,2471,337,2465,715
T2783,4307,Null?? value??,unknown,2025-01-01T15:52:00.000Z,15547,3884,300,2870,469
T27847,8654,Error###Detected,ios,2025-01-01T17:52:00.000Z,2798,4331,582,711,1171
T27848,5058,Good & Bad mixed!!!,unknown,2025-01-07T10:41:00.000Z,1293,2520,76,102,1178
T27849,2966,Worst service ever :(,web,2025-01-23T06:53:00.000Z,3794,182,834,1429,928
T27855,4723,Spark > Hadoop ???,ios,2025-01-19T02:00:00.000Z,4830,1545,111,821,832
T27862,7474,Data pipeline broke @ midnight!!!,web,2025-01-22T11:34:00.000Z,13341,1722,442,1986,568
T27873,1220,Testing!!!@@@###,api,2025-01-14T08:28:00.000Z,13892,2197,625,1308,1262
T27879,9042,Null?? value??,api,2025-01-17T03:44:00.000Z,6503,1168,191,2616,839
T27893,2593,Streaming $$$ working,ios,2025-01-01T19:16:00.000Z,8231,2471,131,74,1408
T27901,3159,Streaming $$$ working,web,2025-01-05T02:42:00.000Z,6853,2820,182,826,723
T27902,4438,Testing!!!@@@###,web,2025-01-17T01:21:00.000Z,7839,1265,311,1932,1247
T27905,2337,Good & Bad mixed!!!,api,2025-01-03T09:56:00.000Z,9910,392,228,2152,880
T27907,9203,Good & Bad mixed!!!,android,2025-01-16T09:50:00.000Z,14320,4858,920,2089,1694
T27916,3965,Good & Bad mixed!!!,api,2025-01-02T05:54:00.000Z,1940,2471,902,2329,116
T27945,7495,Data pipeline broke @ midnight!!!,ios,2025-01-04T23:42:00.000Z,13410,127,1000,2507,569
T27983,9878,Data pipeline broke @ midnight!!!,android,2025-01-01T07:41:00.000Z,10027,54,29,1262,650
T28007,5068,Good & Bad mixed!!!,api,2025-01-21T01:23:00.000Z,8056,3894,623,779,949
T28012,9931,Good & Bad mixed!!!,api,2025-01-14T07:46:00.000Z,17375,334,263,2769,1080
T28026,7803,Null?? value??,web,2025-01-02T14:41:00.000Z,12517,2471,473,2961,1001
T28033,1813,Data pipeline broke @ midnight!!!,android,2025-01-12T16:00:00.000Z,3411,254,701,765,314
T28036,7047,Spark > Hadoop ???,unknown,2025-01-04T16:51:00.000Z,4150,4320,957,606,63
T28041,8858,Good & Bad mixed!!!,api,2025-01-15T19:22:00.000Z,9220,297,701,600,1380
T28047,1660,Worst service ever :(,ios,2025-01-05T10:58:00.000Z,10027,1424,367,2928,1834
T28056,7825,Error###Detected,ios,2025-01-16T08:11:00.000Z,5809,1008,370,1589,384
T28062,8289,Great product!!! #AI,api,2025-01-10T20:51:00.000Z,10237,1980,219,1546,440
T28071,7896,Streaming $$$ working,web,2025-01-15T02:50:00.000Z,2545,4993,189,887,458
T28080,7459,Testing!!!@@@###,api,2025-01-05T17:02:00.000Z,5427,3350,804,2324,1001
T28081,2643,Spark > Hadoop ???,web,2025-01-14T15:36:00.000Z,16991,2223,714,2168,1993
T28083,9016,Testing!!!@@@###,api,2025-01-18T16:25:00.000Z,6838,3209,617,1524,722
T28091,3454,Worst service ever :(,android,2025-01-16T04:19:00.000Z,16669,350,453,1056,1841
T28092,1136,Good & Bad mixed!!!,android,2025-01-16T22:54:00.000Z,6643,1510,407,1006,563
T28106,9839,Spark > Hadoop ???,web,2025-01-11T00:29:00.000Z,14593,4123,668,722,1463
T28147,2626,Love this!!! 😊,api,2025-01-12T16:01:34.000Z,16104,693,403,1982,860
T28158,9506,Good & Bad mixed!!!,api,2025-01-22T21:25:00.000Z,13268,3532,713,753,361
T28159,4769,Error###Detected,ios,2025-01-06T19:45:00.000Z,2322,1103,224,433,1091
T2816,4353,Testing!!!@@@###,android,2025-01-13T08:02:00.000Z,10027,1782,492,2553,1485
T28168,3374,Love this!!! 😊,api,2025-01-06T15:38:00.000Z,16029,2471,845,2108,1024
T28184,9874,Spark > Hadoop ???,web,2025-01-16T06:30:00.000Z,17979,14,492,397,1792
T28192,8478,Null?? value??,android,2025-01-04T02:20:00.000Z,14966,3205,51,2223,850
T28209,3718,Good & Bad mixed!!!,api,2025-01-16T11:43:00.000Z,9031,3763,581,110,1066
T28248,3049,Data pipeline broke @ midnight!!!,android,2025-01-08T12:31:00.000Z,4974,3245,261,1313,1651
T28250,8662,Worst service ever :(,android,2025-01-12T18:18:00.000Z,249,3201,831,1621,355
T28252,4705,Spark > Hadoop ???,api,2025-01-07T03:17:00.000Z,15844,91,621,946,944
T28278,3625,Love this!!! 😊,api,2025-01-04T01:34:00.000Z,2430,76,121,2408,941
T28284,4872,Spark > Hadoop ???,api,2025-01-12T16:01:34.000Z,8422,1508,502,1913,983
T28287,2410,Data pipeline broke @ midnight!!!,ios,2025-01-15T15:49:00.000Z,19262,569,592,1273,241
T28289,1974,Worst service ever :(,android,2025-01-01T09:10:00.000Z,11582,2709,51,1424,1187
T28294,5085,Data pipeline broke @ midnight!!!,android,2025-01-19T05:21:00.000Z,10846,4891,855,2331,849
T28298,2511,Great product!!! #AI,web,2025-01-01T08:54:00.000Z,6519,1858,544,1831,126
T2831,2803,Streaming $$$ working,ios,2025-01-17T11:41:00.000Z,11523,4680,412,1487,1267
T28311,9930,Error###Detected,web,2025-01-16T23:51:00.000Z,8330,454,779,910,1778
T28316,3350,Love this!!! 😊,api,2025-01-23T01:48:00.000Z,18612,3862,404,638,199
T28323,3003,Streaming $$$ working,api,2025-01-15T23:11:00.000Z,19619,3018,998,635,1001
T2833,7734,Testing!!!@@@###,ios,2025-01-01T19:11:00.000Z,8352,2641,595,1487,799
T28338,5055,Error###Detected,api,2025-01-14T13:26:00.000Z,10155,479,492,2281,845
T28357,9841,Great product!!! #AI,android,2025-01-11T09:35:00.000Z,13719,884,12,1634,1659
T28360,5633,Good & Bad mixed!!!,ios,2025-01-02T02:58:00.000Z,14023,4881,342,1484,1854
T28377,7550,Good & Bad mixed!!!,api,2025-01-22T13:51:00.000Z,16693,4424,579,225,1812
T28380,4463,Data pipeline broke @ midnight!!!,android,2025-01-19T01:12:00.000Z,10398,467,496,1979,1367
T28394,3072,Good & Bad mixed!!!,ios,2025-01-12T16:01:34.000Z,18421,2092,109,52,875
T28413,1522,Testing!!!@@@###,api,2025-01-23T13:13:00.000Z,10563,3258,980,2244,1032
T28429,6192,Testing!!!@@@###,web,2025-01-01T16:13:00.000Z,18819,2471,678,2860,1597
T28441,5180,Streaming $$$ working,ios,2025-01-04T02:30:00.000Z,12842,39,201,914,65
T28453,9099,Spark > Hadoop ???,web,2025-01-16T11:32:00.000Z,2836,3420,638,1100,1487
T28457,5062,Good & Bad mixed!!!,android,2025-01-23T10:53:00.000Z,2850,2617,928,231,739
T28478,5042,Testing!!!@@@###,api,2025-01-02T01:33:00.000Z,9141,795,398,2948,681
T28506,4619,Data pipeline broke @ midnight!!!,api,2025-01-02T00:49:00.000Z,10027,1068,576,2143,1001
T28511,2848,Great product!!! #AI,web,2025-01-21T13:30:00.000Z,9133,1064,477,2485,1229
T28512,5819,Love this!!! 😊,api,2025-01-01T11:01:00.000Z,10027,2564,911,2556,598
T2852,3939,Streaming $$$ working,ios,2025-01-20T15:36:00.000Z,3419,1774,506,2545,883
T28563,7265,Null?? value??,android,2025-01-12T16:01:34.000Z,12497,2069,142,2214,1556
T28566,3528,Streaming $$$ working,web,2025-01-04T12:50:00.000Z,5973,1007,512,677,1240
T28587,1256,Testing!!!@@@###,ios,2025-01-16T13:53:00.000Z,11947,3738,408,681,1067
T2861,4365,Error###Detected,android,2025-01-03T15:56:00.000Z,5115,3281,856,2595,1851
T28647,1162,Good & Bad mixed!!!,api,2025-01-14T15:30:00.000Z,10690,1236,919,941,487
T28674,2234,Data pipeline broke @ midnight!!!,ios,2025-01-12T18:23:00.000Z,2120,2471,230,1593,1584
T28675,3135,Great product!!! #AI,ios,2025-01-06T15:18:00.000Z,7242,1240,961,478,1876
T28678,7025,Worst service ever :(,api,2025-01-09T10:43:00.000Z,3806,473,972,2189,1423
T28681,7781,Null?? value??,android,2025-01-21T04:27:00.000Z,14022,1481,998,1617,1877
T28684,7951,Data pipeline broke @ midnight!!!,api,2025-01-22T18:02:00.000Z,13895,1555,905,1487,351
T28686,3648,Streaming $$$ working,api,2025-01-14T09:41:00.000Z,1348,4346,449,2832,1449
T28696,3130,Null?? value??,android,2025-01-07T23:40:00.000Z,6997,1880,920,2143,1479
T28721,4022,Streaming $$$ working,api,2025-01-02T01:59:00.000Z,1159,2471,291,2755,1499
T28727,9360,Data pipeline broke @ midnight!!!,android,2025-01-01T10:18:00.000Z,7019,2625,50,395,1500
T28758,6948,Data pipeline broke @ midnight!!!,web,2025-01-21T00:01:00.000Z,17371,2619,882,1342,794
T28769,8725,Streaming $$$ working,api,2025-01-05T11:36:00.000Z,14436,880,195,2856,1272
T2877,6171,Testing!!!@@@###,android,2025-01-17T17:57:00.000Z,16254,4088,23,78,915
T28784,5391,Great product!!! #AI,android,2025-01-15T08:12:00.000Z,15775,1614,492,713,1957
T28804,1201,Great product!!! #AI,api,2025-01-14T11:55:00.000Z,19467,139,859,1597,1154
T2881,7451,Streaming $$$ working,web,2025-01-17T19:37:00.000Z,2200,936,540,168,507
T28816,4491,Love this!!! 😊,api,2025-01-04T00:32:00.000Z,5168,4253,848,1316,1713
T2882,5574,Spark > Hadoop ???,android,2025-01-20T04:04:00.000Z,18395,3346,636,270,1939
T28833,2017,Great product!!! #AI,android,2025-01-10T03:54:00.000Z,8627,2471,924,2634,731
T28840,5747,Error###Detected,web,2025-01-05T23:12:00.000Z,8871,2240,145,1026,846
T28853,2931,Data pipeline broke @ midnight!!!,api,2025-01-17T01:25:00.000Z,2099,4435,256,1573,1667
T28855,9104,Null?? value??,ios,2025-01-11T01:32:00.000Z,5688,2673,342,1492,1001
T28861,3240,Null?? value??,api,2025-01-06T04:48:00.000Z,1668,871,561,214,713
T28862,7897,Error###Detected,web,2025-01-18T08:16:00.000Z,9663,2312,195,1463,736
T28863,8367,Spark > Hadoop ???,ios,2025-01-23T14:46:00.000Z,13252,3946,290,2885,1698
T28898,6805,Worst service ever :(,ios,2025-01-01T03:19:00.000Z,9039,2589,528,2404,354
T28901,8361,Good & Bad mixed!!!,android,2025-01-14T09:29:00.000Z,15318,1853,604,605,286
T2891,2534,Great product!!! #AI,ios,2025-01-16T13:41:00.000Z,15675,2098,55,2500,1360
T28926,1061,Love this!!! 😊,android,2025-01-20T00:11:00.000Z,1106,183,417,1216,762
T2893,4136,Great product!!! #AI,ios,2025-01-09T10:25:00.000Z,17408,794,972,1487,216
T28933,2082,Error###Detected,web,2025-01-23T08:23:00.000Z,8739,2764,666,747,1720
T28943,7846,Good & Bad mixed!!!,api,2025-01-01T11:43:00.000Z,14866,3040,122,290,16
T28949,8251,Great product!!! #AI,unknown,2025-01-04T01:16:00.000Z,8698,4461,368,75,1587
T28967,9492,Love this!!! 😊,api,2025-01-23T19:04:00.000Z,19335,1665,107,1752,1340
T2898,2337,Worst service ever :(,ios,2025-01-10T23:06:00.000Z,4663,3731,733,2163,1154
T28990,2866,Spark > Hadoop ???,api,2025-01-23T07:35:00.000Z,9321,878,34,86,1137
T28998,2202,Error###Detected,unknown,2025-01-01T20:43:00.000Z,12410,3462,88,487,1178
T29007,8764,Great product!!! #AI,api,2025-01-19T08:08:00.000Z,216,3515,936,871,304
T29026,4370,Great product!!! #AI,web,2025-01-06T18:14:00.000Z,843,2683,936,1634,1532
T29076,9196,Testing!!!@@@###,web,2025-01-03T17:04:00.000Z,17525,1480,506,948,202
T29077,3830,Null?? value??,ios,2025-01-02T17:22:00.000Z,4010,2471,941,2422,253
T29078,6824,Spark > Hadoop ???,ios,2025-01-14T23:26:00.000Z,448,3875,549,1652,635
T29079,7733,Null?? value??,android,2025-01-20T12:34:00.000Z,19002,591,393,2290,1693
T29098,9632,Error###Detected,api,2025-01-09T00:33:00.000Z,10270,2249,539,242,850
T291,9263,Spark > Hadoop ???,unknown,2025-01-12T16:01:34.000Z,5357,3755,32,1225,149
T29109,7262,Spark > Hadoop ???,ios,2025-01-06T08:04:00.000Z,4397,459,484,406,4
T29113,2162,Great product!!! #AI,ios,2025-01-10T19:17:00.000Z,4208,3870,956,968,651
T29114,2725,Good & Bad mixed!!!,api,2025-01-07T07:45:00.000Z,5868,3420,630,2997,1649
T29116,1632,Good & Bad mixed!!!,web,2025-01-12T16:01:34.000Z,11374,4444,424,1393,1682
T29137,3658,Good & Bad mixed!!!,android,2025-01-06T22:50:00.000Z,2828,4715,734,1291,1312
T29160,3864,Great product!!! #AI,api,2025-01-08T04:14:00.000Z,19916,4129,397,2243,1125
T29161,7385,Spark > Hadoop ???,web,2025-01-16T14:27:00.000Z,10027,3136,137,2087,911
T29204,6001,Love this!!! 😊,android,2025-01-16T16:54:00.000Z,5780,1649,212,2966,1576
T29209,2602,Good & Bad mixed!!!,api,2025-01-06T23:42:00.000Z,19294,2383,107,2144,1001
T29212,2528,Data pipeline broke @ midnight!!!,unknown,2025-01-12T16:01:34.000Z,867,3140,793,2095,1561
T29234,3741,Love this!!! 😊,ios,2025-01-18T11:02:00.000Z,10012,4746,854,1475,38
T29235,1466,Great product!!! #AI,unknown,2025-01-17T17:59:00.000Z,17827,2184,492,1121,1890
T29237,2962,Null?? value??,android,2025-01-02T11:04:00.000Z,10027,4865,175,1175,1276
T29243,5155,Worst service ever :(,ios,2025-01-18T07:24:00.000Z,3686,3712,743,1782,1061
T29247,5787,Love this!!! 😊,android,2025-01-23T04:31:00.000Z,7189,2443,711,1193,1483
T29259,1546,Great product!!! #AI,ios,2025-01-08T02:40:00.000Z,12664,4,251,2190,882
T2926,8442,Spark > Hadoop ???,ios,2025-01-17T18:54:00.000Z,6239,1673,713,774,140
T29262,8143,Spark > Hadoop ???,ios,2025-01-22T03:01:00.000Z,17216,3618,559,2031,48
T29268,9818,Null?? value??,web,2025-01-05T00:12:00.000Z,3384,1210,54,983,1308
T29274,4065,Spark > Hadoop ???,android,2025-01-17T05:15:00.000Z,7503,526,522,1487,917
T29312,5909,Null?? value??,web,2025-01-13T09:18:00.000Z,4943,681,325,907,1001
T29324,3837,Null?? value??,android,2025-01-12T16:01:34.000Z,10027,3853,759,1664,227
T29350,8736,Null?? value??,android,2025-01-12T16:01:34.000Z,6340,2763,492,600,616
T29359,4445,Streaming $$$ working,web,2025-01-16T12:55:00.000Z,10027,4564,945,1321,1078
T29370,7177,Good & Bad mixed!!!,ios,2025-01-04T04:39:00.000Z,462,673,794,1439,1008
T29374,4508,Null?? value??,unknown,2025-01-08T15:04:00.000Z,4339,3345,767,430,737
T29387,2115,Good & Bad mixed!!!,web,2025-01-23T23:04:00.000Z,8267,1668,251,1129,1522
T29398,8044,Worst service ever :(,ios,2025-01-06T20:08:00.000Z,15340,2060,861,2283,967
T29404,8384,Error###Detected,android,2025-01-13T22:48:00.000Z,3890,1371,772,901,128
T29420,8161,Spark > Hadoop ???,unknown,2025-01-19T13:44:00.000Z,4370,2438,303,2009,1980
T29421,2525,Streaming $$$ working,web,2025-01-15T15:56:00.000Z,15291,731,750,204,949
T29442,9081,Spark > Hadoop ???,ios,2025-01-16T18:30:00.000Z,5448,3622,213,2026,158
T29443,8445,Null?? value??,ios,2025-01-22T06:15:00.000Z,11354,1491,596,2049,666
T29457,6404,Streaming $$$ working,web,2025-01-15T06:59:00.000Z,9664,989,420,347,289
T29464,7603,Data pipeline broke @ midnight!!!,api,2025-01-02T18:18:00.000Z,9149,1596,12,2813,1000
T29465,6713,Love this!!! 😊,unknown,2025-01-06T06:43:00.000Z,14315,3553,633,755,63
T29473,5156,Good & Bad mixed!!!,ios,2025-01-21T19:00:00.000Z,104,1874,407,1192,25
T29475,9828,Streaming $$$ working,api,2025-01-05T03:56:00.000Z,11227,2471,368,2943,226
T29483,1808,Null?? value??,api,2025-01-18T13:07:00.000Z,18209,1825,234,1083,1069
T29490,4025,Data pipeline broke @ midnight!!!,api,2025-01-04T13:26:00.000Z,1402,3372,138,1199,1118
T29497,7669,Streaming $$$ working,android,2025-01-12T03:20:00.000Z,16346,460,523,2260,189
T29501,3796,Love this!!! 😊,api,2025-01-21T05:46:00.000Z,19381,498,840,813,462
T29524,1685,Data pipeline broke @ midnight!!!,ios,2025-01-17T04:15:00.000Z,19990,1835,342,1744,835
T29540,1483,Null?? value??,ios,2025-01-07T18:29:00.000Z,16724,4415,408,2969,471
T29543,7170,Great product!!! #AI,android,2025-01-22T13:35:00.000Z,8507,3639,937,1487,1080
T29557,3824,Spark > Hadoop ???,ios,2025-01-14T11:31:00.000Z,16532,1436,530,1487,374
T29564,2553,Null?? value??,web,2025-01-02T23:22:00.000Z,7706,4490,655,2011,908
T2957,6032,Null?? value??,android,2025-01-04T23:28:00.000Z,13084,3545,385,2909,1674
T29577,5601,Error###Detected,ios,2025-01-09T20:48:00.000Z,17084,960,346,2279,194
T29579,8200,Good & Bad mixed!!!,web,2025-01-14T19:26:00.000Z,15974,2981,318,1534,94
T29582,4709,Great product!!! #AI,api,2025-01-02T02:29:00.000Z,18983,687,738,1527,1264
T29585,9846,Love this!!! 😊,ios,2025-01-23T20:53:00.000Z,12627,892,923,2808,1357
T29592,2728,Error###Detected,android,2025-01-04T18:50:00.000Z,19851,3201,50,2985,1790
T2960,3296,Good & Bad mixed!!!,web,2025-01-09T18:14:00.000Z,10027,146,48,1232,585
T29609,5977,Spark > Hadoop ???,android,2025-01-04T06:18:00.000Z,16273,2358,492,1268,674
T29610,7879,Testing!!!@@@###,ios,2025-01-11T18:56:00.000Z,17772,4356,375,1985,361
T29620,9485,Good & Bad mixed!!!,web,2025-01-18T03:42:00.000Z,11425,638,854,2113,1693
T29621,8498,Data pipeline broke @ midnight!!!,android,2025-01-17T13:09:00.000Z,15746,1905,914,2629,1001
T29626,9936,Testing!!!@@@###,android,2025-01-19T06:23:00.000Z,10223,2069,504,469,439
T29633,6140,Great product!!! #AI,android,2025-01-11T07:51:00.000Z,7649,2610,630,1487,392
T29636,4617,Data pipeline broke @ midnight!!!,api,2025-01-18T06:39:00.000Z,630,111,576,1109,359
T29649,3811,Streaming $$$ working,android,2025-01-14T01:02:00.000Z,16675,2966,196,99,290
T29675,5804,Worst service ever :(,web,2025-01-11T23:04:00.000Z,10027,2471,598,1741,1099
T29685,8079,Great product!!! #AI,api,2025-01-15T00:42:00.000Z,18721,4777,450,2007,1073
T29688,6221,Great product!!! #AI,android,2025-01-17T11:32:00.000Z,3410,4773,60,2537,1974
T29690,1198,Null?? value??,unknown,2025-01-11T17:33:00.000Z,5100,4099,127,381,576
T29695,5924,Great product!!! #AI,android,2025-01-13T05:57:00.000Z,5070,883,897,1982,1229
T29697,8658,Good & Bad mixed!!!,web,2025-01-13T21:02:00.000Z,17340,1284,604,1750,740
T29699,6173,Worst service ever :(,android,2025-01-12T10:36:00.000Z,1309,1945,507,2805,421
T29710,6308,Great product!!! #AI,api,2025-01-11T01:44:00.000Z,16796,3612,847,1301,618
T29720,4833,Testing!!!@@@###,api,2025-01-18T15:42:00.000Z,2367,666,168,112,267
T29741,4501,Good & Bad mixed!!!,ios,2025-01-10T20:28:00.000Z,13596,4935,889,843,316
T29744,9012,Data pipeline broke @ midnight!!!,android,2025-01-19T09:25:00.000Z,4993,2490,19,1487,1224
T29746,4729,Streaming $$$ working,ios,2025-01-13T09:06:00.000Z,13035,2471,96,1487,131
T29761,6004,Great product!!! #AI,unknown,2025-01-01T06:24:00.000Z,2902,1119,771,1304,1001
T29771,5070,Data pipeline broke @ midnight!!!,api,2025-01-10T05:21:00.000Z,4412,1556,548,789,1001
T29777,8574,Great product!!! #AI,api,2025-01-10T07:01:00.000Z,7434,1927,568,2849,230
T29779,1469,Spark > Hadoop ???,api,2025-01-11T03:44:00.000Z,16518,249,163,2149,1433
T29790,2185,Data pipeline broke @ midnight!!!,web,2025-01-17T03:03:00.000Z,12413,1044,552,1408,392
T29804,7671,Testing!!!@@@###,api,2025-01-22T06:54:00.000Z,1588,2296,701,1027,1115
T29813,7663,Error###Detected,api,2025-01-02T13:24:00.000Z,19929,3919,747,1931,1543
T29818,2219,Good & Bad mixed!!!,android,2025-01-19T04:12:00.000Z,14947,303,568,2991,65
T29847,7343,Null?? value??,web,2025-01-08T21:32:00.000Z,3341,3639,718,2299,26
T29881,1673,Great product!!! #AI,web,2025-01-21T12:11:00.000Z,3188,4203,638,1863,1232
T29893,4070,Error###Detected,ios,2025-01-17T15:40:00.000Z,7227,3241,492,2679,1507
T29904,9490,Error###Detected,web,2025-01-04T01:07:00.000Z,15431,3685,35,2500,1759
T29916,6337,Great product!!! #AI,api,2025-01-23T21:40:00.000Z,17360,3692,879,2628,367
T29919,8601,Good & Bad mixed!!!,ios,2025-01-23T15:19:00.000Z,10556,744,251,1300,1264
T29924,7057,Good & Bad mixed!!!,android,2025-01-06T02:39:00.000Z,8614,2074,762,2179,1969
T29948,8002,Great product!!! #AI,ios,2025-01-10T11:25:00.000Z,19501,418,460,1666,412
T29949,4027,Testing!!!@@@###,ios,2025-01-04T07:26:00.000Z,7568,1056,410,2360,457
T29965,2594,Great product!!! #AI,ios,2025-01-03T07:45:00.000Z,18846,716,582,2769,33
T29966,5234,Great product!!! #AI,api,2025-01-11T13:34:00.000Z,11855,2880,320,780,1477
T29974,9039,Love this!!! 😊,ios,2025-01-14T21:20:00.000Z,14616,2900,652,2061,1561
T29990,7439,Testing!!!@@@###,web,2025-01-02T09:07:00.000Z,10479,1955,675,1277,603
T29994,4588,Error###Detected,ios,2025-01-17T17:34:00.000Z,14240,2268,90,1836,1173
T29999,3465,Testing!!!@@@###,android,2025-01-20T09:42:00.000Z,17831,1701,907,2712,1949
T30009,5870,Spark > Hadoop ???,ios,2025-01-21T06:55:00.000Z,16709,4275,562,1659,1508
T30029,2707,Love this!!! 😊,ios,2025-01-12T14:55:00.000Z,12301,4498,529,932,979
T30036,2553,Spark > Hadoop ???,web,2025-01-18T03:55:00.000Z,8130,1420,867,2273,1657
T30046,9405,Great product!!! #AI,android,2025-01-20T16:30:00.000Z,3422,881,492,2427,1001
T30062,3645,Great product!!! #AI,web,2025-01-21T03:45:00.000Z,5323,167,506,102,1100
T30069,3359,Good & Bad mixed!!!,ios,2025-01-03T03:34:00.000Z,14420,4842,192,1341,1082
T30080,1874,Great product!!! #AI,android,2025-01-17T01:14:00.000Z,3428,2381,106,1344,1001
T30085,9084,Streaming $$$ working,android,2025-01-08T13:22:00.000Z,17150,2285,278,2242,1001
T30087,2292,Data pipeline broke @ midnight!!!,android,2025-01-11T18:24:00.000Z,4608,1568,161,1487,1204
T30090,5645,Data pipeline broke @ midnight!!!,ios,2025-01-14T10:10:00.000Z,8841,2909,942,2561,566
T30095,9216,Worst service ever :(,android,2025-01-14T10:08:00.000Z,1088,778,657,1671,1698
T30097,9723,Spark > Hadoop ???,api,2025-01-09T12:34:00.000Z,8301,746,559,772,1001
T30103,9778,Null?? value??,ios,2025-01-15T09:37:00.000Z,6013,3615,167,2542,1508
T30105,2115,Worst service ever :(,web,2025-01-17T12:50:00.000Z,9053,1727,98,1395,113
T30107,6050,Good & Bad mixed!!!,web,2025-01-03T05:14:00.000Z,6271,3439,359,793,1786
T30131,6612,Null?? value??,android,2025-01-22T10:44:00.000Z,1043,3321,144,1698,1771
T30136,4866,Error###Detected,ios,2025-01-10T04:33:00.000Z,16814,115,533,2297,1923
T30155,6725,Worst service ever :(,api,2025-01-11T00:57:00.000Z,14987,2957,869,2628,280
T302,3539,Spark > Hadoop ???,ios,2025-01-23T18:39:00.000Z,585,3865,503,1592,818
T30205,2488,Error###Detected,web,2025-01-09T09:17:00.000Z,2553,2325,745,1496,1766
T30206,7541,Worst service ever :(,ios,2025-01-17T21:00:00.000Z,11071,3340,772,1582,1495
T30213,9423,Data pipeline broke @ midnight!!!,api,2025-01-23T08:11:00.000Z,16589,889,401,1947,364
T30223,3796,Love this!!! 😊,web,2025-01-21T04:37:00.000Z,11930,4057,794,1233,1403
T3023,3134,Spark > Hadoop ???,api,2025-01-05T04:19:00.000Z,722,3166,59,619,1549
T30253,8525,Streaming $$$ working,ios,2025-01-07T12:12:00.000Z,10358,2471,66,1487,669
T30267,7366,Great product!!! #AI,api,2025-01-17T16:06:00.000Z,9586,4075,749,2118,1949
T30274,1846,Good & Bad mixed!!!,web,2025-01-12T19:20:00.000Z,13981,4394,50,1088,503
T30279,7782,Error###Detected,android,2025-01-13T01:20:00.000Z,6257,3784,305,1570,1330
T30295,4942,Great product!!! #AI,web,2025-01-12T16:01:34.000Z,5977,2424,866,2168,1100
T303,3216,Streaming $$$ working,unknown,2025-01-08T15:10:00.000Z,10540,2208,188,1797,888
T30306,3883,Error###Detected,api,2025-01-07T14:55:00.000Z,19023,4382,145,2645,651
T30310,9049,Good & Bad mixed!!!,unknown,2025-01-08T08:40:00.000Z,141,3573,362,1487,843
T30312,6602,Streaming $$$ working,api,2025-01-23T07:03:00.000Z,16467,38,273,2625,1849
T30321,7281,Testing!!!@@@###,android,2025-01-08T05:38:00.000Z,10785,4056,242,1084,73
T30329,4831,Error###Detected,api,2025-01-19T01:55:00.000Z,8555,4726,340,2509,982
T30343,9590,Spark > Hadoop ???,api,2025-01-06T06:43:00.000Z,5731,845,264,796,1796
T30358,7980,Error###Detected,api,2025-01-20T02:16:00.000Z,10327,3355,750,1714,650
T3036,2065,Love this!!! 😊,api,2025-01-16T03:13:00.000Z,16606,4517,296,1587,1665
T30360,6531,Great product!!! #AI,web,2025-01-20T18:48:00.000Z,15024,539,405,118,1815
T30362,3168,Worst service ever :(,web,2025-01-01T12:23:00.000Z,16282,839,282,220,1001
T30370,4335,Spark > Hadoop ???,unknown,2025-01-06T08:26:00.000Z,5797,3592,808,1969,1444
T30375,1699,Data pipeline broke @ midnight!!!,android,2025-01-15T15:12:00.000Z,14603,3843,523,1766,93
T30378,6170,Love this!!! 😊,web,2025-01-20T12:53:00.000Z,1653,2099,839,2789,1336
T30390,2614,Great product!!! #AI,web,2025-01-18T12:44:00.000Z,10027,2957,921,1198,1561
T30392,7874,Data pipeline broke @ midnight!!!,android,2025-01-20T15:01:00.000Z,5546,2035,633,1222,64
T30395,9587,Error###Detected,ios,2025-01-05T09:08:00.000Z,10041,3457,414,2264,487
T30396,9802,Worst service ever :(,ios,2025-01-03T07:29:00.000Z,9512,3040,672,1717,744
T30397,3362,Great product!!! #AI,web,2025-01-09T18:47:00.000Z,7748,1469,162,732,1706
T3042,2870,Worst service ever :(,api,2025-01-15T15:18:00.000Z,9798,4963,565,784,709
T30440,9671,Worst service ever :(,api,2025-01-06T01:00:00.000Z,10027,2864,628,262,49
T30448,8406,Good & Bad mixed!!!,android,2025-01-23T08:06:00.000Z,6143,3429,526,1549,566
T3045,9559,Good & Bad mixed!!!,api,2025-01-06T21:06:00.000Z,12652,2836,139,620,259
T30455,5876,Worst service ever :(,web,2025-01-13T23:42:00.000Z,8240,900,424,1834,949
T30465,8183,Love this!!! 😊,api,2025-01-23T01:43:00.000Z,8185,2733,310,403,1506
T30466,9775,Testing!!!@@@###,web,2025-01-07T20:28:00.000Z,8042,964,190,669,836
T30480,5391,Worst service ever :(,android,2025-01-11T13:42:00.000Z,9202,2373,488,2400,1006
T30494,5846,Good & Bad mixed!!!,web,2025-01-13T21:59:00.000Z,8817,3441,165,576,1354
T30500,1552,Great product!!! #AI,web,2025-01-20T13:01:00.000Z,10844,1366,279,2452,991
T30502,8975,Spark > Hadoop ???,ios,2025-01-18T04:08:00.000Z,17844,2309,612,1465,1589
T30504,5269,Data pipeline broke @ midnight!!!,ios,2025-01-22T09:34:00.000Z,2539,3045,505,2595,1597
T30506,4799,Spark > Hadoop ???,unknown,2025-01-13T09:31:00.000Z,363,3568,122,1299,861
T30510,4544,Null?? value??,ios,2025-01-13T09:03:00.000Z,15815,1726,672,1549,1397
T30514,9509,Testing!!!@@@###,web,2025-01-14T09:38:00.000Z,4306,1211,112,2529,1116
T30516,5698,Good & Bad mixed!!!,android,2025-01-22T09:16:00.000Z,9540,4738,189,401,1453
T30535,9326,Streaming $$$ working,web,2025-01-22T02:46:00.000Z,16049,3587,775,2830,1627
T30541,8609,Good & Bad mixed!!!,ios,2025-01-07T17:15:00.000Z,5528,1194,173,2976,1611
T30544,3588,Spark > Hadoop ???,web,2025-01-08T07:12:00.000Z,18827,2471,904,274,1797
T30550,5643,Error###Detected,ios,2025-01-20T06:52:00.000Z,16331,2149,113,2269,1310
T30551,1179,Spark > Hadoop ???,unknown,2025-01-10T05:22:00.000Z,15824,2620,931,2486,1567
T30557,2640,Worst service ever :(,ios,2025-01-19T06:37:00.000Z,6483,1409,52,177,1105
T30577,4797,Data pipeline broke @ midnight!!!,api,2025-01-10T00:43:00.000Z,10027,4026,492,1022,1999
T30586,2718,Streaming $$$ working,android,2025-01-07T03:02:00.000Z,6217,2831,126,411,529
T30596,5554,Streaming $$$ working,android,2025-01-02T11:08:00.000Z,1751,2471,28,1699,218
T30609,8150,Good & Bad mixed!!!,api,2025-01-13T17:59:00.000Z,15296,4069,846,1487,532
T3061,9202,Testing!!!@@@###,ios,2025-01-12T16:01:34.000Z,15815,2575,784,1487,1577
T30633,3289,Null?? value??,api,2025-01-06T09:32:00.000Z,17850,2653,284,1100,1001
T30646,6995,Great product!!! #AI,api,2025-01-21T19:51:00.000Z,4277,947,582,104,393
T30652,6559,Streaming $$$ working,ios,2025-01-23T15:13:00.000Z,7656,100,806,2444,40
T30658,6112,Null?? value??,android,2025-01-21T14:33:00.000Z,10017,2502,50,2007,1001
T30662,3856,Good & Bad mixed!!!,web,2025-01-21T07:38:00.000Z,14946,4469,545,2989,698
T30663,1284,Love this!!! 😊,api,2025-01-12T16:01:34.000Z,9638,3621,993,1348,606
T30677,1938,Testing!!!@@@###,android,2025-01-14T02:44:00.000Z,10027,20,74,1487,1746
T30686,3508,Love this!!! 😊,api,2025-01-08T19:44:00.000Z,10804,1832,788,2366,587
T3070,6625,Worst service ever :(,android,2025-01-20T13:50:00.000Z,16937,1936,769,1412,47
T30723,9778,Worst service ever :(,web,2025-01-20T08:46:00.000Z,15767,1077,775,1487,354
T30726,3921,Testing!!!@@@###,android,2025-01-07T01:56:00.000Z,2192,2936,443,1678,804
T30752,7610,Love this!!! 😊,unknown,2025-01-23T20:58:00.000Z,8648,1798,54,2533,1430
T30756,6546,Worst service ever :(,ios,2025-01-02T07:08:00.000Z,13209,651,102,1251,939
T30763,9829,Spark > Hadoop ???,unknown,2025-01-11T04:14:00.000Z,10027,3803,475,708,1315
T30766,7940,Null?? value??,api,2025-01-17T16:27:00.000Z,13384,654,24,930,1791
T3077,4019,Great product!!! #AI,ios,2025-01-22T15:31:00.000Z,16671,4315,593,1674,52
T30788,5364,Streaming $$$ working,android,2025-01-06T08:59:00.000Z,11916,867,183,68,787
T30794,1849,Love this!!! 😊,ios,2025-01-12T16:01:34.000Z,8289,2264,569,1985,1927
T30799,9390,Streaming $$$ working,api,2025-01-19T14:04:00.000Z,7555,1653,234,1696,105
T30809,2304,Love this!!! 😊,web,2025-01-13T19:29:00.000Z,12884,4810,973,2419,1046
T3081,7055,Love this!!! 😊,android,2025-01-06T05:57:00.000Z,1884,1934,24,1592,1375
T30811,2245,Great product!!! #AI,android,2025-01-14T10:58:00.000Z,7144,1293,846,1536,1319
T30814,5067,Testing!!!@@@###,android,2025-01-03T02:15:00.000Z,10364,1129,325,2768,1054
T30825,9678,Testing!!!@@@###,ios,2025-01-16T00:57:00.000Z,6429,1414,509,2269,1901
T30829,1286,Streaming $$$ working,api,2025-01-08T09:54:00.000Z,11770,1298,338,2307,108
T3083,8683,Worst service ever :(,web,2025-01-11T03:15:00.000Z,14539,4968,547,1645,1569
T30834,6608,Streaming $$$ working,api,2025-01-12T16:01:34.000Z,13249,1219,492,423,1506
T3084,9631,Great product!!! #AI,web,2025-01-18T18:45:00.000Z,15670,607,40,2713,1321
T30842,2914,Spark > Hadoop ???,api,2025-01-14T17:29:00.000Z,9095,3712,134,1473,1917
T30846,8178,Love this!!! 😊,web,2025-01-15T15:05:00.000Z,17520,1163,153,1446,9
T30865,8413,Streaming $$$ working,ios,2025-01-19T06:56:00.000Z,5342,2700,797,2449,1251
T30871,1541,Data pipeline broke @ midnight!!!,web,2025-01-20T12:44:00.000Z,14954,2535,97,2843,800
T30875,9839,Testing!!!@@@###,ios,2025-01-02T22:27:00.000Z,13117,3025,844,2159,1771
T30889,3026,Good & Bad mixed!!!,api,2025-01-03T00:59:00.000Z,3333,2471,556,2551,1001
T30893,7571,Good & Bad mixed!!!,web,2025-01-05T14:09:00.000Z,3430,2553,664,533,807
T30895,5143,Good & Bad mixed!!!,api,2025-01-12T09:39:00.000Z,16218,754,911,273,836
T30914,2218,Data pipeline broke @ midnight!!!,android,2025-01-22T08:59:00.000Z,4548,3744,253,166,1617
T30918,1966,Testing!!!@@@###,web,2025-01-11T02:44:00.000Z,13773,4482,406,2360,508
T30923,8002,Worst service ever :(,web,2025-01-12T16:01:34.000Z,7517,1040,62,1253,1549
T30926,9624,Testing!!!@@@###,web,2025-01-02T15:29:00.000Z,16180,2083,152,2531,1244
T30927,1640,Data pipeline broke @ midnight!!!,android,2025-01-07T22:55:00.000Z,1351,357,744,602,1878
T30931,5104,Good & Bad mixed!!!,android,2025-01-01T01:00:00.000Z,4179,1978,298,20,1184
T30935,9459,Error###Detected,api,2025-01-10T14:56:00.000Z,8132,4889,553,1557,1054
T30959,4654,Data pipeline broke @ midnight!!!,ios,2025-01-06T07:40:00.000Z,19292,4313,37,1600,1189
T30972,6993,Great product!!! #AI,api,2025-01-22T04:07:00.000Z,6471,2054,298,31,843
T30983,8800,Null?? value??,android,2025-01-09T05:00:00.000Z,8422,4530,322,1487,933
T30989,9354,Testing!!!@@@###,web,2025-01-09T10:42:00.000Z,2372,1397,874,1056,1629
T3099,7370,Spark > Hadoop ???,api,2025-01-01T17:48:00.000Z,10027,1027,98,748,1654
T30992,5291,Data pipeline broke @ midnight!!!,android,2025-01-23T02:06:00.000Z,15595,2152,333,2986,1889
T30998,6504,Data pipeline broke @ midnight!!!,web,2025-01-10T02:41:00.000Z,13143,948,835,1965,739
T31002,6404,Worst service ever :(,api,2025-01-05T05:33:00.000Z,18141,1261,141,1348,1494
T31007,6348,Spark > Hadoop ???,android,2025-01-16T21:20:00.000Z,10563,3920,518,2368,1344
T31020,4265,Good & Bad mixed!!!,android,2025-01-10T04:07:00.000Z,6253,1213,161,1399,1253
T31026,3494,Spark > Hadoop ???,api,2025-01-22T08:34:00.000Z,17010,2369,554,1115,112
T31027,1601,Worst service ever :(,ios,2025-01-15T22:08:00.000Z,3062,3016,957,2976,836
T31034,3307,Testing!!!@@@###,api,2025-01-01T19:13:00.000Z,12206,749,363,2043,32
T31044,9314,Love this!!! 😊,android,2025-01-05T04:54:00.000Z,11108,301,955,785,1228
T31071,5219,Null?? value??,ios,2025-01-13T12:25:00.000Z,7243,1477,513,484,130
T31075,8411,Data pipeline broke @ midnight!!!,web,2025-01-19T07:11:00.000Z,11061,2202,387,2707,180
T31093,3756,Streaming $$$ working,api,2025-01-12T12:20:00.000Z,13250,4377,100,323,1649
T31097,7174,Love this!!! 😊,api,2025-01-08T03:37:00.000Z,11821,912,972,1317,50
T31122,7692,Worst service ever :(,android,2025-01-23T15:57:00.000Z,7480,4917,354,2438,227
T31147,4245,Worst service ever :(,web,2025-01-15T04:00:00.000Z,8593,4466,581,2780,1838
T31165,9706,Error###Detected,api,2025-01-13T17:05:00.000Z,18194,834,465,2416,1761
T31180,9526,Streaming $$$ working,android,2025-01-17T08:29:00.000Z,6339,466,627,2880,909
T31192,7065,Null?? value??,android,2025-01-19T06:37:00.000Z,7053,2324,35,2715,1458
T312,5602,Good & Bad mixed!!!,ios,2025-01-16T07:41:00.000Z,10129,3112,525,1960,191
T31210,6610,Love this!!! 😊,android,2025-01-08T12:16:00.000Z,14584,3536,776,1361,1303
T31218,8187,Good & Bad mixed!!!,ios,2025-01-20T01:26:00.000Z,3286,3692,416,733,779
T3122,1007,Null?? value??,unknown,2025-01-22T22:12:00.000Z,11481,2401,434,1033,1238
T31228,1380,Love this!!! 😊,android,2025-01-14T21:51:00.000Z,2434,511,272,1118,1001
T31241,8151,Null?? value??,android,2025-01-20T06:27:00.000Z,15576,2124,124,1898,1480
T31244,7200,Streaming $$$ working,ios,2025-01-09T14:29:00.000Z,9161,1218,302,1137,1662
T31261,9632,Testing!!!@@@###,ios,2025-01-05T04:32:00.000Z,4158,3508,47,881,1942
T31278,3487,Love this!!! 😊,api,2025-01-12T12:02:00.000Z,16710,4306,965,1539,111
T31281,1271,Good & Bad mixed!!!,android,2025-01-19T04:06:00.000Z,11348,1182,972,1460,1382
T3129,6615,Spark > Hadoop ???,api,2025-01-22T12:57:00.000Z,18831,3733,882,1487,201
T31291,9059,Worst service ever :(,web,2025-01-12T10:41:00.000Z,9975,3182,133,107,1538
T31294,3612,Streaming $$$ working,api,2025-01-03T13:55:00.000Z,10957,1323,395,2608,215
T31298,2221,Streaming $$$ working,api,2025-01-01T12:55:00.000Z,19885,4736,513,195,1624
T31307,7485,Love this!!! 😊,ios,2025-01-17T23:20:00.000Z,6326,1509,107,1200,583
T31318,6351,Null?? value??,android,2025-01-19T11:12:00.000Z,12648,1450,406,13,209
T31323,8928,Love this!!! 😊,android,2025-01-20T21:08:00.000Z,9228,3347,618,332,1855
T31337,1534,Spark > Hadoop ???,ios,2025-01-21T06:22:00.000Z,17038,2471,667,1869,1540
T31338,2606,Testing!!!@@@###,api,2025-01-21T09:49:00.000Z,16532,3372,403,108,1240
T31345,2431,Null?? value??,ios,2025-01-02T22:22:00.000Z,11959,896,885,1487,1746
T31358,6448,Good & Bad mixed!!!,android,2025-01-02T06:35:00.000Z,6994,310,782,2328,26
T31386,7717,Testing!!!@@@###,web,2025-01-11T00:52:00.000Z,19190,866,604,2224,1872
T3139,9710,Data pipeline broke @ midnight!!!,web,2025-01-10T23:00:00.000Z,16591,4686,991,308,475
T31393,7163,Error###Detected,ios,2025-01-12T16:01:34.000Z,5460,2521,450,2785,710
T31408,5876,Error###Detected,ios,2025-01-01T02:02:00.000Z,14893,994,462,1195,1342
T31423,7562,Spark > Hadoop ???,android,2025-01-07T07:34:00.000Z,7804,4469,915,1487,1802
T31453,5585,Worst service ever :(,ios,2025-01-13T06:22:00.000Z,19911,4008,244,1622,1331
T31456,4041,Worst service ever :(,ios,2025-01-12T00:47:00.000Z,9693,1477,241,10,165
T3146,1678,Great product!!! #AI,android,2025-01-13T16:58:00.000Z,3450,577,78,2879,260
T31476,9498,Data pipeline broke @ midnight!!!,unknown,2025-01-08T02:16:00.000Z,2668,2787,189,2153,1072
T31492,3519,Null?? value??,android,2025-01-04T18:58:00.000Z,3285,593,568,2499,352
T31494,7971,Error###Detected,android,2025-01-09T01:33:00.000Z,14466,4408,83,1783,514
T31498,4334,Null?? value??,api,2025-01-19T08:35:00.000Z,12769,818,641,2199,357
T31501,5190,Streaming $$$ working,android,2025-01-12T17:02:00.000Z,16879,1172,806,993,157
T31511,2229,Good & Bad mixed!!!,unknown,2025-01-04T21:27:00.000Z,10439,4600,39,2339,1976
T31518,3797,Data pipeline broke @ midnight!!!,api,2025-01-02T20:09:00.000Z,18120,2631,393,2350,1036
T31535,1656,Testing!!!@@@###,web,2025-01-12T16:01:34.000Z,2130,2431,952,1807,326
T31537,5250,Data pipeline broke @ midnight!!!,web,2025-01-20T04:53:00.000Z,520,3685,502,175,750
T31546,7800,Spark > Hadoop ???,api,2025-01-13T21:20:00.000Z,16193,2471,556,278,1734
T31551,2059,Worst service ever :(,android,2025-01-20T12:20:00.000Z,11673,2294,212,2328,261
T3157,7457,Error###Detected,android,2025-01-16T15:25:00.000Z,10027,4832,900,684,288
T31586,9808,Good & Bad mixed!!!,ios,2025-01-04T03:45:00.000Z,11660,457,629,1366,308
T31587,9383,Love this!!! 😊,ios,2025-01-12T09:14:00.000Z,9593,2471,829,595,1213
T31607,2992,Worst service ever :(,web,2025-01-23T08:33:00.000Z,13878,659,983,2940,1242
T31614,8066,Good & Bad mixed!!!,web,2025-01-21T17:59:00.000Z,8512,85,469,1487,723
T31625,9383,Spark > Hadoop ???,web,2025-01-07T20:22:00.000Z,16719,85,20,1550,402
T31648,3122,Great product!!! #AI,ios,2025-01-10T21:06:00.000Z,7295,2864,229,1140,1244
T31650,6088,Spark > Hadoop ???,web,2025-01-21T09:49:00.000Z,18001,824,74,1622,1990
T31674,7411,Null?? value??,android,2025-01-04T18:08:00.000Z,2777,4562,7,169,1019
T31686,1973,Great product!!! #AI,ios,2025-01-02T21:25:00.000Z,9887,1612,962,1487,197
T31687,7318,Worst service ever :(,android,2025-01-19T19:34:00.000Z,8963,3368,616,2644,1036
T31691,9567,Data pipeline broke @ midnight!!!,ios,2025-01-18T03:25:00.000Z,919,1760,962,1487,1517
T31692,1000,Null?? value??,ios,2025-01-13T14:12:00.000Z,7835,4858,481,2953,218
T31698,9527,Testing!!!@@@###,web,2025-01-10T08:08:00.000Z,7575,233,211,158,1960
T31699,9967,Error###Detected,api,2025-01-14T19:37:00.000Z,514,4891,844,2170,1803
T31714,4466,Data pipeline broke @ midnight!!!,web,2025-01-12T16:01:34.000Z,11620,4600,162,423,1384
T31718,2416,Testing!!!@@@###,unknown,2025-01-06T07:39:00.000Z,10027,1645,542,1596,960
T31723,9055,Love this!!! 😊,api,2025-01-23T05:10:00.000Z,327,4757,654,1333,581
T31734,8180,Data pipeline broke @ midnight!!!,api,2025-01-18T19:59:00.000Z,9943,55,200,2337,1273
T31740,8654,Spark > Hadoop ???,android,2025-01-07T05:03:00.000Z,10133,494,741,37,413
T31741,7197,Testing!!!@@@###,api,2025-01-17T16:26:00.000Z,19535,3864,537,1176,1503
T31751,3187,Spark > Hadoop ???,ios,2025-01-05T03:47:00.000Z,13097,4146,797,1783,441
T31788,2122,Good & Bad mixed!!!,ios,2025-01-14T13:25:00.000Z,5960,3417,883,1739,1565
T31799,4130,Streaming $$$ working,ios,2025-01-13T13:09:00.000Z,10027,2758,951,2882,111
T31801,3244,Love this!!! 😊,web,2025-01-10T08:42:00.000Z,13398,886,492,2678,1871
T31891,4190,Error###Detected,api,2025-01-15T01:08:00.000Z,1643,1183,994,2641,1001
T31902,5921,Love this!!! 😊,api,2025-01-20T11:59:00.000Z,2479,1419,869,2857,938
T31909,7048,Great product!!! #AI,android,2025-01-07T23:18:00.000Z,10027,41,403,2333,1804
T31932,3807,Love this!!! 😊,ios,2025-01-06T06:19:00.000Z,924,4472,141,1285,1825
T31943,6882,Love this!!! 😊,android,2025-01-21T09:49:00.000Z,385,517,452,467,1001
T31954,1437,Great product!!! #AI,ios,2025-01-10T00:57:00.000Z,15225,4654,83,27,905
T3196,1971,Worst service ever :(,web,2025-01-11T03:08:00.000Z,5743,4327,569,2986,1859
T31986,5248,Spark > Hadoop ???,android,2025-01-05T14:47:00.000Z,3708,2923,633,792,443
T31995,9926,Great product!!! #AI,ios,2025-01-04T17:48:00.000Z,11958,196,155,10,1209
T320,2553,Spark > Hadoop ???,api,2025-01-06T17:10:00.000Z,16177,4703,794,30,1244
T32007,3551,Data pipeline broke @ midnight!!!,web,2025-01-16T10:10:00.000Z,3482,124,230,590,518
T32016,6908,Worst service ever :(,web,2025-01-21T15:45:00.000Z,5775,1732,938,1408,110
T32031,4326,Good & Bad mixed!!!,android,2025-01-12T16:01:34.000Z,14791,4772,419,1423,581
T32038,4574,Love this!!! 😊,ios,2025-01-14T07:49:00.000Z,8387,795,739,1235,1634
T3204,5397,Error###Detected,android,2025-01-06T12:56:00.000Z,15809,2768,554,1565,1347
T3207,7279,Great product!!! #AI,android,2025-01-10T21:23:00.000Z,1742,3676,447,2287,886
T32072,5424,Great product!!! #AI,ios,2025-01-21T18:06:00.000Z,5425,425,453,66,462
T32073,7294,Testing!!!@@@###,web,2025-01-15T07:12:00.000Z,9228,2293,811,410,258
T32093,9486,Good & Bad mixed!!!,ios,2025-01-19T20:04:00.000Z,2297,481,444,2721,621
T32097,8247,Good & Bad mixed!!!,web,2025-01-09T18:33:00.000Z,18218,2977,360,1944,342
T32105,3179,Streaming $$$ working,android,2025-01-18T06:27:00.000Z,10027,1975,328,1554,981
T32117,7488,Spark > Hadoop ???,android,2025-01-14T04:51:00.000Z,10419,3793,474,1540,1219
T3212,6039,Testing!!!@@@###,web,2025-01-19T19:37:00.000Z,2473,2055,492,1053,690
T32123,5163,Good & Bad mixed!!!,web,2025-01-07T15:00:00.000Z,6176,3519,457,2838,1336
T32136,4988,Spark > Hadoop ???,web,2025-01-10T22:11:00.000Z,1352,1675,799,2242,1205
T32137,2416,Great product!!! #AI,api,2025-01-23T14:51:00.000Z,17901,3908,849,459,1434
T32144,7397,Streaming $$$ working,api,2025-01-11T23:59:00.000Z,18493,3787,630,2986,391
T32145,3431,Testing!!!@@@###,api,2025-01-22T17:03:00.000Z,6575,2362,159,2152,415
T32167,7291,Testing!!!@@@###,ios,2025-01-10T20:45:00.000Z,18910,4156,630,854,660
T32182,3367,Great product!!! #AI,android,2025-01-12T16:01:34.000Z,2244,1092,703,186,1001
T32184,9677,Worst service ever :(,android,2025-01-12T10:58:00.000Z,14714,2367,979,675,1662
T32216,5903,Error###Detected,web,2025-01-01T18:27:00.000Z,10027,4339,393,836,1615
T32222,3121,Streaming $$$ working,android,2025-01-05T13:53:00.000Z,5776,4839,492,1903,339
T32251,2103,Testing!!!@@@###,web,2025-01-08T11:40:00.000Z,14583,400,888,1424,846
T32260,8665,Null?? value??,ios,2025-01-05T10:07:00.000Z,533,4391,940,2289,1426
T32268,7292,Testing!!!@@@###,android,2025-01-13T16:21:00.000Z,12563,1655,717,1487,226
T32277,8674,Good & Bad mixed!!!,web,2025-01-12T16:01:34.000Z,18148,1193,918,96,1993
T32278,6433,Good & Bad mixed!!!,api,2025-01-20T11:26:00.000Z,320,623,492,731,1812
T32296,3951,Error###Detected,ios,2025-01-07T22:41:00.000Z,10136,2009,918,1171,5
T323,3571,Data pipeline broke @ midnight!!!,web,2025-01-18T20:30:00.000Z,12969,4035,687,772,1479
T3231,7031,Great product!!! #AI,android,2025-01-05T02:40:00.000Z,4296,788,136,1857,528
T32324,3103,Error###Detected,unknown,2025-01-20T14:34:00.000Z,7883,650,687,487,419
T3234,8851,Testing!!!@@@###,android,2025-01-06T19:31:00.000Z,28,924,713,23,1695
T32351,5689,Streaming $$$ working,web,2025-01-20T01:03:00.000Z,10979,2882,716,1787,626
T32358,8303,Good & Bad mixed!!!,api,2025-01-19T15:55:00.000Z,6005,3720,650,722,1237
T32361,1004,Null?? value??,api,2025-01-18T07:59:00.000Z,17100,4626,467,2789,1905
T32368,6805,Good & Bad mixed!!!,android,2025-01-03T07:15:00.000Z,11258,2134,380,1759,1001
T32369,9528,Good & Bad mixed!!!,android,2025-01-02T13:29:00.000Z,2654,1167,616,2623,1490
T32415,8503,Streaming $$$ working,api,2025-01-16T19:16:00.000Z,319,2980,739,1222,1840
T32416,7700,Worst service ever :(,unknown,2025-01-04T21:22:00.000Z,6168,1753,267,2348,1280
T32417,6019,Spark > Hadoop ???,ios,2025-01-22T03:39:00.000Z,8340,4846,159,2681,475
T32426,2041,Testing!!!@@@###,ios,2025-01-18T07:50:00.000Z,860,1191,133,1245,796
T32430,2260,Love this!!! 😊,android,2025-01-18T22:24:00.000Z,7881,237,825,1547,799
T32450,5609,Spark > Hadoop ???,web,2025-01-10T15:58:00.000Z,17069,1959,598,1226,1745
T32451,9591,Testing!!!@@@###,api,2025-01-18T16:52:00.000Z,3168,194,130,1397,1830
T32457,2814,Error###Detected,web,2025-01-16T18:39:00.000Z,12761,2905,87,543,1152
T32464,8409,Great product!!! #AI,ios,2025-01-12T10:58:00.000Z,7868,3356,237,2055,460
T32492,5136,Null?? value??,web,2025-01-24T00:07:00.000Z,19112,1666,291,79,1055
T3250,9357,Streaming $$$ working,android,2025-01-07T17:06:00.000Z,18638,1001,280,2832,1691
T32511,2655,Error###Detected,api,2025-01-15T00:25:00.000Z,6032,2907,807,1005,429
T32520,9711,Streaming $$$ working,api,2025-01-18T03:12:00.000Z,13849,1991,596,1268,1227
T32521,4472,Spark > Hadoop ???,web,2025-01-18T05:58:00.000Z,11501,451,678,84,1377
T32530,4995,Worst service ever :(,api,2025-01-08T15:50:00.000Z,14678,2508,910,1487,1913
T32547,9349,Error###Detected,ios,2025-01-05T10:30:00.000Z,13948,4233,474,2758,1768
T32574,3617,Streaming $$$ working,ios,2025-01-08T10:36:00.000Z,10027,99,772,347,1001
T32586,8884,Data pipeline broke @ midnight!!!,unknown,2025-01-03T12:30:00.000Z,4654,3749,754,1696,486
T32588,8488,Spark > Hadoop ???,ios,2025-01-21T02:13:00.000Z,10027,4948,302,1796,1438
T32592,9807,Good & Bad mixed!!!,android,2025-01-17T01:09:00.000Z,10027,3836,280,1928,1702
T32595,9428,Great product!!! #AI,web,2025-01-21T06:36:00.000Z,13735,3914,689,837,1795
T32599,3936,Worst service ever :(,api,2025-01-23T15:16:00.000Z,9367,646,706,1228,958
T32631,7981,Testing!!!@@@###,ios,2025-01-18T21:14:00.000Z,8445,410,254,871,492
T32653,5976,Testing!!!@@@###,web,2025-01-12T20:26:00.000Z,9544,2354,124,883,1001
T32659,7312,Error###Detected,api,2025-01-19T03:35:00.000Z,17234,1860,513,2496,1716
T32666,2862,Streaming $$$ working,api,2025-01-23T15:35:00.000Z,15288,3357,892,1987,850
T32668,7267,Great product!!! #AI,api,2025-01-06T01:03:00.000Z,11080,2619,562,474,1001
T32671,1071,Good & Bad mixed!!!,web,2025-01-04T01:18:00.000Z,12734,856,708,581,396
T32693,5262,Spark > Hadoop ???,ios,2025-01-13T00:39:00.000Z,6186,2561,143,1335,1717
T32708,7680,Great product!!! #AI,api,2025-01-02T06:19:00.000Z,636,2770,591,948,1702
T32711,9109,Testing!!!@@@###,api,2025-01-21T08:27:00.000Z,13904,3861,70,327,692
T32726,8403,Spark > Hadoop ???,ios,2025-01-13T00:41:00.000Z,14622,2846,864,21,818
T32761,6670,Spark > Hadoop ???,android,2025-01-14T16:27:00.000Z,4092,368,370,597,785
T32763,1639,Null?? value??,android,2025-01-08T14:03:00.000Z,163,2179,354,1487,242
T32775,2586,Love this!!! 😊,api,2025-01-23T09:52:00.000Z,323,984,492,2691,1368
T32788,9023,Null?? value??,android,2025-01-03T06:09:00.000Z,17248,1786,129,620,1276
T32792,6779,Spark > Hadoop ???,web,2025-01-07T04:27:00.000Z,1155,816,973,1117,553
T32808,3948,Testing!!!@@@###,api,2025-01-13T12:55:00.000Z,13773,3397,972,1968,765
T32828,4348,Great product!!! #AI,ios,2025-01-11T18:40:00.000Z,2546,1359,991,505,1727
T32833,8943,Testing!!!@@@###,unknown,2025-01-18T13:14:00.000Z,4279,4570,495,626,336
T32845,5658,Testing!!!@@@###,api,2025-01-03T03:09:00.000Z,18161,1770,671,1212,398
T32849,9219,Great product!!! #AI,web,2025-01-10T21:50:00.000Z,12923,303,793,986,1001
T32858,5792,Streaming $$$ working,android,2025-01-12T16:01:34.000Z,13370,4499,865,2655,1217
T32868,1291,Testing!!!@@@###,android,2025-01-10T23:52:00.000Z,11217,4066,258,842,1361
T3287,4450,Great product!!! #AI,api,2025-01-02T04:40:00.000Z,17131,2814,84,1487,929
T32875,8622,Great product!!! #AI,ios,2025-01-12T14:30:00.000Z,11333,4898,36,189,1370
T3288,8019,Spark > Hadoop ???,ios,2025-01-08T00:30:00.000Z,13716,3653,620,2575,1275
T3289,2736,Spark > Hadoop ???,ios,2025-01-14T02:56:00.000Z,8916,402,219,713,900
T3290,8989,Great product!!! #AI,web,2025-01-20T07:51:00.000Z,1777,2118,797,2970,1625
T32910,6170,Error###Detected,web,2025-01-11T02:48:00.000Z,8593,2674,795,1784,880
T32929,3365,Great product!!! #AI,android,2025-01-01T22:26:00.000Z,8045,1225,588,1265,1023
T32968,4642,Error###Detected,unknown,2025-01-23T06:57:00.000Z,1304,1183,552,1487,15
T32973,6534,Null?? value??,web,2025-01-02T03:22:00.000Z,17082,1129,952,2257,1863
T32986,2668,Streaming $$$ working,unknown,2025-01-10T00:10:00.000Z,13854,1066,362,1185,606
T32989,7250,Worst service ever :(,web,2025-01-21T10:48:00.000Z,6396,4350,918,2464,518
T3300,1282,Streaming $$$ working,android,2025-01-03T10:00:00.000Z,1125,4661,696,1915,187
T33007,1221,Data pipeline broke @ midnight!!!,ios,2025-01-06T00:23:00.000Z,1775,3779,467,537,419
T33013,9992,Great product!!! #AI,ios,2025-01-03T07:48:00.000Z,11937,3376,568,357,220
T33015,1526,Data pipeline broke @ midnight!!!,android,2025-01-16T14:12:00.000Z,10027,3465,464,1027,130
T33023,6669,Null?? value??,android,2025-01-04T12:38:00.000Z,18345,3573,372,2601,914
T33027,4313,Error###Detected,api,2025-01-11T07:07:00.000Z,11916,1569,938,2492,1067
T3303,8008,Null?? value??,ios,2025-01-08T22:14:00.000Z,10027,3230,415,712,1758
T33036,4003,Spark > Hadoop ???,web,2025-01-11T05:42:00.000Z,1496,818,9,2089,1585
T3304,1287,Worst service ever :(,ios,2025-01-01T21:14:00.000Z,14946,2730,125,778,507
T33053,7256,Good & Bad mixed!!!,unknown,2025-01-10T10:44:00.000Z,1489,2666,381,1863,1311
T33055,1194,Data pipeline broke @ midnight!!!,web,2025-01-03T14:48:00.000Z,2430,1101,314,2802,845
T3306,2740,Streaming $$$ working,android,2025-01-07T05:53:00.000Z,7671,4129,878,289,1451
T33064,3530,Null?? value??,api,2025-01-13T03:15:00.000Z,5514,2086,106,907,1001
T33077,7683,Null?? value??,android,2025-01-06T01:06:00.000Z,4463,2532,418,2075,26
T33085,4573,Data pipeline broke @ midnight!!!,android,2025-01-22T10:05:00.000Z,4701,2367,591,709,1667
T33097,1665,Streaming $$$ working,android,2025-01-24T02:04:00.000Z,11777,1133,477,2219,1125
T33102,3928,Good & Bad mixed!!!,ios,2025-01-10T22:36:00.000Z,10027,2471,587,1487,1202
T33106,2174,Error###Detected,android,2025-01-17T00:07:00.000Z,15373,2224,960,2378,1945
T33116,8634,Null?? value??,ios,2025-01-18T06:04:00.000Z,14066,298,171,986,1269
T33121,3619,Data pipeline broke @ midnight!!!,api,2025-01-16T00:17:00.000Z,10488,3225,252,2514,992
T33128,5415,Null?? value??,web,2025-01-21T23:59:00.000Z,16375,3977,941,1322,0
T33130,5619,Good & Bad mixed!!!,ios,2025-01-11T17:49:00.000Z,524,2713,501,8,257
T33150,7777,Spark > Hadoop ???,ios,2025-01-12T16:01:34.000Z,12677,2471,631,1708,1445
T3316,7261,Worst service ever :(,api,2025-01-13T13:43:00.000Z,13373,223,312,1688,1989
T33164,3842,Great product!!! #AI,android,2025-01-19T00:42:00.000Z,5799,2471,921,44,301
T33170,7781,Error###Detected,ios,2025-01-16T21:42:00.000Z,3321,3864,360,1337,1867
T33174,2288,Testing!!!@@@###,ios,2025-01-09T01:50:00.000Z,14087,1586,527,1152,761
T33176,3676,Testing!!!@@@###,ios,2025-01-22T13:35:00.000Z,15844,2876,43,1331,1776
T33177,2456,Data pipeline broke @ midnight!!!,android,2025-01-15T04:09:00.000Z,7618,1343,541,73,979
T3318,6948,Great product!!! #AI,api,2025-01-07T12:45:00.000Z,18730,286,950,1155,1523
T33194,5154,Null?? value??,ios,2025-01-03T01:56:00.000Z,12999,3621,296,77,1780
T33203,4066,Data pipeline broke @ midnight!!!,api,2025-01-15T11:48:00.000Z,14236,1076,0,1731,1061
T33208,5979,Worst service ever :(,api,2025-01-11T03:40:00.000Z,9200,3096,897,956,1366
T33214,9060,Love this!!! 😊,android,2025-01-13T08:41:00.000Z,18795,1752,450,1687,1655
T33227,3342,Null?? value??,web,2025-01-17T23:29:00.000Z,14857,3407,596,1324,701
T33237,2082,Worst service ever :(,ios,2025-01-21T15:14:00.000Z,18245,1339,326,1460,1001
T33243,6781,Testing!!!@@@###,android,2025-01-22T11:02:00.000Z,16283,1932,816,595,276
T33245,4041,Streaming $$$ working,web,2025-01-09T20:13:00.000Z,10027,3279,474,1487,1320
T3325,5108,Good & Bad mixed!!!,android,2025-01-08T03:11:00.000Z,12966,1350,492,958,1506
T33275,5086,Good & Bad mixed!!!,unknown,2025-01-02T01:56:00.000Z,11961,1567,312,2772,1104
T33281,2184,Love this!!! 😊,android,2025-01-11T02:55:00.000Z,16171,2595,55,2824,1636
T33288,1750,Streaming $$$ working,api,2025-01-08T14:09:00.000Z,9576,1149,88,1945,896
T33297,7990,Spark > Hadoop ???,api,2025-01-04T05:47:00.000Z,11614,4012,681,1487,1461
T33300,3166,Good & Bad mixed!!!,web,2025-01-19T00:42:00.000Z,18189,1543,611,1487,1666
T33312,7052,Worst service ever :(,ios,2025-01-21T00:26:00.000Z,13812,415,654,1028,1001
T33328,2688,Spark > Hadoop ???,api,2025-01-12T16:01:34.000Z,18544,1052,636,1026,1488
T33334,6211,Good & Bad mixed!!!,web,2025-01-22T21:45:00.000Z,2372,1149,890,2226,1837
T33349,8818,Null?? value??,ios,2025-01-08T08:22:00.000Z,9101,4765,936,1733,1001
T33357,2112,Error###Detected,unknown,2025-01-16T01:52:00.000Z,10027,1497,549,2579,174
T33364,2939,Data pipeline broke @ midnight!!!,web,2025-01-01T01:52:00.000Z,19250,4454,656,39,1623
T33368,2096,Worst service ever :(,ios,2025-01-08T13:13:00.000Z,267,333,372,490,314
T33379,3734,Streaming $$$ working,android,2025-01-14T05:20:00.000Z,3147,2105,473,1455,79
T33386,8426,Testing!!!@@@###,api,2025-01-16T23:22:00.000Z,3193,816,781,1611,597
T33392,1233,Great product!!! #AI,ios,2025-01-13T10:26:00.000Z,12739,3799,80,1186,1113
T33397,1413,Good & Bad mixed!!!,api,2025-01-08T14:22:00.000Z,6246,4477,418,162,337
T3341,1652,Null?? value??,android,2025-01-15T16:30:00.000Z,10027,1285,546,1436,988
T33442,5976,Streaming $$$ working,web,2025-01-23T14:41:00.000Z,8314,2425,485,2882,458
T33474,8779,Testing!!!@@@###,web,2025-01-17T00:48:00.000Z,17809,4362,534,2358,1119
T33477,1061,Data pipeline broke @ midnight!!!,api,2025-01-17T21:34:00.000Z,5762,1075,68,102,1537
T33478,9581,Worst service ever :(,ios,2025-01-10T00:03:00.000Z,891,2856,726,407,1890
T3348,2638,Data pipeline broke @ midnight!!!,web,2025-01-11T11:58:00.000Z,11197,1405,679,2265,1238
T33482,1707,Null?? value??,unknown,2025-01-11T15:24:00.000Z,7656,4665,609,683,746
T33486,6924,Spark > Hadoop ???,web,2025-01-01T03:44:00.000Z,11703,1005,131,2076,1088
T33490,9580,Love this!!! 😊,ios,2025-01-10T14:25:00.000Z,7093,2522,329,429,110
T33503,4898,Good & Bad mixed!!!,ios,2025-01-23T01:27:00.000Z,19725,1064,437,184,1676
T3351,8156,Spark > Hadoop ???,web,2025-01-12T01:08:00.000Z,9757,3538,879,1818,1433
T33515,1687,Streaming $$$ working,ios,2025-01-17T01:27:00.000Z,18545,369,629,2819,881
T33516,8971,Love this!!! 😊,web,2025-01-13T16:08:00.000Z,2673,2354,763,925,1994
T33532,3310,Love this!!! 😊,ios,2025-01-18T15:14:00.000Z,15546,3107,714,2335,914
T3354,7057,Error###Detected,android,2025-01-15T19:22:00.000Z,15724,663,996,825,1472
T33541,6593,Streaming $$$ working,ios,2025-01-08T01:16:00.000Z,882,4853,750,2401,808
T33575,8898,Good & Bad mixed!!!,unknown,2025-01-20T16:31:00.000Z,1034,2584,507,2676,538
T33596,4575,Good & Bad mixed!!!,web,2025-01-21T06:47:00.000Z,8924,2423,375,946,1001
T33612,5097,Worst service ever :(,api,2025-01-06T03:09:00.000Z,3721,3787,79,1445,876
T33618,8899,Love this!!! 😊,web,2025-01-07T19:12:00.000Z,6675,2471,740,1527,919
T33632,8676,Streaming $$$ working,web,2025-01-18T18:08:00.000Z,15048,3255,933,2328,1711
T33669,1279,Spark > Hadoop ???,ios,2025-01-19T03:43:00.000Z,18154,3519,387,2014,1797
T3367,1152,Good & Bad mixed!!!,web,2025-01-16T05:52:00.000Z,8387,1530,450,2715,1221
T33677,3669,Spark > Hadoop ???,web,2025-01-23T16:02:00.000Z,17377,0,770,450,1495
T33690,4038,Null?? value??,android,2025-01-03T01:25:00.000Z,9212,4022,391,115,1919
T33696,1771,Great product!!! #AI,api,2025-01-17T10:46:00.000Z,9989,914,780,27,1001
T33700,1464,Data pipeline broke @ midnight!!!,ios,2025-01-10T23:08:00.000Z,6402,4760,295,2320,1304
T33709,7082,Good & Bad mixed!!!,api,2025-01-23T05:49:00.000Z,12215,2471,968,629,262
T33712,5626,Data pipeline broke @ midnight!!!,android,2025-01-23T16:40:00.000Z,17260,4158,840,1487,1922
T33717,4752,Streaming $$$ working,web,2025-01-06T09:17:00.000Z,14323,4125,969,1871,1386
T3372,1982,Good & Bad mixed!!!,android,2025-01-09T09:09:00.000Z,10027,1288,947,2239,1454
T33723,4570,Testing!!!@@@###,android,2025-01-21T06:07:00.000Z,15899,346,929,2238,1470
T3375,8749,Streaming $$$ working,api,2025-01-23T11:48:00.000Z,8052,4975,888,2141,1157
T33751,7150,Testing!!!@@@###,api,2025-01-19T23:10:00.000Z,19509,794,910,1550,157
T33755,4977,Great product!!! #AI,ios,2025-01-23T17:36:00.000Z,18082,3193,845,905,339
T3376,2381,Worst service ever :(,ios,2025-01-23T13:46:00.000Z,19813,1995,560,527,1640
T33761,3557,Streaming $$$ working,api,2025-01-18T19:24:00.000Z,2261,560,404,2982,1961
T33763,5790,Data pipeline broke @ midnight!!!,ios,2025-01-21T22:32:00.000Z,13322,4291,144,1637,1646
T33768,8058,Streaming $$$ working,android,2025-01-22T07:36:00.000Z,16508,2471,177,2007,154
T3377,8267,Data pipeline broke @ midnight!!!,android,2025-01-20T01:54:00.000Z,11029,2917,771,261,1150
T33775,1838,Error###Detected,web,2025-01-20T03:32:00.000Z,13572,3141,143,2102,1628
T33794,2285,Null?? value??,api,2025-01-10T00:21:00.000Z,15955,3173,714,1688,122
T33815,1840,Love this!!! 😊,android,2025-01-07T04:42:00.000Z,6730,1280,320,2732,1669
T33827,9967,Great product!!! #AI,web,2025-01-01T13:15:00.000Z,5761,3437,788,1806,1772
T3383,6889,Streaming $$$ working,api,2025-01-04T07:49:00.000Z,5668,1351,829,2335,451
T33830,2168,Streaming $$$ working,web,2025-01-17T15:38:00.000Z,3192,1386,870,1915,1219
T33832,5587,Testing!!!@@@###,api,2025-01-18T12:00:00.000Z,9809,3183,322,1648,659
T33843,4108,Error###Detected,android,2025-01-12T16:01:34.000Z,5768,2471,603,1875,1633
T33849,2303,Null?? value??,api,2025-01-12T16:01:34.000Z,4093,1653,129,61,296
T33868,7062,Data pipeline broke @ midnight!!!,api,2025-01-09T10:18:00.000Z,5915,4913,832,1205,1500
T33878,4957,Data pipeline broke @ midnight!!!,android,2025-01-23T16:52:00.000Z,4215,4196,256,461,1020
T3390,8957,Love this!!! 😊,api,2025-01-21T02:13:00.000Z,7796,327,81,1868,1446
T33907,4088,Null?? value??,ios,2025-01-21T21:05:00.000Z,12065,2471,247,1574,1001
T33921,4621,Worst service ever :(,api,2025-01-22T23:53:00.000Z,629,2605,426,1487,1302
T33922,6943,Worst service ever :(,web,2025-01-09T21:45:00.000Z,13882,3829,199,2071,313
T33941,6921,Worst service ever :(,ios,2025-01-16T06:17:00.000Z,18987,4714,995,74,1569
T33944,9400,Data pipeline broke @ midnight!!!,api,2025-01-22T09:42:00.000Z,8354,4768,723,1804,1391
T33947,1633,Worst service ever :(,ios,2025-01-01T01:44:00.000Z,5080,2425,340,2138,1017
T33948,8947,Love this!!! 😊,unknown,2025-01-09T22:33:00.000Z,19019,470,871,1157,1630
T3396,7199,Great product!!! #AI,unknown,2025-01-01T17:58:00.000Z,2937,864,831,1073,1568
T33973,1786,Data pipeline broke @ midnight!!!,web,2025-01-07T04:13:00.000Z,10027,3233,492,1487,1001
T33978,8017,Love this!!! 😊,api,2025-01-24T01:32:00.000Z,8294,4364,492,1487,2000
T33983,4395,Worst service ever :(,web,2025-01-21T21:04:00.000Z,18847,4460,845,2277,1480
T34005,8217,Testing!!!@@@###,api,2025-01-03T05:54:00.000Z,3252,31,118,2843,1001
T34009,5915,Spark > Hadoop ???,api,2025-01-08T07:07:00.000Z,697,1051,316,784,1994
T34017,9447,Good & Bad mixed!!!,web,2025-01-12T16:08:00.000Z,16469,4904,261,2178,580
T3402,4927,Null?? value??,ios,2025-01-14T05:03:00.000Z,13349,2151,522,754,1053
T34024,7848,Testing!!!@@@###,ios,2025-01-05T07:46:00.000Z,194,1889,470,1376,1962
T34033,4364,Spark > Hadoop ???,android,2025-01-09T13:14:00.000Z,2803,1428,116,93,205
T3404,4991,Love this!!! 😊,android,2025-01-18T08:31:00.000Z,18560,2775,979,2353,115
T34040,3728,Streaming $$$ working,api,2025-01-09T07:50:00.000Z,11837,777,797,2704,1551
T34042,2194,Streaming $$$ working,android,2025-01-14T22:16:00.000Z,7010,2471,486,2359,76
T34048,1039,Null?? value??,web,2025-01-23T13:13:00.000Z,9649,1639,170,1056,1858
T34055,2804,Streaming $$$ working,web,2025-01-06T05:42:00.000Z,1142,951,851,2802,902
T3406,2273,Data pipeline broke @ midnight!!!,android,2025-01-12T16:01:34.000Z,2157,640,612,1487,641
T34079,2245,Testing!!!@@@###,ios,2025-01-09T10:37:00.000Z,15441,4468,458,2125,700
T34085,9332,Testing!!!@@@###,api,2025-01-07T08:00:00.000Z,257,4427,692,777,1001
T34097,2194,Testing!!!@@@###,ios,2025-01-16T01:30:00.000Z,4056,2944,385,1487,740
T34099,4903,Testing!!!@@@###,android,2025-01-09T21:49:00.000Z,11420,1825,911,87,1001
T34104,2490,Good & Bad mixed!!!,ios,2025-01-01T14:19:00.000Z,15090,1300,668,123,400
T34109,4706,Worst service ever :(,android,2025-01-22T11:31:00.000Z,6660,453,600,1487,1729
T34114,7162,Worst service ever :(,web,2025-01-21T05:29:00.000Z,13808,2540,844,113,1975
T34132,6775,Good & Bad mixed!!!,ios,2025-01-04T08:09:00.000Z,3982,3222,8,147,969
T34155,8587,Testing!!!@@@###,android,2025-01-07T23:28:00.000Z,12396,2367,953,168,367
T3416,3133,Streaming $$$ working,ios,2025-01-19T21:56:00.000Z,16794,2251,819,985,1418
T34169,8384,Null?? value??,ios,2025-01-04T10:32:00.000Z,13830,2336,175,191,1825
T34171,6957,Testing!!!@@@###,unknown,2025-01-06T06:16:00.000Z,5652,990,672,749,1156
T34187,5488,Null?? value??,ios,2025-01-18T08:52:00.000Z,2456,3723,921,1254,624
T34209,4033,Testing!!!@@@###,web,2025-01-23T15:11:00.000Z,960,2718,253,1487,1832
T34216,1737,Streaming $$$ working,api,2025-01-12T16:01:34.000Z,8574,2434,129,744,1962
T34239,6584,Great product!!! #AI,ios,2025-01-12T16:01:34.000Z,12897,1720,698,1112,1488
T34241,7470,Great product!!! #AI,android,2025-01-13T11:06:00.000Z,16330,1809,573,1487,435
T34242,2411,Good & Bad mixed!!!,api,2025-01-18T12:50:00.000Z,5042,4425,473,449,720
T34266,2006,Good & Bad mixed!!!,api,2025-01-24T00:15:00.000Z,1710,1629,2,1136,858
T34267,6453,Spark > Hadoop ???,web,2025-01-03T00:22:00.000Z,18457,3951,674,2329,809
T3430,3958,Testing!!!@@@###,ios,2025-01-23T09:27:00.000Z,942,2170,700,1906,479
T34305,4042,Streaming $$$ working,web,2025-01-16T17:36:00.000Z,17132,1479,832,1595,1001
T34325,5550,Streaming $$$ working,web,2025-01-02T04:51:00.000Z,14034,598,333,2452,1095
T3434,7396,Spark > Hadoop ???,web,2025-01-13T04:01:00.000Z,3314,1344,195,1912,1001
T34347,3503,Error###Detected,ios,2025-01-07T17:31:00.000Z,11514,2932,642,399,414
T34353,2385,Spark > Hadoop ???,web,2025-01-09T20:47:00.000Z,14704,1003,37,1219,701
T34356,1424,Streaming $$$ working,web,2025-01-10T14:17:00.000Z,10027,3565,65,2115,856
T34362,8390,Data pipeline broke @ midnight!!!,api,2025-01-15T10:50:00.000Z,6281,4364,17,571,1438
T34364,8470,Streaming $$$ working,ios,2025-01-17T23:40:00.000Z,3585,3597,492,1487,330
T34366,3054,Love this!!! 😊,web,2025-01-23T03:09:00.000Z,11788,4332,766,2043,1001
T34372,7964,Streaming $$$ working,ios,2025-01-01T05:40:00.000Z,4711,2471,513,878,1828
T34380,1999,Error###Detected,android,2025-01-12T16:01:34.000Z,500,23,17,2835,680
T34381,5712,Data pipeline broke @ midnight!!!,ios,2025-01-06T03:28:00.000Z,3619,2471,612,841,785
T34400,1053,Worst service ever :(,api,2025-01-11T14:51:00.000Z,7749,2451,131,108,1109
T34409,5182,Spark > Hadoop ???,api,2025-01-13T08:59:00.000Z,6908,2639,684,2858,806
T34422,1544,Love this!!! 😊,android,2025-01-08T22:58:00.000Z,13769,4267,773,2917,552
T34426,7648,Testing!!!@@@###,android,2025-01-21T05:29:00.000Z,11609,924,590,2308,52
T34444,6215,Good & Bad mixed!!!,ios,2025-01-01T14:38:00.000Z,6353,2098,940,1579,1087
T34452,8929,Great product!!! #AI,web,2025-01-22T01:11:00.000Z,2562,405,492,2057,695
T34469,5852,Error###Detected,unknown,2025-01-11T20:48:00.000Z,10027,1782,569,2625,678
T34476,4937,Testing!!!@@@###,android,2025-01-22T21:18:00.000Z,18488,4487,889,812,1491
T34477,8794,Error###Detected,android,2025-01-16T02:22:00.000Z,12355,637,720,2863,1279
T34479,9668,Streaming $$$ working,web,2025-01-18T14:05:00.000Z,11581,2471,261,2788,1843
T34482,1063,Worst service ever :(,web,2025-01-12T16:01:34.000Z,2870,482,294,2433,983
T34491,2568,Spark > Hadoop ???,ios,2025-01-03T01:13:00.000Z,10839,1253,214,1197,862
T34501,7662,Data pipeline broke @ midnight!!!,android,2025-01-05T06:42:00.000Z,7036,4476,704,1389,570
T34506,3775,Spark > Hadoop ???,web,2025-01-04T05:10:00.000Z,12621,3543,248,2851,298
T34515,3147,Love this!!! 😊,android,2025-01-19T13:05:00.000Z,17311,5,643,2842,1442
T34525,6635,Testing!!!@@@###,android,2025-01-03T10:46:00.000Z,10027,3022,351,1226,1990
T34528,6596,Null?? value??,ios,2025-01-20T06:01:00.000Z,9794,2951,377,2781,1243
T34535,3340,Error###Detected,web,2025-01-08T22:47:00.000Z,15254,4662,27,2004,1711
T34546,4292,Error###Detected,android,2025-01-05T21:26:00.000Z,13117,943,203,1654,172
T34557,8858,Great product!!! #AI,ios,2025-01-19T04:32:00.000Z,5190,2715,46,798,470
T34559,4935,Null?? value??,android,2025-01-15T11:05:00.000Z,560,1223,387,1198,1155
T3456,1825,Good & Bad mixed!!!,ios,2025-01-13T09:03:00.000Z,10953,690,924,851,350
T3457,2178,Worst service ever :(,ios,2025-01-20T00:37:00.000Z,13323,3309,492,435,387
T34579,3027,Testing!!!@@@###,android,2025-01-23T23:53:00.000Z,16837,4702,452,2500,1861
T34584,9594,Great product!!! #AI,api,2025-01-16T18:21:00.000Z,4905,2429,103,1951,366
T34626,6255,Testing!!!@@@###,web,2025-01-04T04:35:00.000Z,19148,601,907,1977,27
T34628,4343,Testing!!!@@@###,ios,2025-01-03T07:40:00.000Z,14112,3505,245,456,77
T34631,2198,Data pipeline broke @ midnight!!!,web,2025-01-05T08:09:00.000Z,15224,886,248,2432,806
T34639,1793,Testing!!!@@@###,android,2025-01-18T22:10:00.000Z,18574,3479,990,965,190
T3467,8931,Error###Detected,ios,2025-01-06T14:34:00.000Z,11477,821,898,1491,1364
T34678,6644,Streaming $$$ working,android,2025-01-08T17:23:00.000Z,17190,3526,393,418,1893
T34683,4282,Worst service ever :(,api,2025-01-06T07:53:00.000Z,18320,3565,233,538,666
T34685,6805,Error###Detected,android,2025-01-08T19:38:00.000Z,19472,2960,34,285,1867
T34701,8172,Error###Detected,ios,2025-01-12T20:38:00.000Z,7877,496,727,1487,766
T34703,5627,Error###Detected,android,2025-01-16T08:46:00.000Z,12363,4824,57,1763,1815
T34708,9689,Error###Detected,android,2025-01-23T19:54:00.000Z,17998,3297,612,159,1808
T34713,9153,Spark > Hadoop ???,ios,2025-01-21T15:43:00.000Z,10027,2515,51,1282,1905
T34732,9720,Streaming $$$ working,ios,2025-01-22T02:24:00.000Z,16332,1518,168,2735,1946
T34735,2215,Spark > Hadoop ???,ios,2025-01-24T00:58:00.000Z,10087,3516,666,1386,1399
T34740,3318,Streaming $$$ working,web,2025-01-12T16:01:34.000Z,596,682,657,1487,1996
T34741,3585,Great product!!! #AI,web,2025-01-16T16:14:00.000Z,5521,2092,105,2620,408
T34744,6999,Spark > Hadoop ???,ios,2025-01-01T08:01:00.000Z,16288,454,538,1977,1303
T34769,5128,Great product!!! #AI,api,2025-01-14T13:20:00.000Z,5139,4235,775,537,764
T34779,3267,Great product!!! #AI,unknown,2025-01-20T20:29:00.000Z,3116,4557,492,2591,97
T3479,4857,Testing!!!@@@###,android,2025-01-11T08:34:00.000Z,2815,3830,936,1795,1352
T348,1437,Null?? value??,android,2025-01-18T10:53:00.000Z,19105,3199,155,2740,1474
T34805,5671,Great product!!! #AI,web,2025-01-05T11:36:00.000Z,18362,1760,641,939,1238
T3481,1438,Love this!!! 😊,api,2025-01-23T06:31:00.000Z,7372,2471,422,1276,1001
T34821,2296,Love this!!! 😊,ios,2025-01-04T16:11:00.000Z,2626,1895,363,2074,1706
T34823,7107,Spark > Hadoop ???,ios,2025-01-17T16:39:00.000Z,8474,53,492,1928,1498
T34839,3981,Spark > Hadoop ???,unknown,2025-01-23T11:27:00.000Z,1196,1157,407,1691,1324
T3485,5432,Testing!!!@@@###,web,2025-01-16T17:17:00.000Z,16122,2730,658,1832,16
T34855,8010,Worst service ever :(,ios,2025-01-13T23:53:00.000Z,18825,1403,469,2565,588
T34860,1877,Great product!!! #AI,api,2025-01-19T05:17:00.000Z,9807,3476,947,1487,791
T34863,5140,Null?? value??,web,2025-01-24T00:47:00.000Z,17060,4045,492,1069,170
T3488,6980,Spark > Hadoop ???,android,2025-01-01T06:51:00.000Z,198,466,449,1561,1265
T34887,5597,Testing!!!@@@###,web,2025-01-22T23:19:00.000Z,5416,149,931,1770,1906
T34888,5300,Great product!!! #AI,web,2025-01-16T15:06:00.000Z,7085,1832,591,1077,730
T34896,5529,Spark > Hadoop ???,api,2025-01-11T03:16:00.000Z,3579,2070,8,1487,1001
T34906,5831,Good & Bad mixed!!!,api,2025-01-02T18:40:00.000Z,6327,235,745,906,783
T34916,5412,Love this!!! 😊,api,2025-01-24T02:32:00.000Z,8465,4243,336,1102,440
T34924,9687,Null?? value??,api,2025-01-10T01:07:00.000Z,5015,3519,784,59,109
T34938,6782,Spark > Hadoop ???,api,2025-01-12T16:01:34.000Z,19019,216,641,1090,447
T34944,8160,Spark > Hadoop ???,web,2025-01-20T19:08:00.000Z,584,1351,733,1824,1005
T34948,1718,Worst service ever :(,web,2025-01-10T06:36:00.000Z,10664,3673,492,2162,504
T3495,5639,Worst service ever :(,ios,2025-01-23T00:50:00.000Z,7746,4360,69,1743,865
T34950,4037,Testing!!!@@@###,android,2025-01-22T05:56:00.000Z,2721,1831,171,865,60
T34953,2703,Great product!!! #AI,web,2025-01-22T19:10:00.000Z,18382,2256,844,2231,1070
T34967,9687,Error###Detected,web,2025-01-10T04:35:00.000Z,9911,4876,104,1408,133
T34968,2066,Null?? value??,android,2025-01-23T05:22:00.000Z,9075,4202,521,2615,616
T34975,2795,Spark > Hadoop ???,unknown,2025-01-04T15:14:00.000Z,4610,789,918,2576,39
T34982,7303,Testing!!!@@@###,web,2025-01-06T12:51:00.000Z,9112,2452,312,1142,780
T34989,4140,Spark > Hadoop ???,web,2025-01-05T03:26:00.000Z,2889,12,861,294,1998
T35000,8921,Streaming $$$ working,web,2025-01-18T02:26:00.000Z,2548,1063,337,1949,636
T35001,4521,Worst service ever :(,android,2025-01-14T22:12:00.000Z,16993,2710,616,1297,363
T35003,5882,Worst service ever :(,api,2025-01-04T00:02:00.000Z,3147,2049,197,1618,491
T35010,3320,Testing!!!@@@###,ios,2025-01-10T13:19:00.000Z,2245,2041,763,2977,855
T35014,1788,Great product!!! #AI,api,2025-01-24T02:46:00.000Z,14690,1461,436,846,2
T35020,5221,Error###Detected,web,2025-01-24T03:23:00.000Z,19499,1082,227,2232,888
T35037,3253,Streaming $$$ working,api,2025-01-03T00:13:00.000Z,16381,1621,672,842,1932
T35041,1728,Good & Bad mixed!!!,android,2025-01-23T21:16:00.000Z,4854,2603,892,2973,1325
T35043,4945,Spark > Hadoop ???,web,2025-01-16T09:07:00.000Z,9669,1967,234,637,1704
T3505,9212,Data pipeline broke @ midnight!!!,api,2025-01-12T23:25:00.000Z,12900,434,271,781,1520
T35052,9040,Great product!!! #AI,ios,2025-01-16T12:26:00.000Z,8507,1702,53,2396,1504
T35074,7435,Testing!!!@@@###,web,2025-01-11T14:13:00.000Z,2730,1269,833,80,908
T35084,9899,Null?? value??,android,2025-01-09T05:45:00.000Z,5922,3921,692,2304,105
T35090,5269,Great product!!! #AI,android,2025-01-22T22:42:00.000Z,13165,260,542,430,1781
T35092,9340,Data pipeline broke @ midnight!!!,web,2025-01-16T02:49:00.000Z,1535,958,89,579,134
T351,9284,Worst service ever :(,web,2025-01-06T05:40:00.000Z,17476,4086,880,1917,1223
T35102,4647,Streaming $$$ working,unknown,2025-01-15T03:16:00.000Z,4894,1699,810,2583,479
T35111,9983,Streaming $$$ working,web,2025-01-10T04:50:00.000Z,17483,1164,720,78,1073
T35123,8194,Streaming $$$ working,android,2025-01-06T01:09:00.000Z,11952,4164,488,2398,480
T35135,9769,Great product!!! #AI,web,2025-01-06T17:05:00.000Z,18782,1444,212,586,1981
T35143,8953,Testing!!!@@@###,android,2025-01-03T19:28:00.000Z,15089,410,144,2739,1859
T35146,1405,Great product!!! #AI,web,2025-01-09T23:40:00.000Z,10027,347,734,1264,1561
T3516,4014,Data pipeline broke @ midnight!!!,android,2025-01-15T18:10:00.000Z,10027,2015,654,2264,1001
T35164,9713,Great product!!! #AI,api,2025-01-13T04:55:00.000Z,2009,3796,776,1490,309
T35189,5647,Love this!!! 😊,ios,2025-01-08T02:05:00.000Z,4003,4239,265,1521,1638
T35192,9738,Good & Bad mixed!!!,api,2025-01-16T00:23:00.000Z,16997,782,821,2848,1852
T35198,9519,Good & Bad mixed!!!,ios,2025-01-12T16:01:34.000Z,8067,4749,803,729,461
T3522,1425,Testing!!!@@@###,web,2025-01-13T10:55:00.000Z,1543,3230,203,2927,1788
T35220,6991,Spark > Hadoop ???,ios,2025-01-08T03:16:00.000Z,6981,3423,125,356,1687
T35230,9642,Worst service ever :(,ios,2025-01-13T12:19:00.000Z,11391,3458,275,2294,1058
T35242,1274,Worst service ever :(,android,2025-01-10T14:31:00.000Z,14446,2441,888,1735,516
T35250,1970,Error###Detected,ios,2025-01-15T19:29:00.000Z,14736,2832,688,2157,1978
T35254,4641,Good & Bad mixed!!!,web,2025-01-20T22:59:00.000Z,9346,1657,955,918,1584
T35262,8627,Worst service ever :(,api,2025-01-19T19:48:00.000Z,139,914,864,776,1231
T35266,2562,Error###Detected,ios,2025-01-19T21:00:00.000Z,18517,4225,999,519,1802
T35275,9375,Null?? value??,ios,2025-01-12T19:30:00.000Z,3627,3187,363,1932,1860
T35277,6345,Good & Bad mixed!!!,android,2025-01-22T15:28:00.000Z,1752,3097,293,455,99
T3529,1799,Data pipeline broke @ midnight!!!,ios,2025-01-09T11:24:00.000Z,7785,4341,643,1487,1617
T35305,5352,Love this!!! 😊,ios,2025-01-12T02:28:00.000Z,15957,1434,835,2719,1178
T35310,6892,Spark > Hadoop ???,api,2025-01-22T08:11:00.000Z,16074,4477,495,395,168
T35318,8190,Data pipeline broke @ midnight!!!,api,2025-01-17T13:51:00.000Z,12579,4118,290,963,1288
T35321,3828,Worst service ever :(,android,2025-01-15T09:24:00.000Z,7032,3352,745,905,1001
T35327,2563,Error###Detected,api,2025-01-17T10:19:00.000Z,11918,3514,185,36,1046
T3533,3536,Testing!!!@@@###,api,2025-01-18T04:44:00.000Z,17393,4374,782,841,479
T35336,6100,Good & Bad mixed!!!,api,2025-01-16T11:00:00.000Z,15859,4231,46,2952,353
T35351,7315,Worst service ever :(,web,2025-01-13T23:13:00.000Z,16536,850,113,599,1790
T35367,6721,Great product!!! #AI,api,2025-01-14T23:32:00.000Z,3565,4082,805,2704,1190
T3538,9924,Streaming $$$ working,api,2025-01-12T13:02:00.000Z,18749,3811,775,538,532
T35390,4182,Error###Detected,android,2025-01-16T10:20:00.000Z,2187,256,118,1631,178
T35402,1944,Testing!!!@@@###,ios,2025-01-15T08:29:00.000Z,971,3349,596,756,1015
T35405,7300,Streaming $$$ working,web,2025-01-14T15:32:00.000Z,9615,1037,128,1002,92
T35424,2384,Worst service ever :(,ios,2025-01-09T22:10:00.000Z,984,3728,987,1775,1046
T35427,3959,Streaming $$$ working,android,2025-01-14T02:54:00.000Z,5644,1840,401,68,136
T35431,3314,Spark > Hadoop ???,ios,2025-01-06T06:51:00.000Z,4297,3440,785,369,1807
T35437,4699,Great product!!! #AI,api,2025-01-13T15:29:00.000Z,10357,3639,407,520,683
T3545,3534,Good & Bad mixed!!!,android,2025-01-20T05:21:00.000Z,18412,2555,24,2239,192
T35464,2286,Data pipeline broke @ midnight!!!,ios,2025-01-22T23:14:00.000Z,773,69,242,1478,571
T35476,9970,Good & Bad mixed!!!,android,2025-01-07T22:44:00.000Z,2154,2721,943,1218,280
T35518,6941,Great product!!! #AI,web,2025-01-12T12:28:00.000Z,15974,433,200,1427,1158
T35527,4940,Good & Bad mixed!!!,api,2025-01-09T07:54:00.000Z,17064,3621,369,1762,1624
T3553,7406,Streaming $$$ working,android,2025-01-19T22:16:00.000Z,9306,144,574,1311,1652
T35574,2233,Worst service ever :(,web,2025-01-01T05:16:00.000Z,211,121,345,1922,1997
T35588,5467,Null?? value??,web,2025-01-03T04:35:00.000Z,14362,1692,426,2494,769
T3559,1873,Spark > Hadoop ???,web,2025-01-12T16:01:34.000Z,3712,2181,256,1905,1287
T356,7972,Error###Detected,android,2025-01-18T14:58:00.000Z,8821,1266,221,123,730
T35617,1549,Data pipeline broke @ midnight!!!,android,2025-01-21T12:40:00.000Z,10027,2868,900,1855,1087
T35646,9750,Error###Detected,ios,2025-01-18T14:25:00.000Z,1733,1672,492,1487,171
T35670,6093,Testing!!!@@@###,android,2025-01-03T17:35:00.000Z,3859,2375,626,2376,1179
T35675,7007,Great product!!! #AI,web,2025-01-10T17:39:00.000Z,8144,3120,47,103,423
T35677,1766,Testing!!!@@@###,ios,2025-01-01T00:36:00.000Z,2915,4266,955,920,793
T35689,8841,Love this!!! 😊,android,2025-01-19T19:51:00.000Z,9871,4582,492,2104,1699
T35692,1381,Streaming $$$ working,android,2025-01-17T10:06:00.000Z,1377,2471,403,1678,150
T35693,7760,Worst service ever :(,web,2025-01-21T07:46:00.000Z,9651,3188,802,708,965
T35703,8531,Testing!!!@@@###,api,2025-01-06T15:33:00.000Z,5073,1783,816,2105,1463
T35710,1969,Streaming $$$ working,ios,2025-01-06T06:40:00.000Z,12629,3212,113,1517,1311
T3573,2321,Spark > Hadoop ???,ios,2025-01-21T20:36:00.000Z,14102,2471,683,126,1001
T35731,7274,Spark > Hadoop ???,ios,2025-01-05T12:15:00.000Z,19211,2638,408,1487,565
T35736,5316,Spark > Hadoop ???,android,2025-01-08T13:01:00.000Z,13919,3275,782,2389,705
T35751,3629,Good & Bad mixed!!!,web,2025-01-07T18:40:00.000Z,3028,828,347,2918,879
T35769,1408,Love this!!! 😊,web,2025-01-22T22:17:00.000Z,18028,4559,919,400,1538
T35786,4010,Error###Detected,api,2025-01-21T14:38:00.000Z,16757,4984,238,1938,856
T35792,5305,Error###Detected,android,2025-01-06T16:41:00.000Z,2046,4525,767,1598,1473
T35809,1678,Error###Detected,unknown,2025-01-20T04:24:00.000Z,12845,3,412,1887,1808
T35812,2707,Great product!!! #AI,ios,2025-01-21T09:11:00.000Z,13704,3815,589,274,769
T35814,5370,Spark > Hadoop ???,unknown,2025-01-06T01:35:00.000Z,12547,4807,553,1811,878
T35871,8213,Streaming $$$ working,api,2025-01-19T14:36:00.000Z,13948,1688,993,2225,870
T35872,4550,Spark > Hadoop ???,android,2025-01-01T19:46:00.000Z,10027,3100,489,2308,1219
T35879,7552,Great product!!! #AI,api,2025-01-19T01:35:00.000Z,19768,3890,444,2732,1219
T35892,6000,Worst service ever :(,api,2025-01-12T09:45:00.000Z,588,3906,285,2670,1806
T359,7661,Testing!!!@@@###,api,2025-01-14T04:42:00.000Z,7812,1729,157,600,618
T35901,8409,Testing!!!@@@###,web,2025-01-02T17:33:00.000Z,13707,1056,911,561,1769
T35909,6091,Spark > Hadoop ???,web,2025-01-17T16:19:00.000Z,4152,2652,309,1513,1652
T35957,7541,Spark > Hadoop ???,web,2025-01-09T08:59:00.000Z,9868,1367,432,2645,686
T35958,2910,Good & Bad mixed!!!,api,2025-01-03T07:14:00.000Z,12426,1901,3,722,1586
T35961,7145,Null?? value??,api,2025-01-12T16:01:34.000Z,5775,3078,492,1192,1001
T35968,1433,Love this!!! 😊,ios,2025-01-13T05:13:00.000Z,3370,3646,735,2758,630
T35970,1424,Data pipeline broke @ midnight!!!,ios,2025-01-12T12:29:00.000Z,19382,2471,939,2080,683
T35990,3267,Love this!!! 😊,api,2025-01-21T23:58:00.000Z,15809,1699,862,704,1419
T35993,5296,Good & Bad mixed!!!,android,2025-01-05T07:21:00.000Z,9958,1814,172,309,223
T35998,9718,Worst service ever :(,api,2025-01-13T21:14:00.000Z,10027,1565,23,666,324
T36005,6702,Null?? value??,android,2025-01-10T20:47:00.000Z,8322,4558,210,1793,978
T36008,6753,Null?? value??,api,2025-01-09T21:57:00.000Z,13090,4981,3,2880,1304
T36021,6447,Testing!!!@@@###,web,2025-01-01T15:38:00.000Z,13287,2471,618,2510,1405
T36035,1996,Great product!!! #AI,web,2025-01-08T11:50:00.000Z,17232,313,18,375,1305
T36043,5103,Good & Bad mixed!!!,api,2025-01-24T01:35:00.000Z,16619,1771,50,1272,245
T36051,7561,Love this!!! 😊,api,2025-01-19T15:53:00.000Z,12148,808,419,2019,390
T36056,7163,Testing!!!@@@###,api,2025-01-13T23:35:00.000Z,2532,3005,146,1214,1090
T36071,8070,Love this!!! 😊,unknown,2025-01-06T09:04:00.000Z,12743,3641,823,1665,820
T36083,7727,Null?? value??,ios,2025-01-01T10:45:00.000Z,616,4683,758,2860,1438
T36100,3221,Spark > Hadoop ???,api,2025-01-20T16:16:00.000Z,1223,2522,995,2819,1001
T36101,7350,Error###Detected,api,2025-01-15T10:55:00.000Z,14864,3451,363,1845,1872
T36107,4112,Data pipeline broke @ midnight!!!,android,2025-01-12T16:01:34.000Z,10664,1063,217,1141,1804
T36116,4537,Worst service ever :(,android,2025-01-22T22:54:00.000Z,18289,4523,859,2038,1993
T36133,3939,Streaming $$$ working,ios,2025-01-09T14:14:00.000Z,13539,3074,453,2750,964
T36141,4250,Love this!!! 😊,api,2025-01-17T22:41:00.000Z,4017,3473,76,373,1332
T36143,1378,Love this!!! 😊,ios,2025-01-19T11:08:00.000Z,10027,2846,530,1114,1992
T36153,1746,Great product!!! #AI,api,2025-01-18T14:17:00.000Z,9605,2379,999,2353,670
T36154,5787,Testing!!!@@@###,android,2025-01-01T22:31:00.000Z,5769,890,375,2672,105
T36162,4344,Worst service ever :(,ios,2025-01-23T23:38:00.000Z,2517,2538,310,1487,1001
T36182,6272,Data pipeline broke @ midnight!!!,android,2025-01-11T12:42:00.000Z,4638,2773,884,574,117
T36186,8947,Good & Bad mixed!!!,web,2025-01-09T09:31:00.000Z,18326,635,1,645,258
T36188,4917,Data pipeline broke @ midnight!!!,web,2025-01-16T07:09:00.000Z,15453,2471,448,2050,1800
T36200,1442,Data pipeline broke @ midnight!!!,android,2025-01-05T13:46:00.000Z,311,1446,381,1903,1787
T36205,5428,Data pipeline broke @ midnight!!!,api,2025-01-17T05:32:00.000Z,236,432,993,2755,555
T36213,5964,Null?? value??,web,2025-01-16T18:17:00.000Z,15593,2267,224,1326,1132
T36222,2978,Great product!!! #AI,web,2025-01-12T16:01:34.000Z,15624,2162,492,2540,1425
T36227,5094,Worst service ever :(,api,2025-01-22T10:14:00.000Z,6321,4961,721,1977,1793
T3623,7385,Testing!!!@@@###,android,2025-01-18T14:19:00.000Z,9188,740,256,2823,954
T36237,8716,Streaming $$$ working,api,2025-01-13T22:58:00.000Z,2231,2044,59,464,915
T36242,1805,Error###Detected,android,2025-01-14T04:17:00.000Z,19314,1801,181,2235,1637
T36258,5906,Data pipeline broke @ midnight!!!,android,2025-01-21T11:16:00.000Z,17389,691,901,1487,1376
T36263,7532,Good & Bad mixed!!!,ios,2025-01-23T05:49:00.000Z,8915,1634,492,203,392
T36265,1873,Null?? value??,android,2025-01-06T23:32:00.000Z,9153,4641,516,1472,283
T36268,6567,Spark > Hadoop ???,web,2025-01-13T11:08:00.000Z,11537,4769,609,260,1096
T36270,7640,Love this!!! 😊,web,2025-01-23T22:24:00.000Z,11136,423,826,652,1788
T36275,8983,Love this!!! 😊,android,2025-01-09T12:55:00.000Z,9730,814,334,1066,469
T36281,2185,Love this!!! 😊,api,2025-01-12T13:22:00.000Z,16583,1514,492,1295,1222
T36290,1990,Null?? value??,ios,2025-01-16T00:40:00.000Z,11092,1886,212,1196,1206
T36291,4457,Spark > Hadoop ???,web,2025-01-12T16:01:34.000Z,13884,1013,685,2887,452
T36306,1081,Error###Detected,web,2025-01-14T22:27:00.000Z,5271,2954,339,2790,431
T36315,2653,Testing!!!@@@###,ios,2025-01-11T14:36:00.000Z,579,2003,693,1675,34
T36318,7546,Love this!!! 😊,android,2025-01-22T19:02:00.000Z,14741,2865,396,1948,1664
T36335,1345,Streaming $$$ working,ios,2025-01-05T21:25:00.000Z,16786,4037,752,4,1126
T36357,6127,Spark > Hadoop ???,ios,2025-01-06T13:17:00.000Z,4923,1701,165,1645,1587
T36370,5169,Love this!!! 😊,web,2025-01-08T14:11:00.000Z,2930,4535,78,1487,1176
T36388,1718,Error###Detected,android,2025-01-13T12:28:00.000Z,11167,4758,676,1526,267
T36395,1625,Love this!!! 😊,web,2025-01-08T15:14:00.000Z,10027,1964,492,64,360
T36415,4191,Data pipeline broke @ midnight!!!,api,2025-01-16T08:20:00.000Z,15892,272,933,2412,979
T36416,2206,Data pipeline broke @ midnight!!!,web,2025-01-17T06:15:00.000Z,8746,2943,336,2518,115
T36418,9354,Null?? value??,android,2025-01-21T03:38:00.000Z,15112,510,885,1986,601
T3642,7354,Data pipeline broke @ midnight!!!,web,2025-01-11T19:40:00.000Z,8333,2471,492,1317,1001
T36420,8597,Testing!!!@@@###,android,2025-01-12T16:01:34.000Z,383,1814,426,1487,486
T36430,1089,Data pipeline broke @ midnight!!!,api,2025-01-19T22:34:00.000Z,7285,1786,182,912,1773
T36454,8907,Good & Bad mixed!!!,android,2025-01-15T16:56:00.000Z,7313,2274,392,1464,1283
T36470,8709,Error###Detected,android,2025-01-08T03:09:00.000Z,745,1938,30,2572,1606
T36486,7431,Spark > Hadoop ???,web,2025-01-21T04:37:00.000Z,19720,4390,360,2141,528
T36488,2174,Streaming $$$ working,api,2025-01-20T15:31:00.000Z,570,1314,153,1690,1543
T36490,8807,Worst service ever :(,ios,2025-01-20T18:46:00.000Z,7685,3407,492,1988,1718
T36509,4202,Great product!!! #AI,android,2025-01-18T17:35:00.000Z,5853,593,595,1092,1107
T36512,5414,Data pipeline broke @ midnight!!!,android,2025-01-04T00:43:00.000Z,6819,807,654,2970,661
T36518,1444,Spark > Hadoop ???,android,2025-01-18T23:25:00.000Z,11737,114,568,35,954
T36521,6448,Error###Detected,web,2025-01-04T15:18:00.000Z,10380,4893,877,430,1956
T36525,5775,Love this!!! 😊,web,2025-01-04T11:45:00.000Z,16992,4472,97,846,1640
T36529,9966,Great product!!! #AI,unknown,2025-01-08T20:15:00.000Z,18446,2521,953,1335,193
T36536,2470,Spark > Hadoop ???,web,2025-01-03T03:15:00.000Z,6373,731,923,2862,1427
T36537,1224,Testing!!!@@@###,android,2025-01-14T00:49:00.000Z,11668,367,912,716,267
T36544,4824,Streaming $$$ working,ios,2025-01-05T10:13:00.000Z,8197,2920,243,445,318
T36548,2235,Love this!!! 😊,ios,2025-01-19T04:43:00.000Z,3429,1418,335,538,1880
T36549,2690,Worst service ever :(,web,2025-01-03T02:59:00.000Z,10027,4494,15,2417,1573
T36550,3594,Good & Bad mixed!!!,web,2025-01-02T05:27:00.000Z,16367,1830,882,1487,838
T36560,5997,Streaming $$$ working,web,2025-01-07T14:41:00.000Z,7092,4555,521,646,858
T36561,1251,Data pipeline broke @ midnight!!!,web,2025-01-22T15:44:00.000Z,18552,2471,759,230,648
T36563,3165,Streaming $$$ working,web,2025-01-04T04:58:00.000Z,944,445,232,2747,547
T36570,3518,Testing!!!@@@###,android,2025-01-13T13:31:00.000Z,4717,777,414,654,579
T36579,3736,Null?? value??,android,2025-01-17T13:41:00.000Z,14937,1177,819,1487,1565
T36586,3958,Error###Detected,ios,2025-01-22T14:09:00.000Z,7525,4749,687,2372,439
T36589,1391,Streaming $$$ working,web,2025-01-11T00:02:00.000Z,13431,1391,631,1487,972
T36596,6835,Worst service ever :(,ios,2025-01-12T16:01:34.000Z,4377,1628,576,1023,176
T36613,9002,Spark > Hadoop ???,api,2025-01-13T09:42:00.000Z,7126,2669,470,1118,186
T36620,7068,Testing!!!@@@###,android,2025-01-12T16:01:34.000Z,4605,2996,385,2406,1957
T36627,9207,Null?? value??,android,2025-01-16T17:40:00.000Z,13638,1036,627,1112,1273
T36635,3358,Love this!!! 😊,api,2025-01-06T05:42:00.000Z,12062,2829,51,2096,465
T36642,4505,Null?? value??,ios,2025-01-17T12:48:00.000Z,11736,4710,258,2338,1796
T36652,3865,Worst service ever :(,web,2025-01-11T06:55:00.000Z,14212,3385,762,1735,662
T3666,4499,Data pipeline broke @ midnight!!!,unknown,2025-01-18T12:42:00.000Z,2664,4453,722,1755,963
T36674,4548,Error###Detected,android,2025-01-16T00:53:00.000Z,5866,142,332,2233,204
T36675,6480,Worst service ever :(,android,2025-01-12T16:01:34.000Z,11720,1844,497,2511,49
T36688,7000,Data pipeline broke @ midnight!!!,api,2025-01-12T16:01:34.000Z,19426,502,629,1487,136
T36697,9327,Null?? value??,ios,2025-01-04T19:51:00.000Z,2993,3256,429,933,1561
T36698,7019,Great product!!! #AI,ios,2025-01-21T07:53:00.000Z,13500,3797,283,14,1370
T36718,7251,Spark > Hadoop ???,web,2025-01-15T22:47:00.000Z,3844,3558,675,2492,1088
T36732,4256,Streaming $$$ working,web,2025-01-12T13:01:00.000Z,15588,4436,877,1013,683
T36739,2553,Testing!!!@@@###,ios,2025-01-10T18:28:00.000Z,11678,3028,652,1408,200
T36747,2554,Testing!!!@@@###,api,2025-01-12T16:01:34.000Z,18265,2471,22,2204,506
T36753,8955,Streaming $$$ working,android,2025-01-22T15:26:00.000Z,14491,3570,353,1587,780
T36755,6339,Data pipeline broke @ midnight!!!,android,2025-01-22T01:22:00.000Z,7951,169,351,1072,1001
T36772,7791,Worst service ever :(,api,2025-01-15T21:16:00.000Z,16855,1872,15,1441,1848
T36776,8417,Error###Detected,android,2025-01-05T12:37:00.000Z,17795,4270,981,331,854
T36781,9092,Data pipeline broke @ midnight!!!,ios,2025-01-07T15:02:00.000Z,9493,4986,998,2605,297
T36784,6244,Worst service ever :(,api,2025-01-04T08:53:00.000Z,1672,1203,599,754,1001
T36803,2134,Great product!!! #AI,web,2025-01-20T12:27:00.000Z,8758,2752,124,1487,1418
T36813,3757,Data pipeline broke @ midnight!!!,api,2025-01-07T22:52:00.000Z,15294,2549,908,191,1320
T36821,4058,Good & Bad mixed!!!,api,2025-01-02T07:19:00.000Z,12139,1245,917,1387,1967
T36839,2094,Null?? value??,api,2025-01-06T06:30:00.000Z,2293,2724,152,1158,529
T36853,5234,Error###Detected,android,2025-01-18T04:33:00.000Z,3542,4031,101,707,1499
T36875,7097,Worst service ever :(,android,2025-01-17T16:07:00.000Z,3067,2224,520,760,368
T36876,2504,Streaming $$$ working,web,2025-01-18T01:49:00.000Z,18607,403,408,1643,506
T36885,6392,Great product!!! #AI,ios,2025-01-23T18:19:00.000Z,8904,1196,132,1559,310
T36891,1943,Streaming $$$ working,ios,2025-01-17T01:22:00.000Z,617,4068,126,2791,1109
T36901,5621,Love this!!! 😊,web,2025-01-03T09:05:00.000Z,16955,3016,492,2152,888
T36902,3958,Streaming $$$ working,web,2025-01-01T05:27:00.000Z,5663,2908,671,1366,520
T36911,9575,Testing!!!@@@###,api,2025-01-12T16:01:34.000Z,12431,612,626,596,223
T36912,9120,Good & Bad mixed!!!,android,2025-01-19T23:30:00.000Z,5201,4996,820,1051,1352
T36922,2478,Spark > Hadoop ???,api,2025-01-14T16:31:00.000Z,14397,429,571,1985,269
T36927,7129,Data pipeline broke @ midnight!!!,api,2025-01-01T17:47:00.000Z,18255,529,987,1318,1763
T36933,3849,Error###Detected,ios,2025-01-12T16:01:34.000Z,3880,3600,828,211,23
T36934,8191,Worst service ever :(,api,2025-01-05T03:02:00.000Z,15000,243,131,2023,1006
T36938,6393,Testing!!!@@@###,android,2025-01-03T05:45:00.000Z,19778,3325,823,2001,631
T36947,8429,Good & Bad mixed!!!,api,2025-01-14T09:09:00.000Z,8500,3870,3,357,1355
T36949,3192,Testing!!!@@@###,android,2025-01-08T05:04:00.000Z,10027,4258,344,2621,1311
T3695,3803,Testing!!!@@@###,android,2025-01-09T21:08:00.000Z,9774,2154,8,1654,1315
T36952,5513,Data pipeline broke @ midnight!!!,web,2025-01-07T00:31:00.000Z,15608,3397,194,1766,1912
T36963,9336,Testing!!!@@@###,api,2025-01-12T16:01:34.000Z,1973,4066,106,2535,1956
T36967,6464,Great product!!! #AI,ios,2025-01-08T21:45:00.000Z,14795,2471,373,1377,1682
T36972,4489,Good & Bad mixed!!!,api,2025-01-14T08:24:00.000Z,16985,331,492,2862,597
T36975,8808,Good & Bad mixed!!!,api,2025-01-22T11:00:00.000Z,303,254,81,416,313
T36981,6260,Spark > Hadoop ???,web,2025-01-23T06:23:00.000Z,121,977,466,168,141
T36995,7483,Testing!!!@@@###,web,2025-01-14T22:39:00.000Z,10027,2906,908,2688,124
T37008,6715,Worst service ever :(,ios,2025-01-22T17:35:00.000Z,16368,3000,1,1855,581
T37012,4179,Spark > Hadoop ???,android,2025-01-18T00:25:00.000Z,3949,4934,419,1487,1001
T37017,4535,Love this!!! 😊,unknown,2025-01-02T13:30:00.000Z,164,3701,316,2994,1892
T37029,2513,Spark > Hadoop ???,android,2025-01-10T21:03:00.000Z,17459,2782,363,172,906
T37033,7308,Error###Detected,ios,2025-01-21T15:01:00.000Z,15870,1898,11,886,589
T37036,4638,Worst service ever :(,web,2025-01-19T07:56:00.000Z,9897,287,753,1012,785
T37044,7158,Great product!!! #AI,api,2025-01-21T17:33:00.000Z,18519,2305,569,2858,1883
T37050,6822,Null?? value??,android,2025-01-22T14:11:00.000Z,2386,4764,314,2655,1100
T37053,5269,Love this!!! 😊,android,2025-01-14T18:30:00.000Z,10027,2051,492,2208,295
T37063,8798,Worst service ever :(,ios,2025-01-17T03:51:00.000Z,8281,3616,547,1656,929
T37067,2791,Spark > Hadoop ???,android,2025-01-15T12:26:00.000Z,8737,515,806,2077,395
T3707,3272,Data pipeline broke @ midnight!!!,web,2025-01-14T18:57:00.000Z,17521,4446,672,741,1274
T37092,2016,Error###Detected,api,2025-01-18T11:07:00.000Z,13680,4173,833,759,1202
T37094,5835,Great product!!! #AI,api,2025-01-05T07:26:00.000Z,9812,4162,816,1620,1216
T37099,8795,Good & Bad mixed!!!,api,2025-01-21T12:15:00.000Z,7709,3652,684,2983,740
T37105,2838,Streaming $$$ working,web,2025-01-07T19:06:00.000Z,4211,3486,143,2421,1731
T37122,2961,Worst service ever :(,ios,2025-01-02T13:59:00.000Z,10027,105,400,469,112
T37125,7759,Great product!!! #AI,web,2025-01-23T10:11:00.000Z,9483,2854,631,1487,1087
T3713,3668,Love this!!! 😊,api,2025-01-12T16:01:34.000Z,9272,4355,396,330,1217
T37143,5110,Testing!!!@@@###,ios,2025-01-11T17:14:00.000Z,1983,3235,714,724,1933
T37169,7562,Love this!!! 😊,unknown,2025-01-21T01:21:00.000Z,13686,482,69,2872,1493
T37171,1807,Null?? value??,ios,2025-01-17T16:00:00.000Z,19507,3395,89,1593,1749
T37178,2076,Data pipeline broke @ midnight!!!,web,2025-01-18T20:16:00.000Z,1937,2903,857,1206,518
T37191,6607,Good & Bad mixed!!!,web,2025-01-19T18:38:00.000Z,12873,2337,403,714,1803
T37193,6088,Error###Detected,web,2025-01-02T12:28:00.000Z,3972,4845,266,1033,1940
T37194,7138,Testing!!!@@@###,ios,2025-01-22T00:50:00.000Z,18176,1529,830,2808,530
T372,3489,Great product!!! #AI,ios,2025-01-18T22:47:00.000Z,18553,3681,715,1487,158
T37213,8982,Data pipeline broke @ midnight!!!,api,2025-01-09T19:45:00.000Z,19578,2471,715,1487,1001
T37223,3631,Data pipeline broke @ midnight!!!,android,2025-01-09T19:20:00.000Z,15674,3202,135,2847,1054
T37229,7336,Testing!!!@@@###,ios,2025-01-22T19:37:00.000Z,16002,3585,257,1571,1001
T3723,6751,Testing!!!@@@###,web,2025-01-11T19:13:00.000Z,5634,2907,182,2638,1001
T37231,4991,Great product!!! #AI,web,2025-01-19T20:14:00.000Z,19734,3954,330,1553,1083
T37248,3439,Data pipeline broke @ midnight!!!,api,2025-01-03T10:52:00.000Z,8679,1944,679,589,1205
T37256,1575,Testing!!!@@@###,android,2025-01-09T22:00:00.000Z,7429,2270,891,2038,639
T37274,3453,Love this!!! 😊,web,2025-01-14T09:01:00.000Z,1156,2471,848,1825,995
T37277,9577,Error###Detected,unknown,2025-01-12T16:01:34.000Z,8020,424,965,280,1001
T37285,5257,Testing!!!@@@###,ios,2025-01-06T15:32:00.000Z,11543,3992,124,2223,953
T3729,7400,Worst service ever :(,ios,2025-01-07T12:54:00.000Z,6947,4455,492,453,1386
T37303,7221,Spark > Hadoop ???,android,2025-01-10T17:54:00.000Z,9229,3807,314,1338,1373
T37306,9926,Testing!!!@@@###,android,2025-01-23T03:22:00.000Z,10443,4993,395,926,486
T37318,3472,Good & Bad mixed!!!,web,2025-01-01T10:39:00.000Z,6532,2468,618,2634,1561
T37319,4514,Data pipeline broke @ midnight!!!,android,2025-01-14T13:32:00.000Z,1972,2754,509,540,90
T3733,7917,Data pipeline broke @ midnight!!!,web,2025-01-05T09:27:00.000Z,10365,4794,857,2133,1997
T37336,6071,Worst service ever :(,android,2025-01-03T00:37:00.000Z,10027,551,422,1645,347
T37349,2198,Love this!!! 😊,android,2025-01-19T18:39:00.000Z,6622,1200,479,770,1819
T37359,6257,Error###Detected,android,2025-01-14T15:45:00.000Z,11145,3798,314,580,75
T37383,5789,Spark > Hadoop ???,web,2025-01-20T10:46:00.000Z,15275,2739,496,2644,708
T37395,6287,Data pipeline broke @ midnight!!!,android,2025-01-06T22:50:00.000Z,19961,2471,938,326,325
T37396,3142,Worst service ever :(,android,2025-01-13T15:59:00.000Z,12478,4220,774,221,919
T37401,2815,Streaming $$$ working,android,2025-01-16T04:41:00.000Z,12228,4231,15,276,1793
T37426,7588,Null?? value??,unknown,2025-01-23T05:29:00.000Z,19328,1126,322,2955,755
T37442,5798,Spark > Hadoop ???,api,2025-01-06T15:22:00.000Z,4192,414,491,1477,663
T37448,1064,Great product!!! #AI,web,2025-01-09T18:15:00.000Z,3466,4883,790,2651,1267
T37456,7099,Good & Bad mixed!!!,android,2025-01-08T12:30:00.000Z,16987,2595,67,242,728
T37458,8919,Good & Bad mixed!!!,android,2025-01-02T00:19:00.000Z,5944,3698,492,2963,206
T37482,8645,Error###Detected,ios,2025-01-10T04:31:00.000Z,12563,311,340,2789,814
T37490,4776,Great product!!! #AI,web,2025-01-10T00:30:00.000Z,12188,3674,397,2103,537
T37491,5730,Streaming $$$ working,api,2025-01-17T19:51:00.000Z,5888,281,664,1807,189
T37505,1119,Error###Detected,android,2025-01-12T19:20:00.000Z,8668,3086,443,2333,660
T37506,1159,Worst service ever :(,android,2025-01-16T08:26:00.000Z,2205,506,348,944,1346
T37511,7698,Error###Detected,web,2025-01-16T17:26:00.000Z,11221,2816,386,768,1001
T37521,8775,Spark > Hadoop ???,api,2025-01-04T02:23:00.000Z,775,3378,808,2836,1001
T37523,4143,Good & Bad mixed!!!,api,2025-01-23T21:02:00.000Z,14481,1598,571,740,489
T37552,3144,Streaming $$$ working,api,2025-01-12T16:01:34.000Z,5320,2471,142,1934,225
T37563,6907,Good & Bad mixed!!!,web,2025-01-13T14:38:00.000Z,7075,4866,651,2093,1889
T37584,3176,Love this!!! 😊,android,2025-01-02T05:52:00.000Z,13246,2835,370,1487,1111
T3759,6325,Worst service ever :(,ios,2025-01-12T16:01:34.000Z,4704,2471,20,1935,324
T37592,4356,Worst service ever :(,android,2025-01-22T08:52:00.000Z,17232,2259,37,1682,1886
T37598,4923,Null?? value??,android,2025-01-22T19:21:00.000Z,9756,4711,167,2763,718
T37604,7135,Good & Bad mixed!!!,web,2025-01-04T20:50:00.000Z,18382,4171,733,2707,616
T37611,1350,Data pipeline broke @ midnight!!!,android,2025-01-22T00:35:00.000Z,10027,4889,940,1890,1001
T37613,7985,Data pipeline broke @ midnight!!!,android,2025-01-10T03:04:00.000Z,16099,1375,528,730,110
T37616,6705,Worst service ever :(,unknown,2025-01-07T17:23:00.000Z,10559,3135,619,1255,238
T37623,8632,Worst service ever :(,android,2025-01-06T09:58:00.000Z,5435,4825,492,1178,1540
T37628,6056,Null?? value??,api,2025-01-18T17:56:00.000Z,4260,4067,492,2553,1984
T37636,7383,Good & Bad mixed!!!,api,2025-01-21T15:10:00.000Z,6640,1893,492,2528,918
T37640,9891,Great product!!! #AI,api,2025-01-15T16:09:00.000Z,6197,1845,303,209,1772
T37649,9862,Testing!!!@@@###,web,2025-01-13T05:28:00.000Z,11357,4001,47,2592,1115
T37653,4739,Error###Detected,ios,2025-01-23T05:57:00.000Z,15543,3132,79,1186,1857
T37655,2730,Null?? value??,api,2025-01-23T09:38:00.000Z,5886,3297,843,2007,1001
T37661,4531,Testing!!!@@@###,web,2025-01-16T14:36:00.000Z,654,2249,727,2499,605
T37673,1000,Streaming $$$ working,web,2025-01-01T08:00:00.000Z,16940,610,31,2927,1079
T37678,5858,Error###Detected,api,2025-01-12T16:01:34.000Z,19211,1415,829,2548,1097
T37681,2994,Null?? value??,api,2025-01-20T04:42:00.000Z,5672,4067,742,743,589
T37688,4288,Null?? value??,ios,2025-01-05T21:52:00.000Z,5144,2471,348,1886,541
T37692,4312,Good & Bad mixed!!!,android,2025-01-08T07:13:00.000Z,4747,209,711,2587,1029
T37695,2999,Streaming $$$ working,ios,2025-01-13T03:26:00.000Z,2118,3306,923,2693,1001
T37697,2420,Data pipeline broke @ midnight!!!,api,2025-01-09T11:02:00.000Z,8907,2815,200,1843,1978
T37730,6372,Love this!!! 😊,web,2025-01-05T03:31:00.000Z,443,17,203,2428,1803
T37735,6093,Spark > Hadoop ???,api,2025-01-06T15:20:00.000Z,7826,1008,971,1204,1729
T37737,9083,Spark > Hadoop ???,api,2025-01-13T09:03:00.000Z,2281,597,522,616,1058
T37747,2202,Spark > Hadoop ???,api,2025-01-05T09:16:00.000Z,1582,3391,392,1791,437
T37749,4207,Error###Detected,api,2025-01-05T11:23:00.000Z,713,2043,545,2133,738
T37751,2716,Spark > Hadoop ???,web,2025-01-23T11:21:00.000Z,8316,369,979,554,450
T37753,4274,Null?? value??,web,2025-01-03T19:10:00.000Z,3133,2471,906,2490,1001
T3776,4554,Streaming $$$ working,ios,2025-01-17T19:56:00.000Z,14483,571,302,1187,200
T37769,5695,Great product!!! #AI,web,2025-01-10T21:09:00.000Z,10392,4693,839,339,1388
T37770,7755,Testing!!!@@@###,android,2025-01-08T22:11:00.000Z,13542,4877,492,1717,617
T37789,2174,Streaming $$$ working,web,2025-01-15T07:13:00.000Z,15801,2471,974,1487,99
T37796,2339,Data pipeline broke @ midnight!!!,android,2025-01-21T14:29:00.000Z,12287,4934,708,2768,1905
T37801,3136,Spark > Hadoop ???,web,2025-01-21T09:06:00.000Z,16337,2439,390,1487,1001
T37810,3858,Streaming $$$ working,ios,2025-01-08T13:41:00.000Z,9374,4392,43,953,1417
T37831,4723,Great product!!! #AI,android,2025-01-17T01:51:00.000Z,5102,1904,238,124,284
T37858,1437,Null?? value??,api,2025-01-05T03:38:00.000Z,8508,2471,397,1009,1998
T37859,9301,Streaming $$$ working,android,2025-01-09T16:57:00.000Z,18673,4037,949,1878,731
T3786,4101,Good & Bad mixed!!!,ios,2025-01-18T12:00:00.000Z,7171,3295,839,688,1434
T37862,6878,Spark > Hadoop ???,web,2025-01-04T18:25:00.000Z,19193,133,215,603,1784
T37869,3463,Great product!!! #AI,web,2025-01-19T16:24:00.000Z,12611,4325,357,116,1223
T37872,5032,Good & Bad mixed!!!,web,2025-01-21T05:53:00.000Z,1167,3362,534,1055,1230
T37877,2795,Worst service ever :(,ios,2025-01-12T16:01:34.000Z,133,896,610,1428,1954
T37878,9301,Love this!!! 😊,ios,2025-01-01T18:11:00.000Z,14312,4408,564,185,1799
T37885,8474,Love this!!! 😊,web,2025-01-12T03:06:00.000Z,18353,4001,462,112,475
T37887,5575,Error###Detected,api,2025-01-02T05:21:00.000Z,16834,491,551,1982,43
T37899,6863,Null?? value??,web,2025-01-21T04:13:00.000Z,14671,2322,287,1487,1001
T37924,2965,Data pipeline broke @ midnight!!!,web,2025-01-18T14:33:00.000Z,16356,4638,32,102,1001
T37936,1557,Good & Bad mixed!!!,web,2025-01-22T03:26:00.000Z,13346,304,215,1045,982
T3794,2454,Error###Detected,ios,2025-01-05T09:02:00.000Z,5921,4123,637,1580,73
T37948,3419,Data pipeline broke @ midnight!!!,api,2025-01-04T08:04:00.000Z,10223,310,93,332,1526
T37959,3262,Testing!!!@@@###,android,2025-01-07T04:26:00.000Z,16473,2367,660,2672,854
T37982,7329,Error###Detected,web,2025-01-17T20:37:00.000Z,1978,2626,772,260,1784
T37989,5821,Love this!!! 😊,api,2025-01-07T11:05:00.000Z,9804,2108,807,1487,590
T37996,8551,Error###Detected,android,2025-01-05T15:42:00.000Z,13893,2114,379,2737,178
T38000,4772,Error###Detected,api,2025-01-14T15:35:00.000Z,9201,2471,927,1120,272
T38013,4393,Good & Bad mixed!!!,ios,2025-01-06T08:51:00.000Z,5896,3555,511,2416,2000
T38014,5026,Worst service ever :(,unknown,2025-01-15T04:11:00.000Z,7551,2471,405,2089,1081
T38027,9500,Worst service ever :(,web,2025-01-21T22:22:00.000Z,9428,1758,461,948,634
T3803,2093,Error###Detected,ios,2025-01-09T16:18:00.000Z,4850,1942,982,1943,714
T38036,7456,Love this!!! 😊,android,2025-01-16T05:00:00.000Z,10027,1758,570,2824,1001
T38037,8569,Great product!!! #AI,android,2025-01-02T15:11:00.000Z,10151,4786,82,268,1809
T38043,7037,Worst service ever :(,api,2025-01-16T19:09:00.000Z,5456,4394,721,717,612
T38048,5557,Good & Bad mixed!!!,api,2025-01-03T02:48:00.000Z,18341,4159,982,72,346
T3805,5337,Null?? value??,ios,2025-01-12T15:55:00.000Z,14509,86,589,2445,1995
T38054,1467,Error###Detected,web,2025-01-06T15:17:00.000Z,8255,2905,764,438,739
T38063,2843,Testing!!!@@@###,ios,2025-01-14T00:19:00.000Z,2092,3419,316,371,1746
T38073,4848,Streaming $$$ working,android,2025-01-12T15:25:00.000Z,10880,2471,290,530,343
T38076,1387,Testing!!!@@@###,api,2025-01-08T12:47:00.000Z,2775,2165,241,2760,411
T38080,4657,Good & Bad mixed!!!,ios,2025-01-16T17:59:00.000Z,11345,3437,958,271,1993
T38083,5627,Great product!!! #AI,api,2025-01-07T05:53:00.000Z,645,2970,256,2284,196
T38089,5269,Error###Detected,web,2025-01-11T16:20:00.000Z,10027,354,736,2113,837
T38109,2395,Great product!!! #AI,ios,2025-01-22T20:56:00.000Z,9636,1045,492,431,978
T38111,9923,Streaming $$$ working,web,2025-01-10T15:31:00.000Z,5573,923,27,10,1719
T38116,3777,Great product!!! #AI,ios,2025-01-09T08:27:00.000Z,16517,4279,767,1678,253
T38120,5940,Null?? value??,android,2025-01-11T15:59:00.000Z,10027,1256,90,1614,393
T38122,9563,Love this!!! 😊,web,2025-01-21T00:57:00.000Z,6154,2834,733,929,922
T38128,1628,Worst service ever :(,ios,2025-01-03T06:03:00.000Z,1326,4055,389,293,1367
T38151,4079,Love this!!! 😊,android,2025-01-10T07:33:00.000Z,13867,3664,188,2911,893
T38158,8785,Worst service ever :(,api,2025-01-02T12:35:00.000Z,7814,1412,689,196,137
T38167,5736,Good & Bad mixed!!!,unknown,2025-01-04T03:48:00.000Z,2401,4489,653,2939,240
T38169,4159,Error###Detected,unknown,2025-01-05T12:41:00.000Z,6509,2926,884,1416,179
T38181,9464,Great product!!! #AI,android,2025-01-22T19:01:00.000Z,10027,3246,168,1043,591
T38182,3628,Worst service ever :(,web,2025-01-06T15:14:00.000Z,2105,1606,69,506,27
T38217,3354,Streaming $$$ working,android,2025-01-15T17:43:00.000Z,18971,1494,632,68,1177
T38231,1518,Worst service ever :(,api,2025-01-07T05:01:00.000Z,13180,313,168,1280,698
T38232,3690,Great product!!! #AI,ios,2025-01-02T23:40:00.000Z,19282,67,539,856,142
T38246,6974,Testing!!!@@@###,unknown,2025-01-14T11:05:00.000Z,4599,4323,385,1487,1756
T3825,5899,Null?? value??,ios,2025-01-20T20:39:00.000Z,3390,4823,25,1145,428
T38255,7253,Love this!!! 😊,ios,2025-01-17T08:51:00.000Z,301,1002,661,1048,1904
T38288,2134,Great product!!! #AI,web,2025-01-01T11:00:00.000Z,16842,2948,199,2202,1242
T38300,9215,Testing!!!@@@###,ios,2025-01-17T22:15:00.000Z,2469,3110,294,1757,1851
T38307,6132,Good & Bad mixed!!!,web,2025-01-06T12:33:00.000Z,9625,3427,551,316,1681
T38317,2536,Error###Detected,api,2025-01-03T17:42:00.000Z,19593,40,874,292,947
T38325,3023,Worst service ever :(,web,2025-01-17T09:38:00.000Z,16505,4346,577,2544,1737
T38341,9551,Worst service ever :(,ios,2025-01-21T17:44:00.000Z,17433,4035,209,2148,1444
T38342,3718,Error###Detected,unknown,2025-01-03T09:34:00.000Z,7465,897,343,2406,1651
T38346,3414,Spark > Hadoop ???,api,2025-01-03T23:41:00.000Z,8852,931,753,1287,1075
T38361,3174,Streaming $$$ working,api,2025-01-15T11:20:00.000Z,6095,3289,572,2219,234
T38378,5999,Data pipeline broke @ midnight!!!,ios,2025-01-07T18:22:00.000Z,8334,2461,756,1487,704
T38387,6646,Good & Bad mixed!!!,web,2025-01-06T02:48:00.000Z,737,725,428,1644,125
T3839,4671,Worst service ever :(,ios,2025-01-18T13:35:00.000Z,10138,4087,513,476,1022
T38413,1629,Love this!!! 😊,api,2025-01-14T09:48:00.000Z,7557,3829,429,367,1653
T38415,1921,Good & Bad mixed!!!,web,2025-01-18T16:44:00.000Z,14747,437,522,0,296
T38433,6095,Null?? value??,api,2025-01-09T13:20:00.000Z,9196,4362,250,2968,804
T38437,8933,Good & Bad mixed!!!,api,2025-01-01T19:15:00.000Z,12977,1413,757,2209,1786
T38444,4941,Great product!!! #AI,web,2025-01-14T06:24:00.000Z,5711,3110,518,971,266
T38457,3758,Streaming $$$ working,unknown,2025-01-14T10:15:00.000Z,10027,2723,935,232,1982
T38459,7267,Great product!!! #AI,ios,2025-01-24T00:41:00.000Z,3935,3552,41,553,1357
T3846,9292,Data pipeline broke @ midnight!!!,ios,2025-01-11T18:32:00.000Z,7446,1129,110,866,1872
T38465,4874,Testing!!!@@@###,ios,2025-01-22T23:55:00.000Z,9967,3359,492,3,1359
T38499,5678,Data pipeline broke @ midnight!!!,api,2025-01-13T00:42:00.000Z,9872,3918,924,285,300
T38500,9061,Streaming $$$ working,android,2025-01-22T04:55:00.000Z,5662,1154,67,2177,1357
T38521,6223,Error###Detected,android,2025-01-12T16:01:34.000Z,1300,4265,747,2506,1860
T38526,3502,Spark > Hadoop ???,ios,2025-01-18T01:10:00.000Z,5709,1552,107,2635,1950
T38530,4415,Data pipeline broke @ midnight!!!,api,2025-01-02T21:25:00.000Z,4211,284,45,945,511
T3854,5612,Spark > Hadoop ???,android,2025-01-13T18:11:00.000Z,3201,2289,492,1985,1087
T38545,6968,Streaming $$$ working,ios,2025-01-15T18:41:00.000Z,7141,326,831,1977,667
T38555,3843,Streaming $$$ working,web,2025-01-19T02:44:00.000Z,1719,1853,272,609,1723
T3856,2766,Data pipeline broke @ midnight!!!,android,2025-01-10T05:12:00.000Z,13001,2387,206,1471,1204
T38560,4042,Worst service ever :(,ios,2025-01-04T18:35:00.000Z,12012,3106,468,2984,267
T38562,6819,Love this!!! 😊,api,2025-01-05T09:00:00.000Z,8957,2736,67,2533,1050
T38564,1278,Love this!!! 😊,api,2025-01-04T23:11:00.000Z,14962,793,866,309,1147
T38575,3263,Data pipeline broke @ midnight!!!,api,2025-01-17T10:19:00.000Z,7199,680,380,1487,1160
T38576,7386,Great product!!! #AI,web,2025-01-08T20:39:00.000Z,5256,3030,935,2139,1339
T38582,4336,Great product!!! #AI,ios,2025-01-01T18:33:00.000Z,6407,108,70,2366,1607
T38583,3283,Worst service ever :(,android,2025-01-12T16:01:34.000Z,8136,526,765,144,1869
T38584,9462,Worst service ever :(,web,2025-01-17T21:40:00.000Z,19393,3610,265,1166,1418
T38596,4173,Spark > Hadoop ???,web,2025-01-01T22:35:00.000Z,6577,352,185,2936,85
T38611,7999,Streaming $$$ working,ios,2025-01-13T02:01:00.000Z,5232,2809,647,2915,266
T38619,4467,Data pipeline broke @ midnight!!!,android,2025-01-09T16:16:00.000Z,15731,3346,577,1565,646
T38620,6220,Streaming $$$ working,ios,2025-01-17T00:06:00.000Z,3441,1932,537,1851,1189
T38622,2739,Testing!!!@@@###,android,2025-01-22T16:24:00.000Z,13975,1922,321,1585,223
T38628,7557,Good & Bad mixed!!!,ios,2025-01-23T01:52:00.000Z,11090,3240,231,1761,719
T38633,1072,Data pipeline broke @ midnight!!!,android,2025-01-18T20:01:00.000Z,16350,1681,492,799,1074
T38635,2214,Great product!!! #AI,web,2025-01-18T11:01:00.000Z,15557,1419,941,1313,914
T38641,6064,Streaming $$$ working,api,2025-01-20T11:25:00.000Z,18711,4342,327,1804,353
T38648,9628,Error###Detected,ios,2025-01-15T03:00:00.000Z,3333,2865,958,1528,1727
T38658,5051,Worst service ever :(,android,2025-01-05T03:15:00.000Z,15831,970,941,2993,863
T38671,5161,Great product!!! #AI,api,2025-01-09T09:27:00.000Z,1692,4746,843,1201,1910
T38672,9693,Love this!!! 😊,android,2025-01-24T00:16:00.000Z,4245,4390,938,891,1644
T38679,5847,Good & Bad mixed!!!,ios,2025-01-14T03:15:00.000Z,6444,960,542,2321,1551
T38694,5772,Testing!!!@@@###,api,2025-01-11T14:20:00.000Z,8698,2889,808,567,215
T38714,1885,Testing!!!@@@###,api,2025-01-15T12:41:00.000Z,15362,44,196,2028,1001
T38727,1864,Spark > Hadoop ???,ios,2025-01-11T16:43:00.000Z,6409,445,608,1658,1138
T38729,3104,Love this!!! 😊,android,2025-01-12T16:01:34.000Z,10367,2750,935,1727,1092
T38742,2990,Great product!!! #AI,android,2025-01-10T23:12:00.000Z,8431,357,536,728,89
T38746,3191,Love this!!! 😊,android,2025-01-22T16:13:00.000Z,3131,1692,287,836,1715
T38752,8304,Great product!!! #AI,ios,2025-01-21T02:33:00.000Z,14519,3055,40,2386,1603
T38760,6749,Good & Bad mixed!!!,api,2025-01-08T22:28:00.000Z,19911,2655,616,1011,1072
T38763,3884,Great product!!! #AI,api,2025-01-03T16:20:00.000Z,9463,231,703,2525,1619
T38766,7158,Great product!!! #AI,ios,2025-01-01T19:43:00.000Z,6216,1285,991,33,1001
T38771,4955,Spark > Hadoop ???,api,2025-01-20T03:29:00.000Z,3020,100,508,2174,1890
T38779,8800,Great product!!! #AI,web,2025-01-08T07:52:00.000Z,6344,1448,271,403,1546
T3878,8671,Testing!!!@@@###,api,2025-01-21T04:07:00.000Z,14512,3710,24,470,237
T38781,9331,Worst service ever :(,web,2025-01-14T16:38:00.000Z,9689,4085,470,649,1227
T38796,8177,Spark > Hadoop ???,android,2025-01-12T16:01:34.000Z,19409,2690,350,2104,624
T3881,2934,Good & Bad mixed!!!,android,2025-01-04T18:41:00.000Z,4995,2958,750,1621,1001
T38817,7297,Great product!!! #AI,web,2025-01-06T09:08:00.000Z,16855,2471,820,452,366
T38836,2413,Good & Bad mixed!!!,android,2025-01-18T15:36:00.000Z,9087,4637,362,2240,683
T3884,9943,Streaming $$$ working,api,2025-01-17T11:23:00.000Z,14364,4616,836,389,640
T38840,6809,Worst service ever :(,ios,2025-01-02T13:26:00.000Z,2784,6,856,1703,726
T38848,9241,Great product!!! #AI,api,2025-01-04T13:29:00.000Z,18789,2269,228,2899,101
T38850,9543,Streaming $$$ working,api,2025-01-17T03:02:00.000Z,4827,4724,448,884,1001
T38854,3476,Spark > Hadoop ???,api,2025-01-14T15:32:00.000Z,4202,3954,492,2418,251
T3887,6718,Streaming $$$ working,web,2025-01-21T02:20:00.000Z,15632,4852,811,2900,1406
T38886,9111,Error###Detected,android,2025-01-21T18:44:00.000Z,12738,395,421,470,1069
T3889,4469,Error###Detected,api,2025-01-22T05:50:00.000Z,10027,2161,219,2079,135
T38896,6257,Testing!!!@@@###,web,2025-01-11T22:13:00.000Z,1064,2259,63,2731,1933
T38898,5648,Streaming $$$ working,ios,2025-01-09T16:08:00.000Z,1984,2520,317,1093,1714
T38931,5352,Error###Detected,web,2025-01-02T11:49:00.000Z,941,3472,330,1853,1360
T38933,1415,Great product!!! #AI,ios,2025-01-03T19:06:00.000Z,17140,4809,991,2123,858
T38938,5365,Null?? value??,android,2025-01-03T03:04:00.000Z,6303,1267,105,2568,1962
T38941,1598,Great product!!! #AI,android,2025-01-22T04:17:00.000Z,19558,3288,246,2439,1100
T3896,2415,Null?? value??,api,2025-01-05T16:34:00.000Z,4246,3879,865,1135,1148
T38966,4742,Worst service ever :(,web,2025-01-06T17:33:00.000Z,5469,525,385,33,382
T38979,7495,Great product!!! #AI,web,2025-01-15T19:23:00.000Z,4488,1658,456,189,1915
T3898,6307,Testing!!!@@@###,ios,2025-01-10T18:40:00.000Z,2211,502,810,1450,1679
T38988,9300,Null?? value??,unknown,2025-01-24T01:48:00.000Z,7808,623,859,636,1997
T38993,1558,Worst service ever :(,web,2025-01-19T16:10:00.000Z,14913,3734,632,2832,682
T3900,4067,Error###Detected,unknown,2025-01-19T09:21:00.000Z,12414,519,476,2517,92
T39007,4902,Streaming $$$ working,web,2025-01-08T02:47:00.000Z,10027,1367,918,2951,884
T39016,6336,Love this!!! 😊,unknown,2025-01-07T00:29:00.000Z,3364,440,374,1266,205
T39028,8382,Worst service ever :(,unknown,2025-01-08T12:15:00.000Z,17601,1784,406,664,1884
T39030,6540,Love this!!! 😊,ios,2025-01-06T00:52:00.000Z,16524,404,721,1639,1053
T39049,4265,Testing!!!@@@###,web,2025-01-11T21:34:00.000Z,9963,2869,913,1487,341
T39066,8180,Streaming $$$ working,api,2025-01-06T10:30:00.000Z,8826,2149,855,1967,1773
T39070,5471,Data pipeline broke @ midnight!!!,api,2025-01-04T04:10:00.000Z,12745,1187,493,1595,886
T39098,3753,Great product!!! #AI,api,2025-01-10T04:35:00.000Z,18477,2340,627,2068,277
T39102,1658,Error###Detected,android,2025-01-06T06:05:00.000Z,9789,618,949,2979,921
T39117,2737,Great product!!! #AI,android,2025-01-03T23:42:00.000Z,5590,2038,703,2264,1686
T39135,2184,Love this!!! 😊,android,2025-01-20T02:54:00.000Z,5991,3398,201,1554,1749
T39136,2110,Good & Bad mixed!!!,api,2025-01-22T15:46:00.000Z,18287,2514,509,1321,1520
T39137,4512,Testing!!!@@@###,ios,2025-01-18T05:20:00.000Z,10027,103,14,2264,699
T39139,5226,Love this!!! 😊,android,2025-01-15T07:45:00.000Z,19993,381,586,2643,694
T39166,7529,Streaming $$$ working,web,2025-01-17T23:30:00.000Z,10027,4895,676,2015,1183
T39174,5133,Spark > Hadoop ???,android,2025-01-05T01:17:00.000Z,4448,1888,671,1384,1015
T39187,7774,Null?? value??,api,2025-01-17T15:31:00.000Z,3676,2471,889,215,1799
T39200,2999,Data pipeline broke @ midnight!!!,ios,2025-01-21T19:56:00.000Z,10027,3065,43,1688,493
T39240,9912,Error###Detected,api,2025-01-08T04:24:00.000Z,15589,1770,152,2532,537
T39243,4662,Data pipeline broke @ midnight!!!,android,2025-01-23T18:04:00.000Z,18208,1897,980,408,1169
T39245,3479,Love this!!! 😊,android,2025-01-22T23:28:00.000Z,2347,2609,325,533,1344
T39246,9921,Good & Bad mixed!!!,unknown,2025-01-03T06:49:00.000Z,14425,3169,502,2428,1998
T39272,6910,Data pipeline broke @ midnight!!!,api,2025-01-19T11:47:00.000Z,919,533,291,2182,854
T39277,9416,Worst service ever :(,ios,2025-01-04T09:11:00.000Z,3620,566,612,1061,563
T39335,8811,Great product!!! #AI,android,2025-01-04T11:07:00.000Z,12444,4966,650,2848,1051
T39340,3867,Love this!!! 😊,android,2025-01-13T20:52:00.000Z,12083,796,419,2319,271
T39352,5217,Spark > Hadoop ???,android,2025-01-06T12:07:00.000Z,5952,3170,348,83,1283
T39369,4065,Worst service ever :(,web,2025-01-13T09:28:00.000Z,11449,1470,920,1631,1234
T3937,6684,Error###Detected,ios,2025-01-24T00:57:00.000Z,1130,2661,492,2710,1674
T39378,6949,Great product!!! #AI,api,2025-01-23T21:16:00.000Z,10607,2336,59,2175,317
T3938,8678,Spark > Hadoop ???,ios,2025-01-02T13:07:00.000Z,14885,1655,78,2942,1362
T39403,9704,Data pipeline broke @ midnight!!!,ios,2025-01-12T05:17:00.000Z,8111,4489,662,2303,1858
T39426,4165,Worst service ever :(,api,2025-01-18T15:55:00.000Z,1505,1041,568,501,1513
T39428,5362,Data pipeline broke @ midnight!!!,ios,2025-01-17T02:16:00.000Z,5499,4295,492,755,1001
T3943,7213,Worst service ever :(,api,2025-01-19T00:57:00.000Z,18263,157,941,704,245
T39433,4485,Streaming $$$ working,android,2025-01-13T23:46:00.000Z,3177,4485,944,2700,78
T39443,1228,Good & Bad mixed!!!,web,2025-01-05T18:42:00.000Z,5550,1052,492,1258,1001
T39456,3756,Good & Bad mixed!!!,api,2025-01-10T03:43:00.000Z,12745,2886,860,341,618
T3946,8192,Worst service ever :(,ios,2025-01-19T12:03:00.000Z,291,3416,223,1601,1445
T39487,7817,Great product!!! #AI,web,2025-01-19T12:23:00.000Z,19937,4956,655,2737,575
T3956,1931,Streaming $$$ working,android,2025-01-09T13:42:00.000Z,670,4954,795,1418,1800
T39560,1679,Love this!!! 😊,android,2025-01-14T06:10:00.000Z,1979,4271,923,1857,323
T39561,5120,Love this!!! 😊,ios,2025-01-17T10:09:00.000Z,9367,3517,690,214,1001
T39566,6011,Streaming $$$ working,web,2025-01-07T01:20:00.000Z,3042,2263,733,2919,51
T3959,5413,Data pipeline broke @ midnight!!!,android,2025-01-20T10:50:00.000Z,13746,3067,292,89,1216
T39594,1835,Streaming $$$ working,api,2025-01-10T04:11:00.000Z,1331,1462,585,143,518
T39602,4484,Good & Bad mixed!!!,web,2025-01-13T09:21:00.000Z,6457,2497,368,2396,1061
T39604,5068,Testing!!!@@@###,api,2025-01-06T08:37:00.000Z,4033,4853,917,322,594
T3961,9576,Love this!!! 😊,android,2025-01-09T07:42:00.000Z,7599,2866,653,133,1274
T3964,3522,Good & Bad mixed!!!,android,2025-01-01T23:44:00.000Z,126,4790,476,671,402
T3965,8500,Good & Bad mixed!!!,api,2025-01-04T14:03:00.000Z,8726,2718,60,43,448
T39659,3945,Love this!!! 😊,ios,2025-01-09T06:54:00.000Z,11251,1373,492,1133,311
T39663,2060,Love this!!! 😊,ios,2025-01-04T09:47:00.000Z,13278,1382,446,1487,701
T39670,6838,Streaming $$$ working,android,2025-01-10T08:50:00.000Z,6272,540,28,1173,1622
T39674,1405,Great product!!! #AI,ios,2025-01-06T02:08:00.000Z,10027,1794,128,1704,955
T39689,7376,Love this!!! 😊,android,2025-01-22T11:29:00.000Z,454,2015,789,2874,1714
T39694,7235,Null?? value??,api,2025-01-16T03:07:00.000Z,1292,4487,786,482,813
T39704,4388,Worst service ever :(,ios,2025-01-20T10:13:00.000Z,12204,4065,852,2709,622
T39705,4271,Data pipeline broke @ midnight!!!,api,2025-01-09T01:04:00.000Z,12974,1888,268,825,692
T39711,7559,Error###Detected,ios,2025-01-17T02:12:00.000Z,1291,4509,712,2899,1758
T39725,6446,Error###Detected,web,2025-01-10T03:59:00.000Z,19036,1262,857,1972,633
T39728,2251,Spark > Hadoop ???,web,2025-01-22T22:30:00.000Z,3432,3918,419,1144,728
T39729,3080,Great product!!! #AI,ios,2025-01-23T21:42:00.000Z,11605,2471,603,1873,1246
T3973,2880,Love this!!! 😊,android,2025-01-15T14:31:00.000Z,17579,1721,349,1737,1001
T39755,3991,Good & Bad mixed!!!,ios,2025-01-23T21:25:00.000Z,19729,2033,878,1390,1561
T39769,2204,Data pipeline broke @ midnight!!!,android,2025-01-13T22:39:00.000Z,14314,4821,452,1929,553
T39777,5897,Love this!!! 😊,ios,2025-01-14T10:24:00.000Z,9514,1394,3,795,1119
T39778,9141,Streaming $$$ working,unknown,2025-01-12T17:55:00.000Z,8546,4477,666,826,1890
T39784,9236,Great product!!! #AI,api,2025-01-17T05:13:00.000Z,17968,4156,766,1875,263
T39785,7548,Null?? value??,ios,2025-01-21T13:35:00.000Z,755,4012,250,1595,1162
T39787,7418,Worst service ever :(,ios,2025-01-21T12:22:00.000Z,3606,3335,407,1441,411
T39795,1879,Worst service ever :(,ios,2025-01-18T20:02:00.000Z,6852,460,365,265,304
T39797,7206,Great product!!! #AI,web,2025-01-10T13:16:00.000Z,14533,654,332,2002,13
T39805,6068,Data pipeline broke @ midnight!!!,api,2025-01-13T03:29:00.000Z,10027,3776,462,2997,1491
T39818,1041,Null?? value??,ios,2025-01-07T15:58:00.000Z,2036,2199,577,66,1953
T39827,9430,Worst service ever :(,ios,2025-01-05T07:18:00.000Z,10027,4602,136,2787,784
T39829,5612,Worst service ever :(,android,2025-01-05T23:06:00.000Z,6747,2537,240,1941,709
T39832,4326,Good & Bad mixed!!!,unknown,2025-01-14T06:24:00.000Z,15631,4025,271,451,1499
T39837,9653,Null?? value??,api,2025-01-14T23:29:00.000Z,14568,3329,656,532,959
T39861,1912,Data pipeline broke @ midnight!!!,unknown,2025-01-06T15:43:00.000Z,12875,1070,960,1437,39
T3987,5255,Good & Bad mixed!!!,android,2025-01-08T22:58:00.000Z,11492,3432,996,1876,1322
T39880,4325,Love this!!! 😊,web,2025-01-21T17:06:00.000Z,1612,1888,839,1951,1891
T39903,9035,Error###Detected,ios,2025-01-13T08:20:00.000Z,2572,474,694,2476,1992
T39906,6902,Null?? value??,android,2025-01-01T15:35:00.000Z,1278,4275,810,2670,1397
T39909,3697,Good & Bad mixed!!!,unknown,2025-01-02T09:23:00.000Z,9869,121,870,2806,1461
T39915,6006,Testing!!!@@@###,api,2025-01-12T14:39:00.000Z,1828,3669,56,1986,541
T39927,7444,Streaming $$$ working,android,2025-01-16T21:26:00.000Z,15474,2563,509,887,1256
T39939,1076,Null?? value??,android,2025-01-12T21:52:00.000Z,1441,4646,286,1481,690
T39964,5236,Testing!!!@@@###,ios,2025-01-08T12:06:00.000Z,949,4336,560,1992,651
T4018,1027,Love this!!! 😊,api,2025-01-13T13:28:00.000Z,10027,3944,83,1747,1101
T4022,8736,Good & Bad mixed!!!,ios,2025-01-15T09:07:00.000Z,18896,1478,663,2721,1497
T4025,8524,Testing!!!@@@###,web,2025-01-04T12:55:00.000Z,8972,3220,916,1563,1248
T4029,1600,Null?? value??,android,2025-01-21T06:03:00.000Z,10965,1320,113,2081,643
T4040,5910,Spark > Hadoop ???,android,2025-01-16T12:07:00.000Z,16284,42,751,1191,1027
T4044,4414,Good & Bad mixed!!!,unknown,2025-01-07T15:02:00.000Z,5617,954,707,2111,458
T4051,4569,Love this!!! 😊,web,2025-01-09T05:26:00.000Z,10099,248,98,376,219
T4054,6603,Error###Detected,api,2025-01-23T04:51:00.000Z,17522,3170,348,1280,1338
T4061,1705,Error###Detected,android,2025-01-06T01:39:00.000Z,14653,2209,76,1012,872
T4071,5189,Testing!!!@@@###,api,2025-01-15T00:12:00.000Z,15093,1299,607,1221,1629
T4088,6330,Data pipeline broke @ midnight!!!,api,2025-01-15T09:15:00.000Z,11218,1868,492,2769,611
T4089,3711,Testing!!!@@@###,web,2025-01-07T05:54:00.000Z,10001,2349,608,2878,994
T4101,9379,Good & Bad mixed!!!,api,2025-01-22T16:39:00.000Z,3369,2471,31,1487,821
T4104,1579,Great product!!! #AI,android,2025-01-18T08:27:00.000Z,19362,2099,375,451,1194
T4129,8325,Null?? value??,ios,2025-01-16T22:00:00.000Z,12055,756,135,1490,828
T413,3218,Testing!!!@@@###,ios,2025-01-21T06:19:00.000Z,4024,868,36,1135,370
T4132,7585,Spark > Hadoop ???,android,2025-01-10T04:35:00.000Z,15523,441,568,1339,189
T4143,3922,Good & Bad mixed!!!,ios,2025-01-10T10:03:00.000Z,12463,1711,181,1486,1215
T4153,3610,Testing!!!@@@###,api,2025-01-15T13:31:00.000Z,6507,4474,850,2168,1780
T4166,9246,Null?? value??,unknown,2025-01-02T19:49:00.000Z,10027,4279,147,1946,668
T4171,8853,Streaming $$$ working,web,2025-01-08T15:44:00.000Z,14942,806,977,650,1001
T4174,2706,Data pipeline broke @ midnight!!!,android,2025-01-12T16:01:34.000Z,16271,3351,773,2185,798
T4176,2706,Worst service ever :(,ios,2025-01-17T00:23:00.000Z,7536,2471,369,209,1505
T4179,1776,Testing!!!@@@###,ios,2025-01-11T00:02:00.000Z,6159,901,416,2618,748
T419,3731,Love this!!! 😊,android,2025-01-24T00:09:00.000Z,6192,796,239,2421,340
T4193,2727,Streaming $$$ working,ios,2025-01-23T11:26:00.000Z,2133,367,681,2428,1001
T4199,8732,Worst service ever :(,android,2025-01-16T16:51:00.000Z,11635,1426,767,2463,617
T4221,2242,Testing!!!@@@###,web,2025-01-18T04:36:00.000Z,17620,2059,167,1487,755
T423,6459,Great product!!! #AI,web,2025-01-13T20:43:00.000Z,16394,204,958,1487,248
T4237,8389,Testing!!!@@@###,ios,2025-01-19T11:58:00.000Z,3281,4494,492,260,1711
T424,1897,Streaming $$$ working,ios,2025-01-02T03:36:00.000Z,16725,1758,672,1078,1106
T4254,8495,Love this!!! 😊,api,2025-01-15T16:24:00.000Z,10622,2676,292,1927,391
T4258,7962,Great product!!! #AI,ios,2025-01-20T06:25:00.000Z,11230,1071,689,1157,378
T4270,7863,Data pipeline broke @ midnight!!!,web,2025-01-02T23:40:00.000Z,13508,4031,280,215,654
T4273,1422,Spark > Hadoop ???,api,2025-01-03T22:42:00.000Z,9300,2789,358,1838,1346
T4311,5279,Error###Detected,web,2025-01-05T02:36:00.000Z,16514,2349,499,308,1896
T4317,5040,Spark > Hadoop ???,ios,2025-01-06T06:09:00.000Z,1603,689,864,295,1625
T4324,7294,Data pipeline broke @ midnight!!!,web,2025-01-20T06:07:00.000Z,961,1459,362,2697,1510
T4342,1154,Error###Detected,ios,2025-01-03T00:04:00.000Z,15903,2315,91,2659,1473
T4344,3713,Testing!!!@@@###,android,2025-01-02T19:25:00.000Z,4899,246,423,258,112
T4361,8112,Good & Bad mixed!!!,ios,2025-01-04T19:20:00.000Z,13306,4794,471,1573,1524
T4373,2330,Good & Bad mixed!!!,api,2025-01-08T09:27:00.000Z,15297,1927,492,2383,1297
T4375,6373,Testing!!!@@@###,api,2025-01-09T14:27:00.000Z,18729,149,699,1323,1551
T4386,7705,Good & Bad mixed!!!,ios,2025-01-20T17:30:00.000Z,13899,4333,709,259,64
T439,9232,Great product!!! #AI,api,2025-01-11T19:31:00.000Z,9613,66,492,291,803
T4400,6775,Streaming $$$ working,android,2025-01-16T04:58:00.000Z,7502,3528,539,2962,547
T4416,1751,Testing!!!@@@###,ios,2025-01-23T01:49:00.000Z,10468,167,168,6,843
T4421,6513,Error###Detected,api,2025-01-02T20:21:00.000Z,15864,3043,657,211,875
T444,1432,Worst service ever :(,ios,2025-01-01T18:37:00.000Z,2094,3494,533,1646,1123
T4445,4503,Null?? value??,web,2025-01-09T08:18:00.000Z,10031,1419,958,2407,782
T4469,2566,Great product!!! #AI,api,2025-01-02T06:39:00.000Z,7807,3934,721,30,375
T4484,2118,Null?? value??,web,2025-01-02T20:06:00.000Z,10639,935,227,388,264
T449,9357,Great product!!! #AI,android,2025-01-12T00:10:00.000Z,10027,2307,984,2304,660
T450,9417,Spark > Hadoop ???,android,2025-01-08T15:20:00.000Z,8692,2094,965,367,1636
T4501,4874,Love this!!! 😊,ios,2025-01-17T10:07:00.000Z,16843,3102,609,1487,206
T4505,3021,Worst service ever :(,android,2025-01-21T00:04:00.000Z,13774,4825,270,575,991
T4528,3017,Error###Detected,web,2025-01-14T12:16:00.000Z,12497,303,567,610,1168
T4529,9680,Error###Detected,ios,2025-01-12T16:01:34.000Z,8254,542,683,1187,1226
T4539,6706,Worst service ever :(,ios,2025-01-22T05:14:00.000Z,19745,1716,56,1599,1451
T455,2791,Error###Detected,android,2025-01-04T00:20:00.000Z,19214,3115,978,2129,35
T4560,3558,Streaming $$$ working,ios,2025-01-16T10:53:00.000Z,6821,1460,185,1977,768
T4562,6289,Love this!!! 😊,web,2025-01-20T15:08:00.000Z,10402,2471,182,1671,1001
T4563,4177,Love this!!! 😊,api,2025-01-23T11:05:00.000Z,2561,1046,229,1689,1526
T4564,5611,Testing!!!@@@###,ios,2025-01-11T03:46:00.000Z,11096,3816,69,1708,707
T4569,8968,Love this!!! 😊,web,2025-01-12T18:01:00.000Z,8132,1899,313,1120,1477
T4578,8047,Null?? value??,android,2025-01-15T21:28:00.000Z,12168,951,304,2635,1442
T458,4515,Love this!!! 😊,ios,2025-01-03T00:30:00.000Z,5496,4379,21,51,1050
T459,1446,Spark > Hadoop ???,ios,2025-01-11T08:53:00.000Z,18117,3506,155,663,323
T4599,9247,Great product!!! #AI,ios,2025-01-04T07:31:00.000Z,15035,2471,231,1381,1054
T46,7361,Null?? value??,unknown,2025-01-04T21:20:00.000Z,373,2097,877,2589,1260
T4616,7369,Null?? value??,api,2025-01-16T15:35:00.000Z,7138,1699,703,1405,1522
T4638,5962,Worst service ever :(,ios,2025-01-12T03:25:00.000Z,2696,1321,371,2638,1526
T4643,5938,Data pipeline broke @ midnight!!!,web,2025-01-21T09:59:00.000Z,2448,3999,289,1036,580
T4656,7032,Worst service ever :(,ios,2025-01-02T18:45:00.000Z,7950,660,459,839,547
T467,3459,Testing!!!@@@###,web,2025-01-23T06:13:00.000Z,15830,37,173,500,493
T4673,7130,Streaming $$$ working,api,2025-01-03T20:22:00.000Z,17098,1887,636,1147,309
T4682,6359,Error###Detected,web,2025-01-04T22:26:00.000Z,19181,2471,942,2247,1187
T4690,5331,Good & Bad mixed!!!,ios,2025-01-18T18:44:00.000Z,7676,1529,28,2796,724
T4691,1269,Error###Detected,ios,2025-01-24T00:16:00.000Z,6837,657,1,1787,795
T470,6257,Error###Detected,web,2025-01-23T01:26:00.000Z,17288,3010,697,401,598
T4704,4759,Error###Detected,api,2025-01-02T22:17:00.000Z,5884,2477,245,372,1414
T4720,6221,Null?? value??,api,2025-01-21T08:43:00.000Z,10027,3354,350,202,875
T4737,2118,Good & Bad mixed!!!,api,2025-01-08T04:38:00.000Z,15829,4710,975,1919,1192
T4738,3476,Good & Bad mixed!!!,web,2025-01-17T13:23:00.000Z,18511,325,489,359,1403
T4759,8740,Data pipeline broke @ midnight!!!,android,2025-01-03T08:09:00.000Z,5207,1172,212,755,932
T4782,2999,Spark > Hadoop ???,api,2025-01-02T14:55:00.000Z,12223,3454,410,2131,1067
T4800,8556,Null?? value??,api,2025-01-12T16:01:34.000Z,1939,4198,175,881,1456
T4804,6810,Testing!!!@@@###,api,2025-01-14T03:26:00.000Z,3110,2471,194,617,1349
T4806,3818,Good & Bad mixed!!!,web,2025-01-12T06:38:00.000Z,19799,2838,149,1076,232
T482,2554,Data pipeline broke @ midnight!!!,android,2025-01-02T01:53:00.000Z,13044,1641,414,2448,1677
T4839,2703,Great product!!! #AI,ios,2025-01-19T05:54:00.000Z,18341,2560,884,1725,1373
T4844,6117,Null?? value??,ios,2025-01-11T04:55:00.000Z,2494,3013,170,1129,345
T4857,3821,Worst service ever :(,android,2025-01-02T02:38:00.000Z,16526,3096,796,1210,1790
T4864,9894,Error###Detected,unknown,2025-01-01T19:14:00.000Z,17494,4030,310,2040,1147
T4866,2249,Good & Bad mixed!!!,ios,2025-01-11T12:04:00.000Z,10852,3050,98,2913,1919
T4867,4930,Love this!!! 😊,web,2025-01-14T04:14:00.000Z,4005,4271,250,1735,790
T4877,3266,Spark > Hadoop ???,unknown,2025-01-19T04:19:00.000Z,8281,4408,980,1195,1437
T4883,2371,Great product!!! #AI,api,2025-01-19T13:05:00.000Z,8028,4106,847,182,1473
T4886,8940,Good & Bad mixed!!!,api,2025-01-02T02:54:00.000Z,6876,2855,752,1559,1001
T4889,4448,Null?? value??,unknown,2025-01-12T16:01:34.000Z,3387,4552,801,1873,1015
T4890,4948,Error###Detected,android,2025-01-22T03:35:00.000Z,2967,3222,38,304,1003
T4893,1336,Testing!!!@@@###,ios,2025-01-08T16:20:00.000Z,15801,4142,408,149,30
T4906,4997,Worst service ever :(,api,2025-01-03T08:58:00.000Z,18662,4882,311,581,1202
T492,3691,Testing!!!@@@###,web,2025-01-07T02:12:00.000Z,10027,3077,195,2474,1337
T4949,1850,Worst service ever :(,web,2025-01-14T03:04:00.000Z,16487,3679,180,1666,1396
T496,1052,Null?? value??,ios,2025-01-11T13:08:00.000Z,6216,1582,408,1837,163
T4960,1119,Data pipeline broke @ midnight!!!,api,2025-01-05T16:50:00.000Z,10709,4484,481,1786,153
T4983,4639,Error###Detected,android,2025-01-03T12:49:00.000Z,16683,127,662,2952,1248
T50,5917,Good & Bad mixed!!!,ios,2025-01-09T13:48:00.000Z,8476,2608,507,1317,1363
T500,9172,Great product!!! #AI,web,2025-01-12T14:39:00.000Z,1334,3646,957,638,1110
T5009,1644,Worst service ever :(,ios,2025-01-08T08:08:00.000Z,7882,2677,963,2273,830
T5012,4915,Spark > Hadoop ???,android,2025-01-12T17:36:00.000Z,5928,1665,532,1487,964
T5023,6150,Data pipeline broke @ midnight!!!,ios,2025-01-09T15:04:00.000Z,12699,2988,544,2917,1634
T5038,3502,Spark > Hadoop ???,ios,2025-01-18T11:52:00.000Z,18896,3729,934,247,809
T5043,9620,Spark > Hadoop ???,api,2025-01-08T09:12:00.000Z,16474,468,677,252,270
T505,6116,Good & Bad mixed!!!,ios,2025-01-22T03:09:00.000Z,7662,1291,492,433,924
T5066,7504,Testing!!!@@@###,unknown,2025-01-15T00:22:00.000Z,17721,4323,915,1019,864
T5068,6503,Null?? value??,ios,2025-01-10T11:34:00.000Z,1346,4636,486,1487,1082
T507,9990,Data pipeline broke @ midnight!!!,ios,2025-01-14T14:47:00.000Z,7521,4271,367,1015,1121
T5075,6265,Spark > Hadoop ???,web,2025-01-15T21:35:00.000Z,1917,2705,522,441,1001
T508,6857,Great product!!! #AI,ios,2025-01-16T23:19:00.000Z,18678,1087,150,2214,756
T5080,3738,Testing!!!@@@###,android,2025-01-08T20:10:00.000Z,14412,1669,363,199,542
T5092,8364,Streaming $$$ working,api,2025-01-14T19:05:00.000Z,14561,172,670,1696,591
T5103,4414,Error###Detected,web,2025-01-07T01:56:00.000Z,3706,2609,802,1499,489
T5116,8837,Love this!!! 😊,web,2025-01-02T09:14:00.000Z,14059,1008,964,2826,1420
T5125,7572,Love this!!! 😊,android,2025-01-01T00:04:00.000Z,6484,1912,632,1545,274
T5127,9428,Null?? value??,web,2025-01-07T12:22:00.000Z,8757,2015,245,2462,1445
T5133,6881,Null?? value??,api,2025-01-01T21:30:00.000Z,1194,4726,436,1143,802
T5135,5590,Null?? value??,ios,2025-01-05T22:42:00.000Z,19475,4055,348,693,1608
T5136,2810,Good & Bad mixed!!!,android,2025-01-02T00:38:00.000Z,66,587,207,2755,420
T5145,3478,Worst service ever :(,android,2025-01-02T20:58:00.000Z,19046,2503,492,658,1771
T5149,8481,Data pipeline broke @ midnight!!!,ios,2025-01-16T20:16:00.000Z,16130,4184,685,1892,1479
T5159,9183,Streaming $$$ working,android,2025-01-19T00:06:00.000Z,17551,3823,912,1552,972
T516,5378,Streaming $$$ working,api,2025-01-15T15:26:00.000Z,2589,568,894,307,518
T5160,8659,Data pipeline broke @ midnight!!!,web,2025-01-19T06:12:00.000Z,10460,1159,696,2359,573
T5188,5000,Testing!!!@@@###,api,2025-01-18T21:50:00.000Z,17442,4730,451,2116,1660
T5191,2570,Streaming $$$ working,api,2025-01-04T16:31:00.000Z,18296,799,403,2486,1808
T5206,4480,Worst service ever :(,web,2025-01-11T18:30:00.000Z,7525,3173,287,2187,1052
T5216,1097,Error###Detected,web,2025-01-18T23:17:00.000Z,922,2471,203,707,1433
T5217,8343,Spark > Hadoop ???,ios,2025-01-03T00:16:00.000Z,3903,1194,952,1194,1906
T5223,2879,Good & Bad mixed!!!,web,2025-01-20T12:50:00.000Z,12611,2138,498,269,1128
T5230,9633,Good & Bad mixed!!!,api,2025-01-23T13:19:00.000Z,14382,2471,833,61,1811
T5251,3493,Data pipeline broke @ midnight!!!,api,2025-01-12T16:01:34.000Z,632,4021,255,1548,130
T5252,5564,Testing!!!@@@###,android,2025-01-21T04:12:00.000Z,4007,335,511,1487,603
T5263,9214,Love this!!! 😊,api,2025-01-16T15:28:00.000Z,15552,2171,460,2695,738
T5268,1309,Good & Bad mixed!!!,ios,2025-01-22T17:59:00.000Z,14975,2471,881,1487,1738
T5279,9293,Data pipeline broke @ midnight!!!,web,2025-01-22T21:03:00.000Z,12944,2465,802,1485,1969
T5280,1529,Data pipeline broke @ midnight!!!,web,2025-01-18T12:56:00.000Z,19020,121,313,203,5
T530,2406,Error###Detected,android,2025-01-08T00:36:00.000Z,6046,1286,279,2294,81
T5318,6889,Great product!!! #AI,api,2025-01-04T15:46:00.000Z,7481,1917,328,937,1933
T5326,9705,Streaming $$$ working,android,2025-01-05T09:05:00.000Z,16578,3287,51,1237,351
T533,8185,Love this!!! 😊,android,2025-01-21T20:48:00.000Z,11228,2428,391,2596,1998
T5333,7003,Worst service ever :(,android,2025-01-09T20:56:00.000Z,18301,20,728,51,988
T534,1044,Great product!!! #AI,android,2025-01-15T01:36:00.000Z,16025,3938,219,2734,1777
T5357,2477,Love this!!! 😊,android,2025-01-07T07:15:00.000Z,9603,4805,980,1389,1952
T5367,8213,Data pipeline broke @ midnight!!!,ios,2025-01-12T16:01:34.000Z,8518,3890,492,2863,76
T5378,6351,Love this!!! 😊,unknown,2025-01-18T11:48:00.000Z,8438,3514,492,2702,1778
T5383,1904,Good & Bad mixed!!!,ios,2025-01-07T01:41:00.000Z,5512,4792,287,1478,1001
T5391,6089,Streaming $$$ working,web,2025-01-11T14:16:00.000Z,7573,2811,196,510,900
T5394,5418,Testing!!!@@@###,android,2025-01-14T17:30:00.000Z,13139,4505,492,2998,469
T5399,9306,Testing!!!@@@###,api,2025-01-16T22:39:00.000Z,452,4358,215,2234,1865
T54,3067,Data pipeline broke @ midnight!!!,ios,2025-01-02T17:40:00.000Z,4100,3975,492,1269,1307
T5413,8617,Streaming $$$ working,android,2025-01-12T09:18:00.000Z,18472,656,230,2067,538
T5416,5947,Testing!!!@@@###,web,2025-01-21T02:58:00.000Z,8283,2085,269,2765,1565
T5417,5798,Great product!!! #AI,android,2025-01-05T18:19:00.000Z,3164,429,81,2522,347
T5427,5043,Data pipeline broke @ midnight!!!,unknown,2025-01-21T07:24:00.000Z,17497,248,177,2196,1470
T5429,1186,Great product!!! #AI,ios,2025-01-10T11:17:00.000Z,8429,4330,45,2361,1099
T5435,2477,Null?? value??,api,2025-01-02T00:41:00.000Z,10027,2205,528,2085,1255
T5438,7442,Testing!!!@@@###,ios,2025-01-08T11:40:00.000Z,15772,945,673,1010,1742
T5444,2217,Good & Bad mixed!!!,android,2025-01-19T05:33:00.000Z,13304,3240,939,1418,1001
T5452,2179,Great product!!! #AI,api,2025-01-18T16:21:00.000Z,15136,3587,799,17,1685
T5488,8216,Testing!!!@@@###,web,2025-01-04T00:49:00.000Z,1699,2366,855,1358,1987
T5505,5006,Great product!!! #AI,web,2025-01-17T04:56:00.000Z,8326,3536,337,2842,1934
T5507,4029,Error###Detected,web,2025-01-11T22:05:00.000Z,14068,758,906,486,207
T5515,2094,Spark > Hadoop ???,android,2025-01-20T19:48:00.000Z,9878,4905,826,2150,521
T5516,7082,Spark > Hadoop ???,web,2025-01-20T07:45:00.000Z,18515,1804,731,1405,1529
T5526,1966,Testing!!!@@@###,ios,2025-01-08T23:56:00.000Z,9331,1385,937,2481,899
T5529,5038,Testing!!!@@@###,ios,2025-01-16T22:55:00.000Z,8248,4444,935,2437,1109
T5535,4962,Great product!!! #AI,ios,2025-01-04T19:20:00.000Z,7234,3820,148,2518,1780
T5543,8599,Testing!!!@@@###,web,2025-01-23T08:19:00.000Z,2038,4643,580,893,992
T5549,4500,Worst service ever :(,web,2025-01-16T02:01:00.000Z,11338,4926,907,1475,1825
T5552,4262,Error###Detected,ios,2025-01-17T04:01:00.000Z,14473,751,95,1991,258
T5577,9494,Null?? value??,api,2025-01-13T03:55:00.000Z,10027,4051,189,2578,547
T5597,1484,Love this!!! 😊,android,2025-01-22T06:38:00.000Z,7518,3289,380,1487,2
T5606,3575,Great product!!! #AI,api,2025-01-20T17:25:00.000Z,16952,1300,833,939,1001
T5619,4751,Testing!!!@@@###,api,2025-01-15T04:50:00.000Z,1262,3713,492,2103,1741
T5622,4210,Streaming $$$ working,ios,2025-01-05T16:34:00.000Z,2239,4840,318,962,1863
T5631,2951,Great product!!! #AI,unknown,2025-01-03T10:57:00.000Z,15723,1178,706,1118,1301
T5634,4103,Streaming $$$ working,ios,2025-01-14T13:08:00.000Z,7499,3327,736,437,652
T5638,1206,Worst service ever :(,ios,2025-01-10T15:29:00.000Z,18692,2650,587,1658,214
T5644,2638,Worst service ever :(,web,2025-01-23T21:41:00.000Z,10027,2326,486,2786,1323
T5647,2509,Error###Detected,ios,2025-01-15T06:43:00.000Z,15471,2229,874,1487,721
T5655,7872,Testing!!!@@@###,api,2025-01-12T16:01:34.000Z,9672,2203,699,881,1660
T5676,4166,Worst service ever :(,ios,2025-01-23T12:23:00.000Z,10478,1731,572,147,337
T5689,8182,Great product!!! #AI,android,2025-01-06T07:03:00.000Z,15442,139,281,2095,531
T5690,7657,Streaming $$$ working,android,2025-01-02T00:37:00.000Z,2574,2471,247,814,1166
T5716,7886,Null?? value??,web,2025-01-10T08:12:00.000Z,6021,3090,876,1861,1636
T5737,1694,Spark > Hadoop ???,android,2025-01-16T15:38:00.000Z,202,1948,631,600,153
T5752,8479,Great product!!! #AI,android,2025-01-04T03:49:00.000Z,3716,2386,512,1609,127
T5773,5648,Worst service ever :(,web,2025-01-17T20:54:00.000Z,16903,1897,492,78,1250
T5781,7649,Great product!!! #AI,api,2025-01-12T21:50:00.000Z,10441,1621,6,87,1451
T5787,6670,Streaming $$$ working,ios,2025-01-01T11:03:00.000Z,1232,3550,984,362,595
T5795,6057,Streaming $$$ working,api,2025-01-13T01:30:00.000Z,11074,3309,232,179,1428
T580,7876,Testing!!!@@@###,android,2025-01-07T01:14:00.000Z,7788,4377,621,1062,1563
T5805,3120,Love this!!! 😊,android,2025-01-02T12:44:00.000Z,4018,322,271,2318,1001
T5813,6291,Error###Detected,android,2025-01-06T07:49:00.000Z,3715,3130,977,1935,413
T5826,6524,Good & Bad mixed!!!,api,2025-01-17T17:13:00.000Z,11417,249,9,1808,1485
T5828,1485,Data pipeline broke @ midnight!!!,api,2025-01-15T03:26:00.000Z,15678,3074,174,2674,488
T5843,6640,Error###Detected,android,2025-01-19T20:56:00.000Z,19479,2471,94,2276,1385
T5855,9314,Error###Detected,ios,2025-01-12T16:01:34.000Z,14623,2250,492,210,1770
T586,4444,Error###Detected,web,2025-01-02T14:33:00.000Z,1708,1523,382,1160,1748
T5864,4758,Spark > Hadoop ???,unknown,2025-01-12T16:01:34.000Z,7151,2471,846,2664,418
T5865,7780,Good & Bad mixed!!!,api,2025-01-06T00:50:00.000Z,3247,2471,283,2282,1477
T5884,1521,Great product!!! #AI,api,2025-01-14T00:55:00.000Z,9982,3335,492,2049,494
T5900,5267,Good & Bad mixed!!!,api,2025-01-06T17:52:00.000Z,7198,4515,492,622,1786
T5912,8861,Error###Detected,android,2025-01-16T13:11:00.000Z,1249,127,86,1729,1001
T5913,7794,Null?? value??,web,2025-01-09T15:09:00.000Z,15512,1240,492,1509,48
T5929,9713,Spark > Hadoop ???,web,2025-01-22T09:35:00.000Z,5897,3077,275,505,752
T5933,8126,Love this!!! 😊,web,2025-01-20T12:03:00.000Z,11427,3898,638,1292,86
T5934,8030,Testing!!!@@@###,ios,2025-01-20T05:00:00.000Z,668,4869,677,1012,467
T5941,2238,Good & Bad mixed!!!,web,2025-01-08T20:53:00.000Z,13041,2492,67,634,51
T5945,7330,Spark > Hadoop ???,ios,2025-01-07T07:57:00.000Z,19989,3035,791,465,1375
T5946,4526,Error###Detected,ios,2025-01-12T03:24:00.000Z,10685,3710,492,882,248
T5952,9836,Error###Detected,ios,2025-01-06T23:12:00.000Z,1939,3522,492,1019,742
T597,3074,Streaming $$$ working,api,2025-01-08T13:16:00.000Z,19368,2814,155,83,1197
T5970,2031,Spark > Hadoop ???,ios,2025-01-20T10:02:00.000Z,19388,759,367,2740,1764
T5977,7971,Data pipeline broke @ midnight!!!,api,2025-01-12T16:01:34.000Z,11744,702,103,2116,134
T5983,9275,Spark > Hadoop ???,api,2025-01-08T08:14:00.000Z,8528,2471,812,637,474
T599,5918,Testing!!!@@@###,android,2025-01-02T09:31:00.000Z,7460,4647,734,1540,1057
T6,1846,Good & Bad mixed!!!,ios,2025-01-03T21:15:00.000Z,5446,727,847,2341,18
T6006,7909,Null?? value??,ios,2025-01-18T12:10:00.000Z,4842,255,567,1799,895
T6032,3832,Spark > Hadoop ???,web,2025-01-04T23:37:00.000Z,18266,633,922,2852,1495
T6036,2317,Spark > Hadoop ???,api,2025-01-09T06:52:00.000Z,198,4575,160,2707,590
T6037,4048,Spark > Hadoop ???,api,2025-01-12T16:01:34.000Z,2385,2652,18,1785,822
T6058,4311,Null?? value??,api,2025-01-19T08:59:00.000Z,877,38,779,1487,1001
T6072,7316,Spark > Hadoop ???,web,2025-01-21T15:01:00.000Z,11087,2220,492,793,3
T6083,4290,Streaming $$$ working,android,2025-01-18T21:20:00.000Z,18972,2379,177,418,222
T610,8923,Worst service ever :(,ios,2025-01-22T14:26:00.000Z,8005,4059,41,2504,1084
T6102,1523,Testing!!!@@@###,ios,2025-01-12T16:06:00.000Z,2857,1079,416,2846,452
T6108,8572,Null?? value??,web,2025-01-17T20:31:00.000Z,14674,1457,682,1782,669
T6110,6364,Good & Bad mixed!!!,android,2025-01-05T03:21:00.000Z,10027,4851,855,406,1164
T6115,6245,Testing!!!@@@###,unknown,2025-01-18T11:58:00.000Z,10027,3132,973,57,1001
T6122,5095,Error###Detected,api,2025-01-02T21:40:00.000Z,4630,300,426,1487,1859
T613,3479,Null?? value??,web,2025-01-13T22:54:00.000Z,5865,295,804,1136,431
T6133,8381,Data pipeline broke @ midnight!!!,web,2025-01-23T14:07:00.000Z,18570,293,149,1236,1928
T6138,4421,Good & Bad mixed!!!,api,2025-01-15T00:19:00.000Z,62,4034,494,1631,346
T6147,4220,Error###Detected,unknown,2025-01-12T16:01:34.000Z,18550,3081,492,2817,1682
T6152,9596,Data pipeline broke @ midnight!!!,ios,2025-01-17T19:33:00.000Z,9237,3118,672,1487,1002
T6168,9177,Streaming $$$ working,web,2025-01-02T12:28:00.000Z,7740,1757,178,1254,1
T617,4467,Streaming $$$ working,ios,2025-01-17T02:12:00.000Z,4476,4684,327,889,689
T6171,4346,Streaming $$$ working,ios,2025-01-12T12:28:00.000Z,19381,1731,43,63,376
T6173,3168,Error###Detected,android,2025-01-21T12:19:00.000Z,6560,3623,861,1790,1063
T6175,7911,Null?? value??,api,2025-01-13T02:32:00.000Z,18054,4534,492,2434,1156
T6187,4294,Love this!!! 😊,ios,2025-01-12T16:01:34.000Z,4961,4065,994,2514,1608
T6189,9855,Streaming $$$ working,api,2025-01-01T22:11:00.000Z,8080,290,871,2192,644
T6198,2076,Null?? value??,android,2025-01-23T02:41:00.000Z,19390,543,97,1487,1404
T621,5642,Testing!!!@@@###,android,2025-01-08T17:22:00.000Z,11622,3860,646,2808,204
T6212,1625,Good & Bad mixed!!!,web,2025-01-10T07:34:00.000Z,16958,2996,907,1489,2
T6213,6055,Null?? value??,web,2025-01-11T21:09:00.000Z,10027,4271,293,1123,46
T6231,2607,Love this!!! 😊,ios,2025-01-07T08:30:00.000Z,5386,2530,80,1784,1823
T6253,6971,Worst service ever :(,ios,2025-01-14T13:09:00.000Z,18542,3700,58,574,1932
T6268,8739,Streaming $$$ working,ios,2025-01-14T06:33:00.000Z,15478,4268,180,162,1251
T6275,6270,Love this!!! 😊,ios,2025-01-10T00:24:00.000Z,13852,1763,63,1767,911
T6289,4100,Good & Bad mixed!!!,unknown,2025-01-01T02:27:00.000Z,2843,605,124,1218,827
T6317,8036,Null?? value??,ios,2025-01-14T19:17:00.000Z,2766,4150,329,2654,366
T6319,1953,Null?? value??,api,2025-01-08T05:52:00.000Z,12866,569,283,2763,260
T6333,1800,Great product!!! #AI,api,2025-01-12T16:01:34.000Z,10462,2028,204,1376,718
T6339,3587,Null?? value??,api,2025-01-22T02:09:00.000Z,12687,3000,610,1699,207
T6351,5830,Spark > Hadoop ???,api,2025-01-03T12:45:00.000Z,1269,4460,279,2520,1229
T6355,5203,Testing!!!@@@###,api,2025-01-23T07:44:00.000Z,10027,3063,937,1208,1574
T636,8429,Null?? value??,web,2025-01-19T04:29:00.000Z,9053,41,312,1789,1797
T6363,7815,Testing!!!@@@###,api,2025-01-21T21:20:00.000Z,9701,2471,599,2642,125
T6382,6007,Worst service ever :(,api,2025-01-15T05:12:00.000Z,14149,4921,276,575,1888
T6389,2690,Testing!!!@@@###,android,2025-01-11T15:18:00.000Z,6952,2471,722,2223,920
T6396,1521,Great product!!! #AI,android,2025-01-22T07:15:00.000Z,10031,2306,565,539,343
T6398,7669,Null?? value??,web,2025-01-16T12:28:00.000Z,2702,1693,18,257,1389
T6404,1411,Null?? value??,web,2025-01-17T06:51:00.000Z,12862,1406,886,209,87
T6407,3413,Love this!!! 😊,api,2025-01-08T07:36:00.000Z,8106,2471,955,1475,1895
T6434,4820,Love this!!! 😊,web,2025-01-17T07:51:00.000Z,195,4161,115,902,1001
T6438,4466,Data pipeline broke @ midnight!!!,api,2025-01-20T05:04:00.000Z,13058,135,926,747,1692
T644,6838,Error###Detected,web,2025-01-12T16:01:34.000Z,10027,3099,699,437,1288
T6445,7667,Great product!!! #AI,web,2025-01-11T09:07:00.000Z,15363,1015,135,145,77
T6454,2869,Good & Bad mixed!!!,android,2025-01-19T11:10:00.000Z,18853,2471,506,880,1210
T6455,1797,Error###Detected,ios,2025-01-16T19:16:00.000Z,6326,1411,129,2970,664
T6468,4110,Great product!!! #AI,ios,2025-01-21T06:17:00.000Z,11558,1651,415,2852,1092
T6473,2343,Error###Detected,web,2025-01-14T17:13:00.000Z,18244,3073,817,198,512
T6489,4342,Good & Bad mixed!!!,android,2025-01-22T00:46:00.000Z,12958,2387,586,2001,150
T649,1943,Worst service ever :(,ios,2025-01-17T11:49:00.000Z,755,1005,768,2849,221
T650,5580,Streaming $$$ working,android,2025-01-12T16:01:34.000Z,19867,4318,25,1032,1867
T6504,8267,Spark > Hadoop ???,web,2025-01-01T17:50:00.000Z,6100,4305,500,1762,1018
T6508,7160,Spark > Hadoop ???,ios,2025-01-08T11:09:00.000Z,14638,947,346,2505,120
T6524,6916,Null?? value??,android,2025-01-19T21:59:00.000Z,9311,2059,360,2488,1166
T6541,3175,Spark > Hadoop ???,web,2025-01-16T10:09:00.000Z,18580,1138,424,387,1005
T6545,4880,Testing!!!@@@###,ios,2025-01-17T02:11:00.000Z,13244,417,560,1681,1775
T655,2251,Good & Bad mixed!!!,web,2025-01-08T04:17:00.000Z,2532,2471,168,1643,1956
T6551,7076,Worst service ever :(,ios,2025-01-22T14:06:00.000Z,1722,1538,468,2385,1889
T656,1277,Great product!!! #AI,ios,2025-01-22T16:17:00.000Z,11411,536,115,2762,530
T6590,1995,Worst service ever :(,ios,2025-01-13T16:27:00.000Z,10027,88,128,2868,272
T660,9264,Testing!!!@@@###,api,2025-01-19T17:02:00.000Z,16030,1283,975,1792,758
T6603,2841,Great product!!! #AI,api,2025-01-06T15:13:00.000Z,10818,1977,737,1365,696
T6606,8094,Love this!!! 😊,android,2025-01-12T17:21:00.000Z,17900,2541,139,74,600
T6611,3641,Streaming $$$ working,api,2025-01-18T06:43:00.000Z,7049,4458,10,2708,1704
T6617,9165,Null?? value??,android,2025-01-09T23:54:00.000Z,14142,4273,39,2112,775
T6621,2783,Testing!!!@@@###,android,2025-01-19T07:32:00.000Z,243,4795,62,2686,1001
T6624,4390,Worst service ever :(,unknown,2025-01-23T23:45:00.000Z,10964,2811,709,2585,1315
T6628,4218,Worst service ever :(,ios,2025-01-07T15:59:00.000Z,7323,3893,651,556,147
T6636,6111,Data pipeline broke @ midnight!!!,ios,2025-01-18T10:29:00.000Z,15374,4553,852,392,1043
T665,6434,Null?? value??,web,2025-01-12T18:52:00.000Z,18539,4547,750,540,1457
T6652,2711,Error###Detected,android,2025-01-22T13:33:00.000Z,1571,1832,831,1487,1265
T6655,1102,Null?? value??,android,2025-01-12T16:01:34.000Z,4432,2156,372,1933,427
T6668,7944,Streaming $$$ working,web,2025-01-14T10:52:00.000Z,291,3880,575,1801,1838
T6676,5691,Null?? value??,ios,2025-01-01T07:48:00.000Z,2495,3059,989,1197,826
T6680,5952,Great product!!! #AI,web,2025-01-13T20:49:00.000Z,6311,4091,837,1988,456
T6699,4556,Null?? value??,web,2025-01-12T12:55:00.000Z,3353,2880,579,374,140
T67,9838,Worst service ever :(,web,2025-01-08T01:07:00.000Z,10027,1515,841,2524,430
T6706,1072,Worst service ever :(,android,2025-01-12T16:01:34.000Z,16397,3549,128,2938,174
T6711,9804,Love this!!! 😊,ios,2025-01-12T16:01:34.000Z,3891,290,492,995,1274
T6723,9628,Love this!!! 😊,ios,2025-01-23T09:20:00.000Z,10027,3548,494,1376,1056
T6727,1397,Good & Bad mixed!!!,web,2025-01-05T02:03:00.000Z,17959,4400,726,1750,952
T6729,5109,Streaming $$$ working,web,2025-01-12T16:01:34.000Z,14013,4394,546,1925,514
T6734,3571,Error###Detected,android,2025-01-08T22:40:00.000Z,19550,3327,630,1677,1706
T6749,1466,Streaming $$$ working,web,2025-01-12T00:10:00.000Z,17544,3600,533,1267,1387
T6754,7310,Error###Detected,api,2025-01-12T16:01:34.000Z,11737,2279,492,1813,2000
T6756,1527,Testing!!!@@@###,android,2025-01-06T19:32:00.000Z,4896,2616,980,1943,1169
T6761,2345,Error###Detected,web,2025-01-19T20:25:00.000Z,1862,1867,492,2117,975
T6772,6572,Null?? value??,android,2025-01-10T16:29:00.000Z,18971,4107,492,2415,1662
T6774,4642,Testing!!!@@@###,android,2025-01-20T02:11:00.000Z,4170,282,83,1386,1379
T6782,8856,Spark > Hadoop ???,android,2025-01-22T09:01:00.000Z,15635,1685,780,2268,1515
T6786,2346,Good & Bad mixed!!!,web,2025-01-20T06:42:00.000Z,8092,1134,137,1635,112
T6788,2531,Spark > Hadoop ???,android,2025-01-12T07:14:00.000Z,4123,2510,155,134,1986
T6805,5582,Good & Bad mixed!!!,api,2025-01-05T22:21:00.000Z,10027,3590,964,1294,1909
T681,7895,Great product!!! #AI,web,2025-01-14T03:24:00.000Z,983,1570,204,1445,1172
T6812,1142,Null?? value??,ios,2025-01-14T12:20:00.000Z,5821,4829,288,875,614
T6833,3588,Good & Bad mixed!!!,web,2025-01-14T06:39:00.000Z,11099,1175,57,1216,1905
T6842,7379,Worst service ever :(,android,2025-01-21T16:22:00.000Z,6132,1760,693,2374,697
T6846,9083,Streaming $$$ working,ios,2025-01-20T13:18:00.000Z,118,4216,169,2147,655
T6852,6541,Error###Detected,web,2025-01-22T01:13:00.000Z,18250,1710,716,2361,468
T6861,8959,Null?? value??,unknown,2025-01-06T08:28:00.000Z,19502,452,519,364,1929
T6863,2608,Data pipeline broke @ midnight!!!,android,2025-01-12T01:36:00.000Z,5816,954,944,2288,1845
T6886,2996,Love this!!! 😊,android,2025-01-14T22:01:00.000Z,14989,4409,741,560,1295
T6892,2754,Good & Bad mixed!!!,api,2025-01-04T21:39:00.000Z,10027,1574,375,1963,1635
T6899,8170,Data pipeline broke @ midnight!!!,web,2025-01-05T05:51:00.000Z,19723,3675,706,1892,617
T690,5342,Data pipeline broke @ midnight!!!,unknown,2025-01-03T11:14:00.000Z,17695,3371,949,2589,812
T6907,4093,Spark > Hadoop ???,api,2025-01-19T23:00:00.000Z,8018,717,25,819,1342
T6911,4097,Worst service ever :(,api,2025-01-22T06:26:00.000Z,13689,1649,757,694,1110
T6914,3015,Spark > Hadoop ???,api,2025-01-08T12:37:00.000Z,6061,1914,55,2718,973
T6929,8837,Data pipeline broke @ midnight!!!,android,2025-01-15T14:44:00.000Z,18992,1689,419,619,454
T693,7000,Great product!!! #AI,api,2025-01-19T06:44:00.000Z,8701,1230,352,2693,808
T6932,5967,Great product!!! #AI,web,2025-01-21T14:43:00.000Z,15793,3545,521,2588,1285
T6934,4488,Spark > Hadoop ???,ios,2025-01-15T16:37:00.000Z,8902,2628,312,1663,1657
T6954,7478,Spark > Hadoop ???,ios,2025-01-03T03:34:00.000Z,1424,2198,986,663,1001
T6963,1598,Spark > Hadoop ???,api,2025-01-05T14:38:00.000Z,17542,3497,151,2966,405
T6967,9640,Streaming $$$ working,api,2025-01-14T08:28:00.000Z,6117,3915,557,561,744
T6972,6259,Spark > Hadoop ???,android,2025-01-18T05:19:00.000Z,9916,4174,894,1429,65
T6975,3830,Worst service ever :(,android,2025-01-11T19:23:00.000Z,814,694,904,2710,575
T6977,6029,Data pipeline broke @ midnight!!!,api,2025-01-06T17:21:00.000Z,9468,4140,684,2724,450
T6985,3887,Worst service ever :(,web,2025-01-08T19:22:00.000Z,12204,1322,10,1760,978
T6987,8432,Spark > Hadoop ???,api,2025-01-06T12:54:00.000Z,8328,3654,424,2726,1363
T6989,8474,Spark > Hadoop ???,ios,2025-01-09T19:09:00.000Z,2526,2471,161,1487,393
T7000,2593,Spark > Hadoop ???,unknown,2025-01-09T05:49:00.000Z,8256,1654,709,281,713
T7001,5156,Good & Bad mixed!!!,android,2025-01-03T22:46:00.000Z,3234,433,245,1242,47
T7022,5943,Null?? value??,web,2025-01-24T00:54:00.000Z,579,2471,547,1487,819
T7029,5603,Null?? value??,web,2025-01-07T08:52:00.000Z,8774,4855,781,1255,1347
T7039,1967,Error###Detected,api,2025-01-10T14:37:00.000Z,18749,529,847,68,630
T7048,3279,Love this!!! 😊,ios,2025-01-04T22:32:00.000Z,6090,1245,785,2526,724
T7058,5718,Great product!!! #AI,ios,2025-01-21T04:31:00.000Z,1865,3497,695,2678,1560
T7093,3694,Error###Detected,web,2025-01-01T22:03:00.000Z,2492,891,957,925,1624
T710,2923,Data pipeline broke @ midnight!!!,api,2025-01-04T03:25:00.000Z,7623,1093,135,639,1629
T7101,7290,Worst service ever :(,android,2025-01-21T18:03:00.000Z,10327,1924,14,383,54
T7119,8012,Null?? value??,ios,2025-01-23T14:13:00.000Z,19584,4420,849,1936,1001
T7121,7103,Error###Detected,web,2025-01-19T12:47:00.000Z,9556,1885,717,74,1879
T7125,2886,Data pipeline broke @ midnight!!!,api,2025-01-18T21:09:00.000Z,12324,44,181,1608,709
T7133,9791,Spark > Hadoop ???,ios,2025-01-12T16:01:34.000Z,1271,4076,243,2951,1865
T7142,2794,Data pipeline broke @ midnight!!!,web,2025-01-02T11:40:00.000Z,11345,3373,70,261,830
T7144,9091,Testing!!!@@@###,web,2025-01-02T02:59:00.000Z,18588,1900,46,1208,1404
T7155,4254,Spark > Hadoop ???,web,2025-01-20T01:16:00.000Z,8195,2471,691,1487,817
T7161,6379,Null?? value??,api,2025-01-08T07:05:00.000Z,7635,3449,89,670,1876
T7165,6306,Love this!!! 😊,android,2025-01-08T05:03:00.000Z,8609,3374,343,1341,1126
T7171,9232,Testing!!!@@@###,web,2025-01-03T01:50:00.000Z,4148,284,874,1487,298
T7173,5070,Good & Bad mixed!!!,ios,2025-01-22T11:04:00.000Z,6246,2511,6,1711,1985
T7185,9702,Streaming $$$ working,android,2025-01-01T18:42:00.000Z,13916,2651,16,2806,330
T7193,2407,Error###Detected,unknown,2025-01-02T04:46:00.000Z,3885,4482,117,1059,1701
T7199,9089,Testing!!!@@@###,android,2025-01-16T20:48:00.000Z,4490,4803,316,1487,1156
T7208,7170,Null?? value??,android,2025-01-23T02:47:00.000Z,16414,407,145,2621,858
T7216,1175,Error###Detected,android,2025-01-14T18:41:00.000Z,15238,752,544,503,785
T7225,2128,Data pipeline broke @ midnight!!!,web,2025-01-10T09:31:00.000Z,16398,1078,555,2989,1420
T7236,7244,Testing!!!@@@###,web,2025-01-07T19:42:00.000Z,19477,3664,822,1130,763
T724,4866,Null?? value??,api,2025-01-16T04:22:00.000Z,704,3623,682,605,1309
T7242,3598,Love this!!! 😊,android,2025-01-07T00:00:00.000Z,14358,4345,412,643,561
T7249,9046,Great product!!! #AI,api,2025-01-17T14:08:00.000Z,10976,2471,232,2369,1856
T7257,9132,Worst service ever :(,api,2025-01-11T21:58:00.000Z,15938,126,796,2716,187
T7265,4795,Spark > Hadoop ???,ios,2025-01-12T16:01:34.000Z,3882,4681,52,2316,683
T7280,6837,Spark > Hadoop ???,ios,2025-01-21T15:21:00.000Z,9451,109,428,2641,1396
T7290,9296,Null?? value??,unknown,2025-01-04T23:43:00.000Z,12725,1734,193,968,346
T7295,1740,Spark > Hadoop ???,api,2025-01-15T08:40:00.000Z,648,2414,717,2697,479
T7309,8335,Testing!!!@@@###,api,2025-01-21T01:18:00.000Z,6998,2952,829,2518,859
T7322,3071,Data pipeline broke @ midnight!!!,web,2025-01-12T16:01:34.000Z,10054,1956,863,213,1001
T7327,6908,Love this!!! 😊,android,2025-01-17T19:27:00.000Z,6756,3334,961,2618,424
T733,3926,Great product!!! #AI,api,2025-01-12T07:17:00.000Z,13834,4309,492,2329,1012
T7389,7409,Spark > Hadoop ???,api,2025-01-21T18:59:00.000Z,10027,4854,144,2595,635
T7399,7485,Error###Detected,android,2025-01-23T20:00:00.000Z,19507,3177,781,693,1176
T7410,7614,Testing!!!@@@###,web,2025-01-19T04:56:00.000Z,11793,4296,943,989,117
T7415,8006,Testing!!!@@@###,android,2025-01-05T22:01:00.000Z,11661,3839,382,1487,851
T7424,5235,Streaming $$$ working,android,2025-01-18T10:43:00.000Z,8818,4896,478,633,956
T744,9619,Worst service ever :(,api,2025-01-22T16:07:00.000Z,9786,786,318,2016,641
T7467,7030,Spark > Hadoop ???,ios,2025-01-14T11:37:00.000Z,16086,3803,425,648,476
T7480,5861,Worst service ever :(,api,2025-01-19T22:55:00.000Z,11046,2988,780,1878,1100
T7489,4443,Data pipeline broke @ midnight!!!,android,2025-01-01T03:49:00.000Z,10246,4737,445,2658,620
T7493,8166,Great product!!! #AI,ios,2025-01-07T00:38:00.000Z,12245,1523,384,201,1953
T7505,7624,Spark > Hadoop ???,android,2025-01-07T09:37:00.000Z,4937,2471,659,1162,1370
T7528,8621,Spark > Hadoop ???,ios,2025-01-04T05:37:00.000Z,589,305,115,828,1347
T7545,4849,Null?? value??,api,2025-01-20T11:22:00.000Z,12608,798,364,2303,31
T7560,8813,Streaming $$$ working,api,2025-01-19T20:43:00.000Z,2328,2471,335,1661,971
T7564,9366,Worst service ever :(,ios,2025-01-06T09:05:00.000Z,5100,2968,440,1234,1570
T7568,6636,Null?? value??,ios,2025-01-21T01:22:00.000Z,15139,736,492,2842,1921
T7577,7205,Data pipeline broke @ midnight!!!,android,2025-01-08T13:12:00.000Z,11667,1037,279,1318,296
T7582,4403,Great product!!! #AI,web,2025-01-02T16:17:00.000Z,6880,4363,421,2159,332
T7590,3682,Spark > Hadoop ???,ios,2025-01-22T14:31:00.000Z,9999,2985,685,1864,1632
T7597,2356,Testing!!!@@@###,android,2025-01-03T23:20:00.000Z,5210,3189,276,752,1001
T7626,1204,Testing!!!@@@###,api,2025-01-12T09:59:00.000Z,10027,587,546,2176,534
T7631,4831,Data pipeline broke @ midnight!!!,ios,2025-01-13T16:23:00.000Z,5678,102,605,2402,1536
T7641,1091,Null?? value??,api,2025-01-14T05:58:00.000Z,6612,823,816,1606,667
T7645,5374,Spark > Hadoop ???,web,2025-01-10T00:49:00.000Z,19865,205,511,1884,1908
T7649,8694,Spark > Hadoop ???,api,2025-01-12T16:01:34.000Z,19090,4460,492,355,1585
T767,9040,Null?? value??,web,2025-01-12T13:05:00.000Z,8861,489,346,2741,705
T7716,4264,Null?? value??,unknown,2025-01-17T09:15:00.000Z,17967,1689,367,29,397
T7732,5591,Good & Bad mixed!!!,ios,2025-01-22T12:31:00.000Z,14899,239,762,1990,1675
T7739,6412,Worst service ever :(,unknown,2025-01-04T03:23:00.000Z,8731,2168,267,1146,246
T7756,3356,Data pipeline broke @ midnight!!!,web,2025-01-04T23:52:00.000Z,8873,1126,110,173,1384
T7779,9291,Testing!!!@@@###,api,2025-01-17T07:05:00.000Z,4125,2132,728,1142,1001
T7780,3583,Streaming $$$ working,web,2025-01-05T02:44:00.000Z,4115,3264,29,2224,1001
T7791,4073,Testing!!!@@@###,unknown,2025-01-20T05:17:00.000Z,7490,4563,518,943,24
T780,3915,Null?? value??,android,2025-01-18T18:55:00.000Z,12892,515,492,2393,714
T7806,6071,Good & Bad mixed!!!,android,2025-01-02T04:16:00.000Z,14184,1421,597,18,364
T7810,2869,Worst service ever :(,api,2025-01-18T02:14:00.000Z,3102,4343,96,2249,13
T7814,4680,Love this!!! 😊,api,2025-01-21T21:38:00.000Z,8741,2742,513,1995,1019
T7819,9403,Love this!!! 😊,web,2025-01-17T14:38:00.000Z,6634,3988,813,999,533
T7825,4391,Error###Detected,ios,2025-01-16T16:07:00.000Z,7524,1643,557,907,1546
T7838,1529,Streaming $$$ working,web,2025-01-19T01:11:00.000Z,372,606,677,1487,1074
T7844,1434,Testing!!!@@@###,web,2025-01-19T13:33:00.000Z,16269,1976,126,2993,1705
T7869,3603,Love this!!! 😊,web,2025-01-16T04:52:00.000Z,8908,730,492,824,1693
T7873,9809,Worst service ever :(,web,2025-01-05T21:47:00.000Z,10027,4333,930,2613,1942
T7874,7348,Spark > Hadoop ???,api,2025-01-19T14:41:00.000Z,14187,4497,396,468,130
T7881,7373,Worst service ever :(,android,2025-01-06T16:29:00.000Z,19772,836,751,2947,534
T7885,7984,Love this!!! 😊,web,2025-01-17T06:56:00.000Z,5335,2013,225,2650,1189
T7897,5099,Testing!!!@@@###,web,2025-01-23T11:36:00.000Z,8626,3116,889,364,1524
T7922,1254,Streaming $$$ working,ios,2025-01-12T16:01:34.000Z,7560,3305,59,909,246
T7924,1085,Streaming $$$ working,api,2025-01-01T19:39:00.000Z,10935,3560,506,1727,294
T7933,7492,Testing!!!@@@###,android,2025-01-01T21:53:00.000Z,2629,2890,535,1089,1656
T7946,5527,Null?? value??,api,2025-01-12T16:01:34.000Z,15710,95,915,1837,1720
T795,6499,Streaming $$$ working,android,2025-01-19T06:30:00.000Z,9131,4380,661,1487,1001
T7991,2727,Worst service ever :(,api,2025-01-18T00:48:00.000Z,17523,3030,335,2474,1986
T80,8747,Great product!!! #AI,ios,2025-01-10T06:50:00.000Z,19522,1900,206,2908,135
T8000,1387,Spark > Hadoop ???,ios,2025-01-17T21:22:00.000Z,17980,108,376,2073,105
T8009,6924,Love this!!! 😊,api,2025-01-04T03:23:00.000Z,2612,4512,492,2471,840
T8020,4212,Null?? value??,ios,2025-01-03T19:02:00.000Z,5559,4713,786,75,1755
T8021,8943,Spark > Hadoop ???,android,2025-01-10T11:26:00.000Z,16792,75,75,2113,715
T8023,1713,Data pipeline broke @ midnight!!!,android,2025-01-15T13:43:00.000Z,16192,3815,224,501,412
T803,2792,Worst service ever :(,ios,2025-01-08T01:23:00.000Z,14971,4921,802,1043,1813
T8046,9066,Data pipeline broke @ midnight!!!,web,2025-01-20T21:09:00.000Z,16203,3155,290,1037,152
T8060,6949,Spark > Hadoop ???,android,2025-01-16T12:52:00.000Z,17461,2471,494,1525,1629
T8082,7693,Worst service ever :(,android,2025-01-19T08:50:00.000Z,14639,4635,958,705,22
T8090,9994,Spark > Hadoop ???,android,2025-01-02T08:40:00.000Z,16156,4985,656,1070,1001
T8093,6324,Spark > Hadoop ???,unknown,2025-01-07T00:06:00.000Z,18374,2471,257,1487,1001
T8098,6369,Spark > Hadoop ???,ios,2025-01-16T08:39:00.000Z,10674,1157,322,1967,1001
T8100,1495,Spark > Hadoop ???,web,2025-01-15T01:14:00.000Z,6379,4590,688,2348,796
T8102,9522,Spark > Hadoop ???,ios,2025-01-12T06:05:00.000Z,13541,409,808,2760,613
T8105,2373,Good & Bad mixed!!!,api,2025-01-12T21:55:00.000Z,12059,2992,195,1627,1897
T811,9082,Great product!!! #AI,android,2025-01-12T16:01:34.000Z,5707,1939,329,1569,1510
T8128,8535,Good & Bad mixed!!!,unknown,2025-01-22T07:46:00.000Z,11229,1667,907,2495,92
T8130,5329,Error###Detected,android,2025-01-01T06:11:00.000Z,9756,3157,662,1416,1001
T815,1607,Worst service ever :(,web,2025-01-22T19:32:00.000Z,13623,3603,635,1270,1141
T8153,2783,Love this!!! 😊,web,2025-01-23T16:29:00.000Z,5303,4505,465,599,238
T8157,9133,Good & Bad mixed!!!,ios,2025-01-02T22:24:00.000Z,7166,145,862,2032,345
T8159,5295,Streaming $$$ working,ios,2025-01-02T03:50:00.000Z,19564,4715,211,1313,209
T8162,1682,Love this!!! 😊,android,2025-01-14T15:46:00.000Z,80,517,186,1262,388
T8163,7647,Streaming $$$ working,android,2025-01-19T03:27:00.000Z,11131,213,116,620,152
T8188,8667,Great product!!! #AI,ios,2025-01-02T16:31:00.000Z,7501,4653,16,667,638
T8196,9963,Testing!!!@@@###,android,2025-01-08T15:00:00.000Z,19926,4880,492,2915,1059
T8233,5553,Error###Detected,ios,2025-01-22T05:16:00.000Z,3284,2471,176,1568,1001
T8242,7335,Error###Detected,ios,2025-01-09T13:53:00.000Z,11154,2047,624,2059,413
T8243,1340,Data pipeline broke @ midnight!!!,api,2025-01-23T22:10:00.000Z,14407,4095,782,1993,302
T8252,5862,Streaming $$$ working,android,2025-01-10T00:26:00.000Z,2335,4426,374,2348,869
T8255,7887,Worst service ever :(,ios,2025-01-10T10:33:00.000Z,18382,4052,973,555,790
T829,6747,Good & Bad mixed!!!,api,2025-01-10T20:19:00.000Z,5278,2718,81,2297,1096
T831,9009,Streaming $$$ working,ios,2025-01-05T06:18:00.000Z,8779,3826,502,2569,926
T8316,1130,Error###Detected,android,2025-01-04T01:12:00.000Z,1304,1979,492,2867,1989
T8321,9257,Good & Bad mixed!!!,web,2025-01-19T03:55:00.000Z,2345,2791,64,627,645
T8326,2770,Great product!!! #AI,api,2025-01-08T02:22:00.000Z,5218,3618,83,817,794
T8333,2688,Spark > Hadoop ???,ios,2025-01-01T15:30:00.000Z,6103,2696,339,767,1984
T8335,6639,Worst service ever :(,android,2025-01-12T22:01:00.000Z,706,1130,363,1991,1337
T8337,5279,Data pipeline broke @ midnight!!!,api,2025-01-06T02:44:00.000Z,3563,1834,868,1488,983
T8342,9701,Great product!!! #AI,android,2025-01-12T16:01:34.000Z,17468,4781,701,218,985
T835,8902,Null?? value??,ios,2025-01-21T21:15:00.000Z,12344,4100,158,932,263
T8359,4725,Streaming $$$ working,ios,2025-01-21T23:48:00.000Z,12482,4387,651,217,35
T8368,9797,Streaming $$$ working,android,2025-01-12T17:45:00.000Z,178,2665,465,1489,686
T8370,6098,Spark > Hadoop ???,android,2025-01-17T11:35:00.000Z,6944,2651,46,1487,1814
T8396,9258,Error###Detected,web,2025-01-01T14:33:00.000Z,13803,4506,786,1488,284
T8405,4177,Streaming $$$ working,web,2025-01-09T07:33:00.000Z,2940,3686,810,703,613
T8411,3020,Null?? value??,api,2025-01-02T10:34:00.000Z,14378,2409,712,1872,1831
T8413,9392,Error###Detected,ios,2025-01-14T06:09:00.000Z,13057,597,335,1847,537
T8419,7022,Great product!!! #AI,api,2025-01-20T04:56:00.000Z,7757,4021,369,1815,1482
T8445,8601,Error###Detected,unknown,2025-01-10T16:14:00.000Z,3174,3469,740,2478,174
T8457,6943,Spark > Hadoop ???,web,2025-01-11T05:54:00.000Z,11864,3021,598,1523,115
T8461,5211,Worst service ever :(,android,2025-01-06T11:55:00.000Z,10027,895,232,509,1642
T8463,1262,Streaming $$$ working,web,2025-01-01T07:21:00.000Z,4091,4767,127,2025,627
T8489,9313,Testing!!!@@@###,ios,2025-01-13T10:22:00.000Z,7413,699,789,461,340
T8490,2435,Worst service ever :(,api,2025-01-06T15:37:00.000Z,2772,3950,210,1487,1220
T8491,8669,Testing!!!@@@###,android,2025-01-20T15:27:00.000Z,11907,2923,620,2570,1997
T8501,2963,Testing!!!@@@###,android,2025-01-09T04:53:00.000Z,6732,2247,478,591,389
T8514,9927,Love this!!! 😊,android,2025-01-17T20:55:00.000Z,4764,1463,864,362,1134
T8519,5110,Null?? value??,api,2025-01-15T19:27:00.000Z,9974,527,506,1199,1074
T8530,5125,Data pipeline broke @ midnight!!!,api,2025-01-17T05:01:00.000Z,11275,3316,203,1950,1454
T8536,6252,Streaming $$$ working,web,2025-01-07T00:56:00.000Z,19095,1853,492,1886,1057
T8550,2388,Love this!!! 😊,ios,2025-01-20T12:51:00.000Z,18714,233,469,422,710
T8553,8567,Testing!!!@@@###,ios,2025-01-01T09:24:00.000Z,18815,3126,862,1032,963
T8572,1528,Spark > Hadoop ???,ios,2025-01-08T07:29:00.000Z,7944,449,634,1487,1362
T8605,2278,Testing!!!@@@###,android,2025-01-19T07:06:00.000Z,14553,3787,434,2339,1504
T8610,2054,Great product!!! #AI,android,2025-01-11T01:11:00.000Z,9246,2335,732,299,1325
T862,3054,Worst service ever :(,unknown,2025-01-02T10:02:00.000Z,2151,480,368,1539,703
T863,7170,Error###Detected,ios,2025-01-04T08:38:00.000Z,9625,4992,457,2177,100
T8644,4265,Love this!!! 😊,android,2025-01-08T04:04:00.000Z,15752,530,138,199,291
T8645,2601,Spark > Hadoop ???,api,2025-01-16T06:06:00.000Z,18136,3669,777,860,971
T8646,3601,Great product!!! #AI,web,2025-01-12T12:45:00.000Z,10600,4767,193,1749,1281
T8660,6795,Good & Bad mixed!!!,web,2025-01-12T16:01:34.000Z,3110,4928,307,483,902
T8690,2372,Good & Bad mixed!!!,ios,2025-01-08T05:43:00.000Z,12355,4346,687,1487,218
T8701,9605,Testing!!!@@@###,android,2025-01-19T13:51:00.000Z,3565,1971,305,491,1482
T8709,3521,Great product!!! #AI,web,2025-01-12T16:01:34.000Z,13941,1303,828,1059,524
T8718,5283,Null?? value??,api,2025-01-21T21:40:00.000Z,19404,3550,805,290,832
T8721,4533,Great product!!! #AI,api,2025-01-12T09:14:00.000Z,4491,1582,925,871,1139
T8732,1758,Null?? value??,web,2025-01-22T11:40:00.000Z,10888,4657,128,499,606
T8744,4976,Great product!!! #AI,web,2025-01-22T19:49:00.000Z,2669,1088,927,157,488
T8755,1558,Love this!!! 😊,unknown,2025-01-14T10:57:00.000Z,4992,3763,522,15,809
T8776,8056,Data pipeline broke @ midnight!!!,web,2025-01-23T09:27:00.000Z,927,635,225,449,1769
T8805,9810,Null?? value??,web,2025-01-06T07:38:00.000Z,4663,4518,826,1888,553
T8813,7867,Streaming $$$ working,android,2025-01-18T01:14:00.000Z,15161,4104,702,828,768
T8817,9661,Testing!!!@@@###,api,2025-01-17T13:10:00.000Z,12422,1152,101,2358,1395
T8821,9418,Data pipeline broke @ midnight!!!,web,2025-01-13T22:32:00.000Z,3159,4243,492,2960,1883
T884,9419,Testing!!!@@@###,ios,2025-01-06T12:57:00.000Z,1295,956,733,2072,1468
T8841,7526,Good & Bad mixed!!!,api,2025-01-02T04:38:00.000Z,10027,3886,619,579,1966
T8850,7961,Spark > Hadoop ???,ios,2025-01-19T02:20:00.000Z,14950,2471,968,1396,293
T8852,5025,Spark > Hadoop ???,ios,2025-01-18T08:58:00.000Z,1723,4662,93,1472,1008
T8858,9635,Love this!!! 😊,api,2025-01-09T06:35:00.000Z,2918,1065,172,2922,370
T8875,4686,Error###Detected,ios,2025-01-11T21:27:00.000Z,3514,636,93,1860,462
T8880,8575,Good & Bad mixed!!!,web,2025-01-11T17:45:00.000Z,5575,3830,994,2897,226
T8884,4092,Testing!!!@@@###,ios,2025-01-16T02:15:00.000Z,18084,1816,855,360,37
T8885,3259,Testing!!!@@@###,ios,2025-01-02T23:37:00.000Z,1027,4249,453,315,990
T8887,1719,Data pipeline broke @ midnight!!!,api,2025-01-18T15:01:00.000Z,9504,3509,461,0,290
T8901,3589,Great product!!! #AI,web,2025-01-12T16:01:34.000Z,18710,1491,290,346,1275
T8919,8868,Streaming $$$ working,android,2025-01-16T07:57:00.000Z,2536,1564,70,166,1797
T892,6295,Great product!!! #AI,android,2025-01-12T16:01:34.000Z,12947,2471,979,2170,977
T8925,4057,Data pipeline broke @ midnight!!!,ios,2025-01-07T22:33:00.000Z,14509,2676,213,1487,687
T8927,5233,Great product!!! #AI,api,2025-01-12T04:49:00.000Z,17928,3048,918,2621,826
T893,2430,Worst service ever :(,web,2025-01-10T05:52:00.000Z,2936,2471,227,768,1001
T8939,8981,Love this!!! 😊,api,2025-01-20T20:42:00.000Z,10027,4097,371,1186,1405
T8940,6812,Good & Bad mixed!!!,ios,2025-01-15T10:32:00.000Z,13425,1103,545,1677,93
T8942,2995,Error###Detected,api,2025-01-08T17:39:00.000Z,3170,245,821,2353,1469
T8961,2029,Love this!!! 😊,api,2025-01-08T15:11:00.000Z,18847,2471,586,1467,120
T8967,3251,Great product!!! #AI,ios,2025-01-17T06:53:00.000Z,12265,135,492,1487,629
T8980,1661,Null?? value??,ios,2025-01-23T01:14:00.000Z,11558,1531,285,117,825
T8997,9555,Spark > Hadoop ???,api,2025-01-10T12:42:00.000Z,4048,4927,401,1345,1847
T9003,9271,Streaming $$$ working,android,2025-01-17T11:38:00.000Z,19169,1137,183,1214,1090
T9004,7496,Data pipeline broke @ midnight!!!,api,2025-01-04T16:06:00.000Z,17973,176,280,1419,475
T9015,6490,Love this!!! 😊,web,2025-01-21T22:17:00.000Z,11592,3578,625,1043,164
T9033,7783,Streaming $$$ working,web,2025-01-14T05:21:00.000Z,18673,736,152,2975,823
T905,4849,Null?? value??,api,2025-01-09T03:31:00.000Z,9390,2364,805,2979,1095
T9074,9958,Streaming $$$ working,ios,2025-01-16T15:54:00.000Z,1525,4936,913,2229,1540
T910,1595,Spark > Hadoop ???,android,2025-01-11T11:27:00.000Z,10027,2471,162,2004,1439
T9112,5588,Good & Bad mixed!!!,web,2025-01-02T06:05:00.000Z,556,1405,254,2114,627
T9125,3657,Great product!!! #AI,ios,2025-01-14T18:54:00.000Z,429,3822,307,2070,1681
T9126,2410,Error###Detected,api,2025-01-16T10:24:00.000Z,13340,2915,432,1472,1043
T9131,3139,Spark > Hadoop ???,ios,2025-01-10T21:25:00.000Z,16164,1323,911,1550,1480
T9138,3333,Worst service ever :(,web,2025-01-02T21:03:00.000Z,7071,1045,264,1873,1407
T9169,3887,Good & Bad mixed!!!,web,2025-01-22T13:26:00.000Z,18798,3559,982,1597,1665
T917,9348,Streaming $$$ working,android,2025-01-02T13:09:00.000Z,8485,1520,179,796,706
T918,6778,Error###Detected,ios,2025-01-12T16:01:34.000Z,3508,216,784,2846,172
T9188,2222,Testing!!!@@@###,ios,2025-01-07T18:23:00.000Z,11465,1186,604,1296,1974
T9190,3838,Streaming $$$ working,ios,2025-01-07T15:37:00.000Z,15007,3155,853,1695,1001
T9200,5948,Spark > Hadoop ???,ios,2025-01-19T14:10:00.000Z,18243,4693,16,798,1074
T9203,3701,Spark > Hadoop ???,ios,2025-01-04T16:26:00.000Z,14014,2611,667,90,25
T9218,3289,Testing!!!@@@###,ios,2025-01-06T12:33:00.000Z,16304,2477,755,716,1370
T9224,6039,Great product!!! #AI,unknown,2025-01-17T14:05:00.000Z,4136,90,220,2796,450
T9226,5670,Testing!!!@@@###,android,2025-01-11T11:31:00.000Z,9725,3217,973,2439,1293
T9227,2066,Testing!!!@@@###,api,2025-01-15T11:26:00.000Z,2869,4430,452,960,906
T9236,1150,Great product!!! #AI,ios,2025-01-08T14:03:00.000Z,9146,2180,596,882,1084
T9237,8992,Testing!!!@@@###,api,2025-01-11T23:54:00.000Z,2016,1020,410,721,242
T9241,5149,Great product!!! #AI,android,2025-01-18T15:14:00.000Z,12029,2896,320,856,1823
T9248,5604,Love this!!! 😊,ios,2025-01-03T22:16:00.000Z,10027,2900,37,478,1542
T9254,7199,Data pipeline broke @ midnight!!!,api,2025-01-09T03:13:00.000Z,11878,2181,239,2837,1592
T9284,3562,Spark > Hadoop ???,android,2025-01-11T12:22:00.000Z,11379,2837,985,1487,141
T9286,5507,Testing!!!@@@###,web,2025-01-18T22:21:00.000Z,1660,1604,540,2700,383
T9291,6739,Data pipeline broke @ midnight!!!,api,2025-01-17T20:14:00.000Z,14637,1628,764,72,1653
T9305,5680,Great product!!! #AI,android,2025-01-02T10:18:00.000Z,7766,2300,243,1487,303
T9306,7055,Worst service ever :(,android,2025-01-15T20:33:00.000Z,18105,598,749,2308,1001
T9310,9973,Spark > Hadoop ???,android,2025-01-07T22:09:00.000Z,468,1785,842,30,687
T9348,7826,Null?? value??,ios,2025-01-05T03:06:00.000Z,10027,3998,463,286,119
T9350,3483,Data pipeline broke @ midnight!!!,api,2025-01-18T06:39:00.000Z,15123,1620,195,2808,1001
T9362,5871,Love this!!! 😊,web,2025-01-20T03:41:00.000Z,14019,1731,718,749,1974
T9367,1879,Spark > Hadoop ???,unknown,2025-01-12T05:27:00.000Z,2909,3841,895,2090,182
T9380,6050,Streaming $$$ working,web,2025-01-21T01:27:00.000Z,13848,805,870,960,1893
T9391,6447,Null?? value??,web,2025-01-23T06:49:00.000Z,18141,4922,806,419,1776
T9400,2616,Spark > Hadoop ???,android,2025-01-10T10:52:00.000Z,15795,4275,300,853,1157
T9401,7303,Good & Bad mixed!!!,ios,2025-01-04T09:03:00.000Z,12599,4368,847,452,261
T9402,2495,Testing!!!@@@###,api,2025-01-12T16:01:34.000Z,15353,3110,317,412,1764
T9417,6364,Data pipeline broke @ midnight!!!,api,2025-01-12T16:01:34.000Z,18275,3837,572,42,36
T942,7217,Data pipeline broke @ midnight!!!,android,2025-01-23T07:45:00.000Z,5789,577,582,1770,1001
T9426,2647,Worst service ever :(,ios,2025-01-12T07:06:00.000Z,14011,4795,435,1487,1441
T9431,1589,Spark > Hadoop ???,web,2025-01-18T22:36:00.000Z,12217,2351,908,2435,759
T9447,9758,Love this!!! 😊,android,2025-01-06T05:08:00.000Z,13722,1806,182,2805,1038
T9451,2392,Spark > Hadoop ???,web,2025-01-17T04:34:00.000Z,19821,1402,464,1313,263
T9454,9424,Streaming $$$ working,web,2025-01-20T15:48:00.000Z,5574,4082,141,1981,494
T9460,8398,Spark > Hadoop ???,ios,2025-01-06T03:33:00.000Z,10027,2670,263,1463,1817
T9465,5142,Love this!!! 😊,android,2025-01-12T18:51:00.000Z,11083,2471,947,321,1663
T9487,4102,Spark > Hadoop ???,api,2025-01-21T07:23:00.000Z,19159,1962,74,2760,300
T9495,3253,Great product!!! #AI,ios,2025-01-02T19:34:00.000Z,9185,3624,41,654,301
T9501,4864,Streaming $$$ working,api,2025-01-03T06:59:00.000Z,12954,1000,985,2054,17
T9508,2495,Worst service ever :(,web,2025-01-02T03:36:00.000Z,194,2454,751,2506,1376
T9517,3689,Error###Detected,ios,2025-01-12T16:01:34.000Z,13107,3868,479,2356,843
T9519,2406,Error###Detected,web,2025-01-17T05:22:00.000Z,10027,4595,131,1639,1648
T9521,2059,Spark > Hadoop ???,android,2025-01-07T03:06:00.000Z,12507,1245,74,496,1659
T9526,5547,Great product!!! #AI,ios,2025-01-06T17:07:00.000Z,10027,2471,591,476,431
T9532,7793,Great product!!! #AI,android,2025-01-02T15:38:00.000Z,17882,4140,596,1188,102
T9535,8341,Spark > Hadoop ???,api,2025-01-13T21:40:00.000Z,1886,1610,636,1283,975
T9551,5548,Null?? value??,api,2025-01-01T05:15:00.000Z,11130,3689,492,398,1757
T9570,8825,Data pipeline broke @ midnight!!!,api,2025-01-16T13:34:00.000Z,18233,4623,329,2172,765
T9590,2909,Good & Bad mixed!!!,android,2025-01-10T03:14:00.000Z,13646,2592,704,1751,1001
T9598,4550,Data pipeline broke @ midnight!!!,ios,2025-01-17T23:58:00.000Z,9080,772,0,1487,1987
T960,2012,Good & Bad mixed!!!,web,2025-01-11T16:07:00.000Z,16600,2044,76,1212,1502
T9602,5848,Good & Bad mixed!!!,ios,2025-01-02T05:44:00.000Z,10768,2103,686,644,1630
T9621,9618,Streaming $$$ working,api,2025-01-12T07:48:00.000Z,17458,4060,121,1448,1727
T9628,4847,Good & Bad mixed!!!,android,2025-01-06T23:55:00.000Z,4464,1201,790,2681,682
T963,4518,Spark > Hadoop ???,web,2025-01-23T16:54:00.000Z,19182,1595,590,2695,1488
T964,8892,Worst service ever :(,android,2025-01-14T09:48:00.000Z,11531,2784,527,1957,1119
T9645,1776,Good & Bad mixed!!!,api,2025-01-07T03:02:00.000Z,10296,145,349,1430,1016
T9651,1187,Null?? value??,ios,2025-01-08T03:49:00.000Z,15099,2525,837,2225,513
T9656,8471,Love this!!! 😊,unknown,2025-01-23T09:07:00.000Z,16695,2471,911,2033,1001
T9669,1867,Data pipeline broke @ midnight!!!,android,2025-01-09T23:16:00.000Z,1409,3175,574,2758,394
T967,5618,Great product!!! #AI,web,2025-01-07T01:16:00.000Z,13677,3809,975,1487,1731
T9671,2632,Streaming $$$ working,api,2025-01-16T04:04:00.000Z,17244,2636,838,1744,976
T9699,2720,Streaming $$$ working,web,2025-01-03T06:58:00.000Z,7637,3265,650,565,1536
T9717,2036,Good & Bad mixed!!!,api,2025-01-10T02:35:00.000Z,9804,3715,228,644,1001
T9728,6956,Good & Bad mixed!!!,web,2025-01-21T17:23:00.000Z,18757,1087,570,1166,111
T9737,7243,Love this!!! 😊,web,2025-01-03T01:42:00.000Z,440,2818,559,2567,109
T9741,2170,Data pipeline broke @ midnight!!!,api,2025-01-13T23:38:00.000Z,19031,2471,339,2682,270
T975,8581,Error###Detected,ios,2025-01-10T08:24:00.000Z,6157,1108,369,2923,805
T9750,3767,Spark > Hadoop ???,web,2025-01-13T02:08:00.000Z,8658,1823,968,1353,470
T9756,5481,Worst service ever :(,ios,2025-01-12T16:01:34.000Z,17806,3319,634,1487,456
T9767,1141,Spark > Hadoop ???,android,2025-01-18T05:26:00.000Z,10027,2648,358,2523,183
T9793,7684,Testing!!!@@@###,android,2025-01-17T00:48:00.000Z,12541,2412,194,471,1809
T9794,7462,Love this!!! 😊,web,2025-01-06T06:20:00.000Z,18165,4351,653,881,831
T9796,2716,Great product!!! #AI,web,2025-01-23T08:07:00.000Z,13148,2365,349,2959,418
T9820,2211,Worst service ever :(,android,2025-01-13T08:08:00.000Z,19336,3141,763,2088,79
T9828,4714,Worst service ever :(,api,2025-01-07T20:43:00.000Z,14070,1076,820,1308,1344
T9841,3641,Good & Bad mixed!!!,api,2025-01-19T06:46:00.000Z,17261,4272,683,1323,119
T9842,5806,Worst service ever :(,api,2025-01-23T13:54:00.000Z,5340,1196,230,1696,1179
T9847,1572,Spark > Hadoop ???,android,2025-01-12T21:19:00.000Z,16847,128,502,505,671
T9862,2701,Streaming $$$ working,api,2025-01-09T13:42:00.000Z,10027,648,472,2930,1718
T9866,1964,Error###Detected,api,2025-01-16T19:57:00.000Z,10511,1683,397,503,692
T9884,6559,Testing!!!@@@###,web,2025-01-07T10:45:00.000Z,9143,2884,57,947,1001
T9892,5099,Testing!!!@@@###,web,2025-01-06T15:57:00.000Z,7874,1925,919,1739,831
T9893,2284,Great product!!! #AI,unknown,2025-01-02T13:08:00.000Z,6657,2318,676,1374,1349
T9899,4164,Spark > Hadoop ???,web,2025-01-03T12:23:00.000Z,13976,28,561,374,416
T9902,4326,Streaming $$$ working,web,2025-01-03T16:58:00.000Z,389,4235,832,533,470
T9905,1140,Data pipeline broke @ midnight!!!,api,2025-01-22T21:37:00.000Z,12881,3975,90,2100,1389
T9908,2956,Great product!!! #AI,android,2025-01-13T19:48:00.000Z,16181,2061,418,1956,884
T9918,3632,Testing!!!@@@###,web,2025-01-22T07:04:00.000Z,14836,471,298,1168,785
T9919,3644,Data pipeline broke @ midnight!!!,android,2025-01-08T02:47:00.000Z,1320,3659,340,258,979
T9924,7671,Worst service ever :(,android,2025-01-15T18:19:00.000Z,18601,3661,65,2452,1712
T9926,6566,Spark > Hadoop ???,ios,2025-01-02T17:40:00.000Z,7067,1372,474,1784,1957
T9947,4285,Worst service ever :(,api,2025-01-02T11:36:00.000Z,11892,1565,944,270,564
T9957,7516,Great product!!! #AI,ios,2025-01-20T11:20:00.000Z,232,3546,30,643,1760
T997,6339,Worst service ever :(,android,2025-01-08T19:57:00.000Z,16546,4936,492,803,1052
T9981,3834,Data pipeline broke @ midnight!!!,android,2025-01-07T21:06:00.000Z,6225,4187,601,1134,172
T9987,4814,Data pipeline broke @ midnight!!!,android,2025-01-03T11:23:00.000Z,72,183,608,280,1778
T9992,8799,Testing!!!@@@###,web,2025-01-03T22:36:00.000Z,6636,3520,717,2566,938
